scope,reference,participant,delta
all,previous_late_geometric,P12,0.021533305404273173
all,previous_late_geometric,P13,-0.024299161039492423
all,previous_late_geometric,P18,-0.02547770700636942
all,previous_late_geometric,P19,0.03557389937106925
all,previous_late_geometric,P2,0.00459320437586036
all,previous_late_geometric,P20,-0.015916554709658137
all,previous_late_geometric,P21,-0.01981981981981984
all,previous_late_geometric,P22,-0.023457453958865393
all,previous_late_geometric,P24,-0.1348075458170901
all,previous_late_geometric,P26,-0.030476190476190324
all,previous_late_geometric,P27,-0.004049713727133142
all,previous_late_geometric,P3,-0.010351966873706042
all,previous_late_geometric,P30,0.015320711300610801
all,previous_late_geometric,P33,0.05429423231280811
all,previous_late_geometric,P34,-0.1322537710736469
all,previous_late_geometric,P35,-0.025925925925925963
all,previous_late_geometric,P36,0.008051978187724795
all,previous_late_geometric,P4,0.010893246187363814
all,previous_late_geometric,P40,-0.0041278497311217355
all,previous_late_geometric,P43,-0.037625861155272944
all,previous_late_geometric,P44,-0.054864989291218746
all,previous_late_geometric,P46,0.01913265306122458
all,previous_late_geometric,P48,0.04568527918781723
all,previous_late_geometric,P8,0.0428951165793271
all,previous_late_geometric,P9,0.027875243664717386
all,previous_fixed_logistic,P12,0.08441558441558444
all,previous_fixed_logistic,P13,0.008665848168610712
all,previous_fixed_logistic,P18,-0.046709129511677216
all,previous_fixed_logistic,P19,0.03151205450733752
all,previous_fixed_logistic,P2,0.03730348474969214
all,previous_fixed_logistic,P20,-0.03613723441309652
all,previous_fixed_logistic,P21,-0.06659885692143758
all,previous_fixed_logistic,P22,0.03823318546399612
all,previous_fixed_logistic,P24,-0.038300398799121727
all,previous_fixed_logistic,P26,0.01904761904761909
all,previous_fixed_logistic,P27,0.05636084345761766
all,previous_fixed_logistic,P3,0.035196687370600444
all,previous_fixed_logistic,P30,-0.028340354973520776
all,previous_fixed_logistic,P33,0.09490884072927414
all,previous_fixed_logistic,P34,-0.1672582076308785
all,previous_fixed_logistic,P35,-0.07222222222222219
all,previous_fixed_logistic,P36,-0.0332405151409676
all,previous_fixed_logistic,P4,-0.0501089324618737
all,previous_fixed_logistic,P40,-0.03884218233229825
all,previous_fixed_logistic,P43,0.0029826206296794666
all,previous_fixed_logistic,P44,0.0038331431774054625
all,previous_fixed_logistic,P46,0.03443877551020408
all,previous_fixed_logistic,P48,0.035532994923857864
all,previous_fixed_logistic,P8,-0.011187058555479579
all,previous_fixed_logistic,P9,0.012234835454649706
svm_rbf,previous_late_geometric,P12,-0.01963412931154862
svm_rbf,previous_late_geometric,P13,0.013136893799877314
svm_rbf,previous_late_geometric,P18,0.00849256900212314
svm_rbf,previous_late_geometric,P19,-0.029468029350104674
svm_rbf,previous_late_geometric,P2,-0.022256031297543943
svm_rbf,previous_late_geometric,P20,-0.017210280141314593
svm_rbf,previous_late_geometric,P21,0.05936258839484648
svm_rbf,previous_late_geometric,P22,-0.06581305731057041
svm_rbf,previous_late_geometric,P24,-0.11993099430927096
svm_rbf,previous_late_geometric,P26,-0.036190476190476106
svm_rbf,previous_late_geometric,P27,-0.0713308197179165
svm_rbf,previous_late_geometric,P3,-0.09937888198757772
svm_rbf,previous_late_geometric,P30,0.04864389286499837
svm_rbf,previous_late_geometric,P33,0.007671138630890917
svm_rbf,previous_late_geometric,P34,0.0010204081632653184
svm_rbf,previous_late_geometric,P35,-0.005555555555555591
svm_rbf,previous_late_geometric,P36,0.02929574196542528
svm_rbf,previous_late_geometric,P4,0.04575163398692811
svm_rbf,previous_late_geometric,P40,-0.006059228963114505
svm_rbf,previous_late_geometric,P43,-0.037605478781949364
svm_rbf,previous_late_geometric,P44,-0.06404251486218698
svm_rbf,previous_late_geometric,P46,0.0038265306122449716
svm_rbf,previous_late_geometric,P48,0.010152284263959366
svm_rbf,previous_late_geometric,P8,0.0048606364395837875
svm_rbf,previous_late_geometric,P9,-0.011512441233803405
svm_rbf,previous_fixed_logistic,P12,0.04324814969976265
svm_rbf,previous_fixed_logistic,P13,0.04610190300798045
svm_rbf,previous_fixed_logistic,P18,-0.012738853503184655
svm_rbf,previous_fixed_logistic,P19,-0.03352987421383641
svm_rbf,previous_fixed_logistic,P2,0.010454249076287836
svm_rbf,previous_fixed_logistic,P20,-0.037430959844752976
svm_rbf,previous_fixed_logistic,P21,0.012583551293228745
svm_rbf,previous_fixed_logistic,P22,-0.004122417887708896
svm_rbf,previous_fixed_logistic,P24,-0.02342384729130259
svm_rbf,previous_fixed_logistic,P26,0.013333333333333308
svm_rbf,previous_fixed_logistic,P27,-0.010920262533165692
svm_rbf,previous_fixed_logistic,P3,-0.05383022774327123
svm_rbf,previous_fixed_logistic,P30,0.004982826590866796
svm_rbf,previous_fixed_logistic,P33,0.04828574704735694
svm_rbf,previous_fixed_logistic,P34,-0.033984028393966303
svm_rbf,previous_fixed_logistic,P35,-0.051851851851851816
svm_rbf,previous_fixed_logistic,P36,-0.01199675136326711
svm_rbf,previous_fixed_logistic,P4,-0.015250544662309407
svm_rbf,previous_fixed_logistic,P40,-0.040773561564291017
svm_rbf,previous_fixed_logistic,P43,0.0030030030030030463
svm_rbf,previous_fixed_logistic,P44,-0.005344382393562774
svm_rbf,previous_fixed_logistic,P46,0.01913265306122447
svm_rbf,previous_fixed_logistic,P48,0.0
svm_rbf,previous_fixed_logistic,P8,-0.04922153869522289
svm_rbf,previous_fixed_logistic,P9,-0.027152849443871085
hgb,previous_late_geometric,P12,-0.008364753526043878
hgb,previous_late_geometric,P13,-0.024299161039492423
hgb,previous_late_geometric,P18,0.05520169851380041
hgb,previous_late_geometric,P19,-0.045833333333333226
hgb,previous_late_geometric,P2,-0.04951097587480979
hgb,previous_late_geometric,P20,-0.015916554709658137
hgb,previous_late_geometric,P21,-0.01981981981981984
hgb,previous_late_geometric,P22,-0.023457453958865393
hgb,previous_late_geometric,P24,-0.1348075458170901
hgb,previous_late_geometric,P26,-0.030476190476190324
hgb,previous_late_geometric,P27,-0.1293953358469488
hgb,previous_late_geometric,P3,-0.010351966873706042
hgb,previous_late_geometric,P30,0.015320711300610801
hgb,previous_late_geometric,P33,0.05429423231280811
hgb,previous_late_geometric,P34,-0.1322537710736469
hgb,previous_late_geometric,P35,-0.007407407407407418
hgb,previous_late_geometric,P36,0.03708086785009862
hgb,previous_late_geometric,P4,0.010893246187363814
hgb,previous_late_geometric,P40,0.07986821177005227
hgb,previous_late_geometric,P43,-0.037625861155272944
hgb,previous_late_geometric,P44,-0.054864989291218746
hgb,previous_late_geometric,P46,0.0063775510204082675
hgb,previous_late_geometric,P48,0.04568527918781723
hgb,previous_late_geometric,P8,0.03845978582820686
hgb,previous_late_geometric,P9,0.027875243664717386
hgb,previous_fixed_logistic,P12,0.05451752548526739
hgb,previous_fixed_logistic,P13,0.008665848168610712
hgb,previous_fixed_logistic,P18,0.03397027600849262
hgb,previous_fixed_logistic,P19,-0.04989517819706496
hgb,previous_fixed_logistic,P2,-0.016800695500978013
hgb,previous_fixed_logistic,P20,-0.03613723441309652
hgb,previous_fixed_logistic,P21,-0.06659885692143758
hgb,previous_fixed_logistic,P22,0.03823318546399612
hgb,previous_fixed_logistic,P24,-0.038300398799121727
hgb,previous_fixed_logistic,P26,0.01904761904761909
hgb,previous_fixed_logistic,P27,-0.06898477866219799
hgb,previous_fixed_logistic,P3,0.035196687370600444
hgb,previous_fixed_logistic,P30,-0.028340354973520776
hgb,previous_fixed_logistic,P33,0.09490884072927414
hgb,previous_fixed_logistic,P34,-0.1672582076308785
hgb,previous_fixed_logistic,P35,-0.05370370370370364
hgb,previous_fixed_logistic,P36,-0.004211625478593772
hgb,previous_fixed_logistic,P4,-0.0501089324618737
hgb,previous_fixed_logistic,P40,0.045153879168875755
hgb,previous_fixed_logistic,P43,0.0029826206296794666
hgb,previous_fixed_logistic,P44,0.0038331431774054625
hgb,previous_fixed_logistic,P46,0.021683673469387765
hgb,previous_fixed_logistic,P48,0.035532994923857864
hgb,previous_fixed_logistic,P8,-0.015622389306599815
hgb,previous_fixed_logistic,P9,0.012234835454649706
qda,previous_late_geometric,P12,-0.07479402318111988
qda,previous_late_geometric,P13,-0.046572539390218826
qda,previous_late_geometric,P18,0.0573248407643312
qda,previous_late_geometric,P19,-0.07070230607966449
qda,previous_late_geometric,P2,-0.0692313265232195
qda,previous_late_geometric,P20,-0.020705826740309463
qda,previous_late_geometric,P21,0.0173786689915722
qda,previous_late_geometric,P22,-0.0066653223999641464
qda,previous_late_geometric,P24,-0.033304207554778864
qda,previous_late_geometric,P26,-0.02857142857142847
qda,previous_late_geometric,P27,-0.16964111157659556
qda,previous_late_geometric,P3,-0.07246376811594202
qda,previous_late_geometric,P30,0.007410791330389355
qda,previous_late_geometric,P33,-0.014413484692122502
qda,previous_late_geometric,P34,0.2789263531499556
qda,previous_late_geometric,P35,0.011111111111111127
qda,previous_late_geometric,P36,-0.044088641373709214
qda,previous_late_geometric,P4,0.02614379084967322
qda,previous_late_geometric,P40,0.0344618647277134
qda,previous_late_geometric,P43,-0.07808487220251925
qda,previous_late_geometric,P44,-0.04724874397005535
qda,previous_late_geometric,P46,0.13392857142857145
qda,previous_late_geometric,P48,-0.01692047377326561
qda,previous_late_geometric,P8,0.034100402521455186
qda,previous_late_geometric,P9,-0.07511753239307412
qda,previous_fixed_logistic,P12,-0.011911744169808614
qda,previous_fixed_logistic,P13,-0.01360753018211569
qda,previous_fixed_logistic,P18,0.0360934182590234
qda,previous_fixed_logistic,P19,-0.07476415094339622
qda,previous_fixed_logistic,P2,-0.036521046149387726
qda,previous_fixed_logistic,P20,-0.040926506443747845
qda,previous_fixed_logistic,P21,-0.02940036811004554
qda,previous_fixed_logistic,P22,0.05502531702289737
qda,previous_fixed_logistic,P24,0.0632029394631895
qda,previous_fixed_logistic,P26,0.020952380952380945
qda,previous_fixed_logistic,P27,-0.10923055439184476
qda,previous_fixed_logistic,P3,-0.026915113871635532
qda,previous_fixed_logistic,P30,-0.03625027494374222
qda,previous_fixed_logistic,P33,0.026201123724343522
qda,previous_fixed_logistic,P34,0.243921916592724
qda,previous_fixed_logistic,P35,-0.0351851851851851
qda,previous_fixed_logistic,P36,-0.0853811347024016
qda,previous_fixed_logistic,P4,-0.034858387799564294
qda,previous_fixed_logistic,P40,-0.0002524678734631136
qda,previous_fixed_logistic,P43,-0.03747639041756684
qda,previous_fixed_logistic,P44,0.011449388498568858
qda,previous_fixed_logistic,P46,0.14923469387755095
qda,previous_fixed_logistic,P48,-0.027072758037224975
qda,previous_fixed_logistic,P8,-0.01998177261335149
qda,previous_fixed_logistic,P9,-0.0907579406031418
fusion_logistic,previous_late_geometric,P12,0.021533305404273173
fusion_logistic,previous_late_geometric,P13,-0.018242275424595833
fusion_logistic,previous_late_geometric,P18,-0.014861995753715496
fusion_logistic,previous_late_geometric,P19,0.03557389937106925
fusion_logistic,previous_late_geometric,P2,0.00459320437586036
fusion_logistic,previous_late_geometric,P20,-0.005678708264915122
fusion_logistic,previous_late_geometric,P21,0.021631308728082888
fusion_logistic,previous_late_geometric,P22,-0.07722812205941654
fusion_logistic,previous_late_geometric,P24,-0.09461397141192818
fusion_logistic,previous_late_geometric,P26,-0.02666666666666656
fusion_logistic,previous_late_geometric,P27,-0.004077642787320257
fusion_logistic,previous_late_geometric,P3,0.010351966873705931
fusion_logistic,previous_late_geometric,P30,0.042011403820449045
fusion_logistic,previous_late_geometric,P33,-0.007717004930627269
fusion_logistic,previous_late_geometric,P34,0.059804791481810116
fusion_logistic,previous_late_geometric,P35,-0.025925925925925963
fusion_logistic,previous_late_geometric,P36,0.00017403411068572794
fusion_logistic,previous_late_geometric,P4,0.004357298474945537
fusion_logistic,previous_late_geometric,P40,-0.0041278497311217355
fusion_logistic,previous_late_geometric,P43,-0.03310776840188612
fusion_logistic,previous_late_geometric,P44,-0.05504513701235009
fusion_logistic,previous_late_geometric,P46,-0.014030612244897878
fusion_logistic,previous_late_geometric,P48,0.010152284263959366
fusion_logistic,previous_late_geometric,P8,0.05566188197767152
fusion_logistic,previous_late_geometric,P9,0.0018575851393189957
fusion_logistic,previous_fixed_logistic,P12,0.08441558441558444
fusion_logistic,previous_fixed_logistic,P13,0.014722733783507302
fusion_logistic,previous_fixed_logistic,P18,-0.03609341825902329
fusion_logistic,previous_fixed_logistic,P19,0.03151205450733752
fusion_logistic,previous_fixed_logistic,P2,0.03730348474969214
fusion_logistic,previous_fixed_logistic,P20,-0.025899387968353504
fusion_logistic,previous_fixed_logistic,P21,-0.02514772837353485
fusion_logistic,previous_fixed_logistic,P22,-0.015537482636555022
fusion_logistic,previous_fixed_logistic,P24,0.0018931756060401872
fusion_logistic,previous_fixed_logistic,P26,0.022857142857142854
fusion_logistic,previous_fixed_logistic,P27,0.056332914397430545
fusion_logistic,previous_fixed_logistic,P3,0.05590062111801242
fusion_logistic,previous_fixed_logistic,P30,-0.0016496624536825322
fusion_logistic,previous_fixed_logistic,P33,0.032897603485838756
fusion_logistic,previous_fixed_logistic,P34,0.024800354924578494
fusion_logistic,previous_fixed_logistic,P35,-0.07222222222222219
fusion_logistic,previous_fixed_logistic,P36,-0.041118459218006664
fusion_logistic,previous_fixed_logistic,P4,-0.05664488017429198
fusion_logistic,previous_fixed_logistic,P40,-0.03884218233229825
fusion_logistic,previous_fixed_logistic,P43,0.007500713383066293
fusion_logistic,previous_fixed_logistic,P44,0.003652995456274122
fusion_logistic,previous_fixed_logistic,P46,0.0012755102040816202
fusion_logistic,previous_fixed_logistic,P48,0.0
fusion_logistic,previous_fixed_logistic,P8,0.0015797068428648475
fusion_logistic,previous_fixed_logistic,P9,-0.013782823070748684
fusion_lda,previous_late_geometric,P12,0.002136573104315087
fusion_lda,previous_late_geometric,P13,-0.012707182320441934
fusion_lda,previous_late_geometric,P18,-0.02547770700636942
fusion_lda,previous_late_geometric,P19,0.006263102725367009
fusion_lda,previous_late_geometric,P2,0.02473375353184093
fusion_lda,previous_late_geometric,P20,-0.01413768224113049
fusion_lda,previous_late_geometric,P21,0.021708805579773338
fusion_lda,previous_late_geometric,P22,-0.06562261952771425
fusion_lda,previous_late_geometric,P24,-0.08885602903616074
fusion_lda,previous_late_geometric,P26,-0.015238095238095106
fusion_lda,previous_late_geometric,P27,-0.004049713727133142
fusion_lda,previous_late_geometric,P3,-0.012422360248447284
fusion_lda,previous_late_geometric,P30,0.05374515676023217
fusion_lda,previous_late_geometric,P33,-0.056266483201467765
fusion_lda,previous_late_geometric,P34,0.06960958296362019
fusion_lda,previous_late_geometric,P35,-0.03888888888888889
fusion_lda,previous_late_geometric,P36,0.008051978187724795
fusion_lda,previous_late_geometric,P4,0.008714596949891129
fusion_lda,previous_late_geometric,P40,-0.0020071195940317144
fusion_lda,previous_late_geometric,P43,-0.022610846140257934
fusion_lda,previous_late_geometric,P44,-0.03848155487499749
fusion_lda,previous_late_geometric,P46,0.01913265306122458
fusion_lda,previous_late_geometric,P48,0.011844331641285955
fusion_lda,previous_late_geometric,P8,0.0428951165793271
fusion_lda,previous_late_geometric,P9,-0.017589725948859047
fusion_lda,previous_fixed_logistic,P12,0.06501885211562636
fusion_lda,previous_fixed_logistic,P13,0.0202578268876612
fusion_lda,previous_fixed_logistic,P18,-0.046709129511677216
fusion_lda,previous_fixed_logistic,P19,0.002201257861635275
fusion_lda,previous_fixed_logistic,P2,0.05744403390567271
fusion_lda,previous_fixed_logistic,P20,-0.03435836194456887
fusion_lda,previous_fixed_logistic,P21,-0.0250702315218444
fusion_lda,previous_fixed_logistic,P22,-0.003931980104852739
fusion_lda,previous_fixed_logistic,P24,0.00765111798180762
fusion_lda,previous_fixed_logistic,P26,0.03428571428571431
fusion_lda,previous_fixed_logistic,P27,0.05636084345761766
fusion_lda,previous_fixed_logistic,P3,0.0331262939958592
fusion_lda,previous_fixed_logistic,P30,0.010084090486100594
fusion_lda,previous_fixed_logistic,P33,-0.01565187478500174
fusion_lda,previous_fixed_logistic,P34,0.034605146406388565
fusion_lda,previous_fixed_logistic,P35,-0.08518518518518511
fusion_lda,previous_fixed_logistic,P36,-0.0332405151409676
fusion_lda,previous_fixed_logistic,P4,-0.052287581699346386
fusion_lda,previous_fixed_logistic,P40,-0.036721452195208226
fusion_lda,previous_fixed_logistic,P43,0.017997635644694476
fusion_lda,previous_fixed_logistic,P44,0.020216577593626717
fusion_lda,previous_fixed_logistic,P46,0.03443877551020408
fusion_lda,previous_fixed_logistic,P48,0.0016920473773265887
fusion_lda,previous_fixed_logistic,P8,-0.011187058555479579
fusion_lda,previous_fixed_logistic,P9,-0.03323013415892673
fusion,previous_late_geometric,P12,0.021533305404273173
fusion,previous_late_geometric,P13,-0.018242275424595833
fusion,previous_late_geometric,P18,-0.02547770700636942
fusion,previous_late_geometric,P19,0.03557389937106925
fusion,previous_late_geometric,P2,0.00459320437586036
fusion,previous_late_geometric,P20,-0.01413768224113049
fusion,previous_late_geometric,P21,0.021631308728082888
fusion,previous_late_geometric,P22,-0.07722812205941654
fusion,previous_late_geometric,P24,-0.09461397141192818
fusion,previous_late_geometric,P26,-0.02666666666666656
fusion,previous_late_geometric,P27,-0.004049713727133142
fusion,previous_late_geometric,P3,-0.012422360248447284
fusion,previous_late_geometric,P30,0.042011403820449045
fusion,previous_late_geometric,P33,-0.056266483201467765
fusion,previous_late_geometric,P34,0.059804791481810116
fusion,previous_late_geometric,P35,-0.025925925925925963
fusion,previous_late_geometric,P36,0.008051978187724795
fusion,previous_late_geometric,P4,0.008714596949891129
fusion,previous_late_geometric,P40,-0.0041278497311217355
fusion,previous_late_geometric,P43,-0.03310776840188612
fusion,previous_late_geometric,P44,-0.05504513701235009
fusion,previous_late_geometric,P46,0.01913265306122458
fusion,previous_late_geometric,P48,0.010152284263959366
fusion,previous_late_geometric,P8,0.0428951165793271
fusion,previous_late_geometric,P9,-0.017589725948859047
fusion,previous_fixed_logistic,P12,0.08441558441558444
fusion,previous_fixed_logistic,P13,0.014722733783507302
fusion,previous_fixed_logistic,P18,-0.046709129511677216
fusion,previous_fixed_logistic,P19,0.03151205450733752
fusion,previous_fixed_logistic,P2,0.03730348474969214
fusion,previous_fixed_logistic,P20,-0.03435836194456887
fusion,previous_fixed_logistic,P21,-0.02514772837353485
fusion,previous_fixed_logistic,P22,-0.015537482636555022
fusion,previous_fixed_logistic,P24,0.0018931756060401872
fusion,previous_fixed_logistic,P26,0.022857142857142854
fusion,previous_fixed_logistic,P27,0.05636084345761766
fusion,previous_fixed_logistic,P3,0.0331262939958592
fusion,previous_fixed_logistic,P30,-0.0016496624536825322
fusion,previous_fixed_logistic,P33,-0.01565187478500174
fusion,previous_fixed_logistic,P34,0.024800354924578494
fusion,previous_fixed_logistic,P35,-0.07222222222222219
fusion,previous_fixed_logistic,P36,-0.0332405151409676
fusion,previous_fixed_logistic,P4,-0.052287581699346386
fusion,previous_fixed_logistic,P40,-0.03884218233229825
fusion,previous_fixed_logistic,P43,0.007500713383066293
fusion,previous_fixed_logistic,P44,0.003652995456274122
fusion,previous_fixed_logistic,P46,0.03443877551020408
fusion,previous_fixed_logistic,P48,0.0
fusion,previous_fixed_logistic,P8,-0.011187058555479579
fusion,previous_fixed_logistic,P9,-0.03323013415892673
