candidate_id,base_id,family,context,smoothing,mean,std,min,max
b09_ctx1_smooth4,b09_ctx1,hgb,1,4,0.3511476559229349,0.012809510020344902,0.3325785416154956,0.3757511362632183
b09_ctx1_smooth1,b09_ctx1,hgb,1,1,0.3483331475410017,0.012958348064445655,0.3253656297028179,0.376325021128527
b11_ctx1_smooth4,b11_ctx1,hgb,1,4,0.34761824013612636,0.009795948622232976,0.3342938782513556,0.3627207307057347
b07_ctx1_smooth4,b07_ctx1,hgb,1,4,0.34682458488400364,0.017842664646539184,0.3248885446073313,0.3884303249855835
b10_ctx8_smooth1,b10_ctx8,hgb,8,1,0.3464062184170057,0.016642776809431863,0.3236420311015598,0.3751914198658864
b11_ctx1_smooth1,b11_ctx1,hgb,1,1,0.34620458074081956,0.009813813761460835,0.3345721524136213,0.3694929085222739
b10_ctx8_smooth4,b10_ctx8,hgb,8,4,0.3456798571917448,0.018853657210931334,0.3208622341598316,0.3773753816078225
b10_ctx1_smooth4,b10_ctx1,hgb,1,4,0.3454659413255666,0.019275015939739897,0.3137246741553864,0.3793846990518306
b08_ctx1_smooth4,b08_ctx1,hgb,1,4,0.34532852510931034,0.019735721165838233,0.3174950845704075,0.3817679406798234
b12_ctx1_smooth4,b12_ctx1,qda,1,4,0.3451519515485692,0.019603859367260192,0.322973233933238,0.3799945450809659
b19_ctx1_smooth4,b19_ctx1,fusion_lda,1,4,0.3451369614393912,0.012015669347434784,0.3161962080854967,0.3622966952509011
b17_ctx1_smooth4,b17_ctx1,fusion_logistic,1,4,0.34494631069026727,0.011933551616159813,0.3189441138290459,0.3668203287799049
b13_ctx1_smooth4,b13_ctx1,qda,1,4,0.34466647792038524,0.01945837728707831,0.3157010447553596,0.377852741446067
b16_ctx1_smooth4,b16_ctx1,fusion_logistic,1,4,0.3446539521558126,0.011855033120297264,0.3155596377804734,0.3602536642886752
b18_ctx1_smooth4,b18_ctx1,fusion_logistic,1,4,0.34450999079896094,0.011440102166077808,0.3198964097404048,0.3651437396022646
b15_ctx8_smooth1,b15_ctx8,fusion_logistic,8,1,0.34446683860525584,0.016240277417661233,0.3060227119909036,0.3754932687457324
b03_ctx8_smooth1,b03_ctx8,svm_rbf,8,1,0.34442865499042963,0.01631467800998817,0.3222628506001829,0.3758706574946892
b16_ctx8_smooth1,b16_ctx8,fusion_logistic,8,1,0.34435885892013346,0.015618089970065429,0.3193794419501239,0.3753894336291695
b10_ctx1_smooth1,b10_ctx1,hgb,1,1,0.34432962965507674,0.016113256596163982,0.3220965360709824,0.3777304110624612
b19_ctx8_smooth1,b19_ctx8,fusion_lda,8,1,0.3441425089715177,0.015961762663528528,0.316338860703867,0.3752452926426329
b15_ctx1_smooth4,b15_ctx1,fusion_logistic,1,4,0.34410076071598433,0.011792580786119911,0.3216036138622619,0.3584559344353115
b08_ctx1_smooth1,b08_ctx1,hgb,1,1,0.34401399889010664,0.01977139730728173,0.3180715414354343,0.3873094144582253
b17_ctx1_smooth1,b17_ctx1,fusion_logistic,1,1,0.3436908596439528,0.010843629824791052,0.3265157072112088,0.3652982021396703
b09_ctx8_smooth1,b09_ctx8,hgb,8,1,0.343527462326189,0.014925529451891597,0.3168731390951078,0.362005916240373
b09_ctx8_smooth4,b09_ctx8,hgb,8,4,0.34344813597026186,0.018545676701686296,0.303845183074456,0.366723350910732
b11_ctx8_smooth1,b11_ctx8,hgb,8,1,0.3433517893737701,0.01878605018002493,0.3147915184959274,0.3782820194895036
b18_ctx8_smooth1,b18_ctx8,fusion_logistic,8,1,0.34325458184582824,0.018298521429472983,0.3141595297306991,0.3811625364618903
b07_ctx1_smooth1,b07_ctx1,hgb,1,1,0.3432083184504056,0.014034370226151551,0.32160932492783,0.367604030914606
b18_ctx1_smooth1,b18_ctx1,fusion_logistic,1,1,0.34316028165325474,0.01115060543876569,0.3261933110415355,0.3644479939012477
b06_ctx8_smooth1,b06_ctx8,hgb,8,1,0.34305534795475945,0.01456006238617794,0.3086115622202974,0.3704696507252745
b17_ctx8_smooth1,b17_ctx8,fusion_logistic,8,1,0.3429153019750821,0.01730536777369914,0.3166117668714651,0.3799591776755801
b12_ctx1_smooth1,b12_ctx1,qda,1,1,0.34285965151908593,0.019764419121949546,0.3132344262643607,0.3778533549018382
b19_ctx1_smooth1,b19_ctx1,fusion_lda,1,1,0.3427535567525901,0.010565709830563465,0.3281389095486898,0.3592570944349845
b16_ctx1_smooth1,b16_ctx1,fusion_logistic,1,1,0.3427108022659835,0.010162365206506263,0.3292796843180079,0.3615269632617176
b11_ctx8_smooth4,b11_ctx8,hgb,8,4,0.3426210031639897,0.02235319109972181,0.2993788188865288,0.3810966235848232
b05_ctx8_smooth1,b05_ctx8,svm_rbf,8,1,0.34255067606248685,0.012872365815532428,0.3137243430692689,0.3658962419337714
b13_ctx1_smooth1,b13_ctx1,qda,1,1,0.3425079235159545,0.018882115437561423,0.3129302751796351,0.3769310037120952
b04_ctx8_smooth1,b04_ctx8,svm_rbf,8,1,0.3425044286288099,0.014900448082422298,0.3149791143268355,0.3661417641996892
b14_ctx8_smooth1,b14_ctx8,qda,8,1,0.3425011710863257,0.02331080507854026,0.3032843147944226,0.3874395548920534
b20_ctx1_smooth4,b20_ctx1,fusion_lda,1,4,0.34241796901715466,0.011570785056333584,0.319566195586848,0.3583784028760137
b15_ctx1_smooth1,b15_ctx1,fusion_logistic,1,1,0.3416436922004333,0.009487016481386825,0.3235891930739373,0.3559922286712474
b17_ctx8_smooth4,b17_ctx8,fusion_logistic,8,4,0.34153823230887626,0.02698082160569415,0.299938319737439,0.3880628076605449
b16_ctx8_smooth4,b16_ctx8,fusion_logistic,8,4,0.34132340845960724,0.025773189716245485,0.3027565721315998,0.3861353554273656
b18_ctx8_smooth4,b18_ctx8,fusion_logistic,8,4,0.3412473432698457,0.0260677254468574,0.3036083046008811,0.3820894152326561
b19_ctx8_smooth4,b19_ctx8,fusion_lda,8,4,0.3411982626956002,0.024194550685314568,0.3051844204832533,0.3814648716158402
b02_ctx8_smooth1,b02_ctx8,svm_rbf,8,1,0.34103471611400943,0.014217700189976966,0.3182495058138752,0.3700707765727274
b13_ctx8_smooth4,b13_ctx8,qda,8,4,0.34093545978518697,0.029722713571838304,0.2764644016376803,0.3831400816919382
b20_ctx8_smooth1,b20_ctx8,fusion_lda,8,1,0.3408132013445789,0.014424772803675765,0.3065542312798515,0.3714628491727349
b06_ctx8_smooth4,b06_ctx8,hgb,8,4,0.3405912670852475,0.013905458161785303,0.3086772932089454,0.3651821342748509
b08_ctx8_smooth1,b08_ctx8,hgb,8,1,0.34055655447504946,0.014435403419594827,0.3109971998603059,0.3702791719162239
b14_ctx8_smooth4,b14_ctx8,qda,8,4,0.34054513857075447,0.023428525719879422,0.3063696109361831,0.3859979762348077
b15_ctx8_smooth4,b15_ctx8,fusion_logistic,8,4,0.34053339627737084,0.021896509455229335,0.3063274383771506,0.3764577988160714
b13_ctx8_smooth1,b13_ctx8,qda,8,1,0.3404332251953429,0.02947204311915043,0.2898397332889789,0.3910061581669254
b20_ctx1_smooth1,b20_ctx1,fusion_lda,1,1,0.34041383649204976,0.010505811215345717,0.3249406663499876,0.3550949773265628
b05_ctx8_smooth4,b05_ctx8,svm_rbf,8,4,0.3399971694693221,0.01653895293534232,0.3089249367589854,0.3737267482873543
b06_ctx1_smooth4,b06_ctx1,hgb,1,4,0.3397257278956705,0.019059280405999322,0.3163083878898965,0.3760450294780084
b00_ctx8_smooth1,b00_ctx8,svm_rbf,8,1,0.3395598440328252,0.018580205718128406,0.3102769991790661,0.3785659517562587
b07_ctx8_smooth1,b07_ctx8,hgb,8,1,0.33938557690525883,0.019007715963630368,0.3127839588373876,0.3686638093428795
b08_ctx8_smooth4,b08_ctx8,hgb,8,4,0.3390688445849302,0.017510479681092664,0.3076515748523388,0.3694126307710016
b02_ctx8_smooth4,b02_ctx8,svm_rbf,8,4,0.33892745752018116,0.0161894681504561,0.3152209504479848,0.3771315328360474
b03_ctx8_smooth4,b03_ctx8,svm_rbf,8,4,0.338846379101533,0.01584633653413121,0.3143663728381917,0.3712987834560301
b12_ctx8_smooth1,b12_ctx8,qda,8,1,0.33847248706407007,0.02954840367841664,0.2657924689000294,0.3887559400777656
b04_ctx8_smooth4,b04_ctx8,svm_rbf,8,4,0.3383582399829563,0.01862217386561861,0.3043763315586788,0.3688036587786216
b21_ctx1_smooth1,b21_ctx1,fusion_lda,1,1,0.3376756162312253,0.014917222370521637,0.3163405349440029,0.3631872665948961
b14_ctx1_smooth1,b14_ctx1,qda,1,1,0.33766109772217834,0.017168702174368142,0.3137571612911602,0.3715883217900279
b00_ctx1_smooth1,b00_ctx1,svm_rbf,1,1,0.3375338543014562,0.0137942076130917,0.3207788110075071,0.366075123999758
b14_ctx1_smooth4,b14_ctx1,qda,1,4,0.33729218005163136,0.021566341470145124,0.3104953828618903,0.3804124104847194
b03_ctx1_smooth4,b03_ctx1,svm_rbf,1,4,0.3371385920039536,0.015785352188211713,0.3158787162025099,0.3643473324679095
b21_ctx1_smooth4,b21_ctx1,fusion_lda,1,4,0.33701910364229715,0.015332051155144468,0.3149558047638345,0.362780683152892
b00_ctx8_smooth4,b00_ctx8,svm_rbf,8,4,0.3369284844592188,0.019792333732468737,0.3072071258478029,0.3736296485069925
b21_ctx8_smooth1,b21_ctx8,fusion_lda,8,1,0.33689606494668445,0.013930954486173921,0.3171330239107076,0.3597732441643397
b04_ctx1_smooth4,b04_ctx1,svm_rbf,1,4,0.33687717225401226,0.014312207204311254,0.3189508706920451,0.3701805289376031
b20_ctx8_smooth4,b20_ctx8,fusion_lda,8,4,0.3368757281756232,0.017246375945357075,0.3054152539282035,0.3662836727162387
b04_ctx1_smooth1,b04_ctx1,svm_rbf,1,1,0.3368631941799386,0.011250904849863342,0.3193002553747512,0.3574708441348761
b12_ctx8_smooth4,b12_ctx8,qda,8,4,0.33680886387259334,0.02998248392310799,0.2626791718726672,0.3846329357798144
b02_ctx1_smooth1,b02_ctx1,svm_rbf,1,1,0.33678973662705836,0.010904749526772664,0.320934419315245,0.3543302800818327
b01_ctx8_smooth1,b01_ctx8,svm_rbf,8,1,0.33678281989491154,0.017567395029749612,0.3038902337429778,0.3650260820107695
b06_ctx1_smooth1,b06_ctx1,hgb,1,1,0.336690560009952,0.017673533437398147,0.3118123072299992,0.374733987589294
b01_ctx1_smooth1,b01_ctx1,svm_rbf,1,1,0.3360448284593135,0.012108740911153576,0.3159231872252311,0.3591439205018931
b07_ctx8_smooth4,b07_ctx8,hgb,8,4,0.3359340042278138,0.020687327541343205,0.2966584089651993,0.3683090631287831
b02_ctx1_smooth4,b02_ctx1,svm_rbf,1,4,0.3352421204151791,0.011868703652211068,0.3156119862497126,0.3543841081137406
b01_ctx1_smooth4,b01_ctx1,svm_rbf,1,4,0.33498146687213903,0.012619351445719145,0.3172806809401002,0.353064251028132
b03_ctx1_smooth1,b03_ctx1,svm_rbf,1,1,0.33480591492818856,0.011666932069378053,0.3106067346451459,0.3523444769000955
b00_ctx1_smooth4,b00_ctx1,svm_rbf,1,4,0.3345647553137654,0.01348872389944524,0.3153410872913976,0.3613289297838304
b01_ctx8_smooth4,b01_ctx8,svm_rbf,8,4,0.33237330558297684,0.014926599931607491,0.3140596825879505,0.360130620267927
b05_ctx1_smooth4,b05_ctx1,svm_rbf,1,4,0.3317869583526966,0.014409533921857945,0.2985735859784002,0.3547898896958528
b21_ctx8_smooth4,b21_ctx8,fusion_lda,8,4,0.33155854964488213,0.014872311229072588,0.3098610112705684,0.3569584689324309
b05_ctx1_smooth1,b05_ctx1,svm_rbf,1,1,0.33031055289472255,0.010018176336167564,0.3127568377408167,0.3466071676465426
