fold,inner,base_id,family,context,smoothing,candidate_id,score
1,1,b00_ctx1,svm_rbf,1,1,b00_ctx1_smooth1,0.3397480732198277
1,1,b00_ctx1,svm_rbf,1,4,b00_ctx1_smooth4,0.3329298673235955
1,1,b00_ctx8,svm_rbf,8,1,b00_ctx8_smooth1,0.34656211640020224
1,1,b00_ctx8,svm_rbf,8,4,b00_ctx8_smooth4,0.3547310766176485
1,1,b01_ctx1,svm_rbf,1,1,b01_ctx1_smooth1,0.3365980583786536
1,1,b01_ctx1,svm_rbf,1,4,b01_ctx1_smooth4,0.33658352164323724
1,1,b01_ctx8,svm_rbf,8,1,b01_ctx8_smooth1,0.3360989528037125
1,1,b01_ctx8,svm_rbf,8,4,b01_ctx8_smooth4,0.3263068290783914
1,1,b02_ctx1,svm_rbf,1,1,b02_ctx1_smooth1,0.3519591141853553
1,1,b02_ctx1,svm_rbf,1,4,b02_ctx1_smooth4,0.34841380162180813
1,1,b02_ctx8,svm_rbf,8,1,b02_ctx8_smooth1,0.34444451272757043
1,1,b02_ctx8,svm_rbf,8,4,b02_ctx8_smooth4,0.34335409497650926
1,1,b03_ctx1,svm_rbf,1,1,b03_ctx1_smooth1,0.3436621039598008
1,1,b03_ctx1,svm_rbf,1,4,b03_ctx1_smooth4,0.3568838712981467
1,1,b03_ctx8,svm_rbf,8,1,b03_ctx8_smooth1,0.33978098396330614
1,1,b03_ctx8,svm_rbf,8,4,b03_ctx8_smooth4,0.33549581735419165
1,1,b04_ctx1,svm_rbf,1,1,b04_ctx1_smooth1,0.34927147983432677
1,1,b04_ctx1,svm_rbf,1,4,b04_ctx1_smooth4,0.3494642267828257
1,1,b04_ctx8,svm_rbf,8,1,b04_ctx8_smooth1,0.33922298353482666
1,1,b04_ctx8,svm_rbf,8,4,b04_ctx8_smooth4,0.3363986230655498
1,1,b05_ctx1,svm_rbf,1,1,b05_ctx1_smooth1,0.3408164485182074
1,1,b05_ctx1,svm_rbf,1,4,b05_ctx1_smooth4,0.3438439193690256
1,1,b05_ctx8,svm_rbf,8,1,b05_ctx8_smooth1,0.33615040775839716
1,1,b05_ctx8,svm_rbf,8,4,b05_ctx8_smooth4,0.3274403847097782
1,1,b06_ctx1,hgb,1,1,b06_ctx1_smooth1,0.35836394353185824
1,1,b06_ctx1,hgb,1,4,b06_ctx1_smooth4,0.3563632311971084
1,1,b06_ctx8,hgb,8,1,b06_ctx8_smooth1,0.3500614805416654
1,1,b06_ctx8,hgb,8,4,b06_ctx8_smooth4,0.3429651859723405
1,1,b07_ctx1,hgb,1,1,b07_ctx1_smooth1,0.3652173576375622
1,1,b07_ctx1,hgb,1,4,b07_ctx1_smooth4,0.37554717732779347
1,1,b07_ctx8,hgb,8,1,b07_ctx8_smooth1,0.3552500999973938
1,1,b07_ctx8,hgb,8,4,b07_ctx8_smooth4,0.34731603755760093
1,1,b08_ctx1,hgb,1,1,b08_ctx1_smooth1,0.3750775656926263
1,1,b08_ctx1,hgb,1,4,b08_ctx1_smooth4,0.3732834943606608
1,1,b08_ctx8,hgb,8,1,b08_ctx8_smooth1,0.3461125903102631
1,1,b08_ctx8,hgb,8,4,b08_ctx8_smooth4,0.35217434086325616
1,1,b09_ctx1,hgb,1,1,b09_ctx1_smooth1,0.3648846045644768
1,1,b09_ctx1,hgb,1,4,b09_ctx1_smooth4,0.3674594976382206
1,1,b09_ctx8,hgb,8,1,b09_ctx8_smooth1,0.35533270497007235
1,1,b09_ctx8,hgb,8,4,b09_ctx8_smooth4,0.3502325434163418
1,1,b10_ctx1,hgb,1,1,b10_ctx1_smooth1,0.3777304110624612
1,1,b10_ctx1,hgb,1,4,b10_ctx1_smooth4,0.3793846990518306
1,1,b10_ctx8,hgb,8,1,b10_ctx8_smooth1,0.3714541861566664
1,1,b10_ctx8,hgb,8,4,b10_ctx8_smooth4,0.365313859157328
1,1,b11_ctx1,hgb,1,1,b11_ctx1_smooth1,0.34336190378445053
1,1,b11_ctx1,hgb,1,4,b11_ctx1_smooth4,0.35113015232031675
1,1,b11_ctx8,hgb,8,1,b11_ctx8_smooth1,0.35133451067545773
1,1,b11_ctx8,hgb,8,4,b11_ctx8_smooth4,0.3497208315661194
1,1,b12_ctx1,qda,1,1,b12_ctx1_smooth1,0.34959655312290205
1,1,b12_ctx1,qda,1,4,b12_ctx1_smooth4,0.3465382902220786
1,1,b12_ctx8,qda,8,1,b12_ctx8_smooth1,0.33659977719095374
1,1,b12_ctx8,qda,8,4,b12_ctx8_smooth4,0.33683443580250066
1,1,b13_ctx1,qda,1,1,b13_ctx1_smooth1,0.35337540109347504
1,1,b13_ctx1,qda,1,4,b13_ctx1_smooth4,0.3530469167528919
1,1,b13_ctx8,qda,8,1,b13_ctx8_smooth1,0.34503130321699316
1,1,b13_ctx8,qda,8,4,b13_ctx8_smooth4,0.3492751893302997
1,1,b14_ctx1,qda,1,1,b14_ctx1_smooth1,0.3434215745794829
1,1,b14_ctx1,qda,1,4,b14_ctx1_smooth4,0.34144391491806503
1,1,b14_ctx8,qda,8,1,b14_ctx8_smooth1,0.3370526286466472
1,1,b14_ctx8,qda,8,4,b14_ctx8_smooth4,0.34138710886853174
1,1,b15_ctx1,fusion_logistic,1,1,b15_ctx1_smooth1,0.3476118461252871
1,1,b15_ctx1,fusion_logistic,1,4,b15_ctx1_smooth4,0.34798338933099926
1,1,b15_ctx8,fusion_logistic,8,1,b15_ctx8_smooth1,0.3446731587882787
1,1,b15_ctx8,fusion_logistic,8,4,b15_ctx8_smooth4,0.3518039135605177
1,1,b16_ctx1,fusion_logistic,1,1,b16_ctx1_smooth1,0.3588484737741147
1,1,b16_ctx1,fusion_logistic,1,4,b16_ctx1_smooth4,0.3502676450523681
1,1,b16_ctx8,fusion_logistic,8,1,b16_ctx8_smooth1,0.3498171245614181
1,1,b16_ctx8,fusion_logistic,8,4,b16_ctx8_smooth4,0.3476919400378835
1,1,b17_ctx1,fusion_logistic,1,1,b17_ctx1_smooth1,0.362573212682715
1,1,b17_ctx1,fusion_logistic,1,4,b17_ctx1_smooth4,0.3508160774066888
1,1,b17_ctx8,fusion_logistic,8,1,b17_ctx8_smooth1,0.34505716399032044
1,1,b17_ctx8,fusion_logistic,8,4,b17_ctx8_smooth4,0.3478850229372102
1,1,b18_ctx1,fusion_logistic,1,1,b18_ctx1_smooth1,0.36444799390124777
1,1,b18_ctx1,fusion_logistic,1,4,b18_ctx1_smooth4,0.35124010689091734
1,1,b18_ctx8,fusion_logistic,8,1,b18_ctx8_smooth1,0.3439601972541836
1,1,b18_ctx8,fusion_logistic,8,4,b18_ctx8_smooth4,0.3438723655736295
1,1,b19_ctx1,fusion_lda,1,1,b19_ctx1_smooth1,0.35794776544200724
1,1,b19_ctx1,fusion_lda,1,4,b19_ctx1_smooth4,0.3526399570693389
1,1,b19_ctx8,fusion_lda,8,1,b19_ctx8_smooth1,0.3438195065756539
1,1,b19_ctx8,fusion_lda,8,4,b19_ctx8_smooth4,0.34822938238866635
1,1,b20_ctx1,fusion_lda,1,1,b20_ctx1_smooth1,0.3452089292580393
1,1,b20_ctx1,fusion_lda,1,4,b20_ctx1_smooth4,0.34710776048824327
1,1,b20_ctx8,fusion_lda,8,1,b20_ctx8_smooth1,0.34542873258464485
1,1,b20_ctx8,fusion_lda,8,4,b20_ctx8_smooth4,0.3496715703181062
1,1,b21_ctx1,fusion_lda,1,1,b21_ctx1_smooth1,0.33785621505617736
1,1,b21_ctx1,fusion_lda,1,4,b21_ctx1_smooth4,0.33717580398778046
1,1,b21_ctx8,fusion_lda,8,1,b21_ctx8_smooth1,0.3405328781450214
1,1,b21_ctx8,fusion_lda,8,4,b21_ctx8_smooth4,0.34649157485261206
1,2,b00_ctx1,svm_rbf,1,1,b00_ctx1_smooth1,0.3379004839706876
1,2,b00_ctx1,svm_rbf,1,4,b00_ctx1_smooth4,0.3306377275862706
1,2,b00_ctx8,svm_rbf,8,1,b00_ctx8_smooth1,0.32818346495857703
1,2,b00_ctx8,svm_rbf,8,4,b00_ctx8_smooth4,0.32279960634897137
1,2,b01_ctx1,svm_rbf,1,1,b01_ctx1_smooth1,0.333548273523859
1,2,b01_ctx1,svm_rbf,1,4,b01_ctx1_smooth4,0.33219060044700877
1,2,b01_ctx8,svm_rbf,8,1,b01_ctx8_smooth1,0.3337557663716052
1,2,b01_ctx8,svm_rbf,8,4,b01_ctx8_smooth4,0.32589037135033844
1,2,b02_ctx1,svm_rbf,1,1,b02_ctx1_smooth1,0.337444778041977
1,2,b02_ctx1,svm_rbf,1,4,b02_ctx1_smooth4,0.33452998749404383
1,2,b02_ctx8,svm_rbf,8,1,b02_ctx8_smooth1,0.33882147932626855
1,2,b02_ctx8,svm_rbf,8,4,b02_ctx8_smooth4,0.3314971547842926
1,2,b03_ctx1,svm_rbf,1,1,b03_ctx1_smooth1,0.34730988837197824
1,2,b03_ctx1,svm_rbf,1,4,b03_ctx1_smooth4,0.35461593520878937
1,2,b03_ctx8,svm_rbf,8,1,b03_ctx8_smooth1,0.33374294090105694
1,2,b03_ctx8,svm_rbf,8,4,b03_ctx8_smooth4,0.33561288056408517
1,2,b04_ctx1,svm_rbf,1,1,b04_ctx1_smooth1,0.3390966936877516
1,2,b04_ctx1,svm_rbf,1,4,b04_ctx1_smooth4,0.3400572421884789
1,2,b04_ctx8,svm_rbf,8,1,b04_ctx8_smooth1,0.3398466951680413
1,2,b04_ctx8,svm_rbf,8,4,b04_ctx8_smooth4,0.34320877579473436
1,2,b05_ctx1,svm_rbf,1,1,b05_ctx1_smooth1,0.34578448720168853
1,2,b05_ctx1,svm_rbf,1,4,b05_ctx1_smooth4,0.35478988969585284
1,2,b05_ctx8,svm_rbf,8,1,b05_ctx8_smooth1,0.343658313397957
1,2,b05_ctx8,svm_rbf,8,4,b05_ctx8_smooth4,0.34738861674334925
1,2,b06_ctx1,hgb,1,1,b06_ctx1_smooth1,0.33718870647808347
1,2,b06_ctx1,hgb,1,4,b06_ctx1_smooth4,0.3406829793973421
1,2,b06_ctx8,hgb,8,1,b06_ctx8_smooth1,0.34706929485767063
1,2,b06_ctx8,hgb,8,4,b06_ctx8_smooth4,0.3487356139240186
1,2,b07_ctx1,hgb,1,1,b07_ctx1_smooth1,0.340537249827338
1,2,b07_ctx1,hgb,1,4,b07_ctx1_smooth4,0.33818552116396133
1,2,b07_ctx8,hgb,8,1,b07_ctx8_smooth1,0.3523854790319766
1,2,b07_ctx8,hgb,8,4,b07_ctx8_smooth4,0.3522775618989097
1,2,b08_ctx1,hgb,1,1,b08_ctx1_smooth1,0.3482878071944368
1,2,b08_ctx1,hgb,1,4,b08_ctx1_smooth4,0.35942339345411445
1,2,b08_ctx8,hgb,8,1,b08_ctx8_smooth1,0.34359005734792886
1,2,b08_ctx8,hgb,8,4,b08_ctx8_smooth4,0.3530477093757844
1,2,b09_ctx1,hgb,1,1,b09_ctx1_smooth1,0.35656598534078726
1,2,b09_ctx1,hgb,1,4,b09_ctx1_smooth4,0.3618667332593032
1,2,b09_ctx8,hgb,8,1,b09_ctx8_smooth1,0.35824844236560893
1,2,b09_ctx8,hgb,8,4,b09_ctx8_smooth4,0.36664182359615655
1,2,b10_ctx1,hgb,1,1,b10_ctx1_smooth1,0.3513047553474575
1,2,b10_ctx1,hgb,1,4,b10_ctx1_smooth4,0.3613360350561556
1,2,b10_ctx8,hgb,8,1,b10_ctx8_smooth1,0.35808900082668804
1,2,b10_ctx8,hgb,8,4,b10_ctx8_smooth4,0.36812785275881366
1,2,b11_ctx1,hgb,1,1,b11_ctx1_smooth1,0.3451503987282688
1,2,b11_ctx1,hgb,1,4,b11_ctx1_smooth4,0.3610075770592221
1,2,b11_ctx8,hgb,8,1,b11_ctx8_smooth1,0.3532136321507474
1,2,b11_ctx8,hgb,8,4,b11_ctx8_smooth4,0.3559294654663201
1,2,b12_ctx1,qda,1,1,b12_ctx1_smooth1,0.3407140272960214
1,2,b12_ctx1,qda,1,4,b12_ctx1_smooth4,0.33358032087037787
1,2,b12_ctx8,qda,8,1,b12_ctx8_smooth1,0.3305765616426349
1,2,b12_ctx8,qda,8,4,b12_ctx8_smooth4,0.32855544717828716
1,2,b13_ctx1,qda,1,1,b13_ctx1_smooth1,0.33288311258002623
1,2,b13_ctx1,qda,1,4,b13_ctx1_smooth4,0.3262686636432902
1,2,b13_ctx8,qda,8,1,b13_ctx8_smooth1,0.34249184385186154
1,2,b13_ctx8,qda,8,4,b13_ctx8_smooth4,0.3454570753018949
1,2,b14_ctx1,qda,1,1,b14_ctx1_smooth1,0.3401572990736667
1,2,b14_ctx1,qda,1,4,b14_ctx1_smooth4,0.33633812767518223
1,2,b14_ctx8,qda,8,1,b14_ctx8_smooth1,0.33392130533342446
1,2,b14_ctx8,qda,8,4,b14_ctx8_smooth4,0.32328373249483655
1,2,b15_ctx1,fusion_logistic,1,1,b15_ctx1_smooth1,0.3421853699796269
1,2,b15_ctx1,fusion_logistic,1,4,b15_ctx1_smooth4,0.3434451826854336
1,2,b15_ctx8,fusion_logistic,8,1,b15_ctx8_smooth1,0.3634609590594204
1,2,b15_ctx8,fusion_logistic,8,4,b15_ctx8_smooth4,0.3603929970611979
1,2,b16_ctx1,fusion_logistic,1,1,b16_ctx1_smooth1,0.3457118116578635
1,2,b16_ctx1,fusion_logistic,1,4,b16_ctx1_smooth4,0.35211835477694675
1,2,b16_ctx8,fusion_logistic,8,1,b16_ctx8_smooth1,0.35998343154155904
1,2,b16_ctx8,fusion_logistic,8,4,b16_ctx8_smooth4,0.3636622115979599
1,2,b17_ctx1,fusion_logistic,1,1,b17_ctx1_smooth1,0.3465333671037444
1,2,b17_ctx1,fusion_logistic,1,4,b17_ctx1_smooth4,0.35106957193787175
1,2,b17_ctx8,fusion_logistic,8,1,b17_ctx8_smooth1,0.3615164242961712
1,2,b17_ctx8,fusion_logistic,8,4,b17_ctx8_smooth4,0.3663289464163063
1,2,b18_ctx1,fusion_logistic,1,1,b18_ctx1_smooth1,0.3492358892876146
1,2,b18_ctx1,fusion_logistic,1,4,b18_ctx1_smooth4,0.3478853209180435
1,2,b18_ctx8,fusion_logistic,8,1,b18_ctx8_smooth1,0.3640850115056399
1,2,b18_ctx8,fusion_logistic,8,4,b18_ctx8_smooth4,0.37120087095587173
1,2,b19_ctx1,fusion_lda,1,1,b19_ctx1_smooth1,0.34466890558133895
1,2,b19_ctx1,fusion_lda,1,4,b19_ctx1_smooth4,0.34841626432982536
1,2,b19_ctx8,fusion_lda,8,1,b19_ctx8_smooth1,0.3628958335698097
1,2,b19_ctx8,fusion_lda,8,4,b19_ctx8_smooth4,0.36927710440928196
1,2,b20_ctx1,fusion_lda,1,1,b20_ctx1_smooth1,0.33659100129825775
1,2,b20_ctx1,fusion_lda,1,4,b20_ctx1_smooth4,0.34169167903944936
1,2,b20_ctx8,fusion_lda,8,1,b20_ctx8_smooth1,0.35507813607913385
1,2,b20_ctx8,fusion_lda,8,4,b20_ctx8_smooth4,0.3494723582320575
1,2,b21_ctx1,fusion_lda,1,1,b21_ctx1_smooth1,0.3340107296292001
1,2,b21_ctx1,fusion_lda,1,4,b21_ctx1_smooth4,0.32530115186212194
1,2,b21_ctx8,fusion_lda,8,1,b21_ctx8_smooth1,0.3349330174775379
1,2,b21_ctx8,fusion_lda,8,4,b21_ctx8_smooth4,0.32177679150225735
1,3,b00_ctx1,svm_rbf,1,1,b00_ctx1_smooth1,0.34736113905763255
1,3,b00_ctx1,svm_rbf,1,4,b00_ctx1_smooth4,0.33248960010215683
1,3,b00_ctx8,svm_rbf,8,1,b00_ctx8_smooth1,0.3546497930970425
1,3,b00_ctx8,svm_rbf,8,4,b00_ctx8_smooth4,0.3239833939854453
1,3,b01_ctx1,svm_rbf,1,1,b01_ctx1_smooth1,0.3591439205018931
1,3,b01_ctx1,svm_rbf,1,4,b01_ctx1_smooth4,0.3469486038822315
1,3,b01_ctx8,svm_rbf,8,1,b01_ctx8_smooth1,0.3650260820107695
1,3,b01_ctx8,svm_rbf,8,4,b01_ctx8_smooth4,0.34339199908657386
1,3,b02_ctx1,svm_rbf,1,1,b02_ctx1_smooth1,0.34667609371028835
1,3,b02_ctx1,svm_rbf,1,4,b02_ctx1_smooth4,0.3294505875140344
1,3,b02_ctx8,svm_rbf,8,1,b02_ctx8_smooth1,0.3458878365817093
1,3,b02_ctx8,svm_rbf,8,4,b02_ctx8_smooth4,0.3289616686540927
1,3,b03_ctx1,svm_rbf,1,1,b03_ctx1_smooth1,0.3415647861883295
1,3,b03_ctx1,svm_rbf,1,4,b03_ctx1_smooth4,0.3282246948235448
1,3,b03_ctx8,svm_rbf,8,1,b03_ctx8_smooth1,0.3636693464095645
1,3,b03_ctx8,svm_rbf,8,4,b03_ctx8_smooth4,0.3407845252246058
1,3,b04_ctx1,svm_rbf,1,1,b04_ctx1_smooth1,0.34120748874188844
1,3,b04_ctx1,svm_rbf,1,4,b04_ctx1_smooth4,0.32997112050264976
1,3,b04_ctx8,svm_rbf,8,1,b04_ctx8_smooth1,0.33864836148723926
1,3,b04_ctx8,svm_rbf,8,4,b04_ctx8_smooth4,0.3113096040153888
1,3,b05_ctx1,svm_rbf,1,1,b05_ctx1_smooth1,0.3295196993681911
1,3,b05_ctx1,svm_rbf,1,4,b05_ctx1_smooth4,0.3237063805868152
1,3,b05_ctx8,svm_rbf,8,1,b05_ctx8_smooth1,0.34237994638980335
1,3,b05_ctx8,svm_rbf,8,4,b05_ctx8_smooth4,0.33334191477564534
1,3,b06_ctx1,hgb,1,1,b06_ctx1_smooth1,0.374733987589294
1,3,b06_ctx1,hgb,1,4,b06_ctx1_smooth4,0.36789890177484513
1,3,b06_ctx8,hgb,8,1,b06_ctx8_smooth1,0.35493638819471784
1,3,b06_ctx8,hgb,8,4,b06_ctx8_smooth4,0.3326503588949347
1,3,b07_ctx1,hgb,1,1,b07_ctx1_smooth1,0.36721179176043567
1,3,b07_ctx1,hgb,1,4,b07_ctx1_smooth4,0.35591659469633924
1,3,b07_ctx8,hgb,8,1,b07_ctx8_smooth1,0.35830820260017254
1,3,b07_ctx8,hgb,8,4,b07_ctx8_smooth4,0.34081124185970946
1,3,b08_ctx1,hgb,1,1,b08_ctx1_smooth1,0.3873094144582253
1,3,b08_ctx1,hgb,1,4,b08_ctx1_smooth4,0.3717999379545801
1,3,b08_ctx8,hgb,8,1,b08_ctx8_smooth1,0.35293186972767887
1,3,b08_ctx8,hgb,8,4,b08_ctx8_smooth4,0.33313651959013796
1,3,b09_ctx1,hgb,1,1,b09_ctx1_smooth1,0.35913976765747685
1,3,b09_ctx1,hgb,1,4,b09_ctx1_smooth4,0.3650708407357922
1,3,b09_ctx8,hgb,8,1,b09_ctx8_smooth1,0.34649389911567763
1,3,b09_ctx8,hgb,8,4,b09_ctx8_smooth4,0.3454302882599159
1,3,b10_ctx1,hgb,1,1,b10_ctx1_smooth1,0.37161484991658245
1,3,b10_ctx1,hgb,1,4,b10_ctx1_smooth4,0.36386663161590754
1,3,b10_ctx8,hgb,8,1,b10_ctx8_smooth1,0.35889759799357385
1,3,b10_ctx8,hgb,8,4,b10_ctx8_smooth4,0.347616586972208
1,3,b11_ctx1,hgb,1,1,b11_ctx1_smooth1,0.36606664619338314
1,3,b11_ctx1,hgb,1,4,b11_ctx1_smooth4,0.35148964092298407
1,3,b11_ctx8,hgb,8,1,b11_ctx8_smooth1,0.3653021233933038
1,3,b11_ctx8,hgb,8,4,b11_ctx8_smooth4,0.36029585461133234
1,3,b12_ctx1,qda,1,1,b12_ctx1_smooth1,0.33851391142869725
1,3,b12_ctx1,qda,1,4,b12_ctx1_smooth4,0.3407816153391689
1,3,b12_ctx8,qda,8,1,b12_ctx8_smooth1,0.26579246890002944
1,3,b12_ctx8,qda,8,4,b12_ctx8_smooth4,0.2626791718726672
1,3,b13_ctx1,qda,1,1,b13_ctx1_smooth1,0.3447519570342676
1,3,b13_ctx1,qda,1,4,b13_ctx1_smooth4,0.35254536119853797
1,3,b13_ctx8,qda,8,1,b13_ctx8_smooth1,0.28983973328897894
1,3,b13_ctx8,qda,8,4,b13_ctx8_smooth4,0.2764644016376803
1,3,b14_ctx1,qda,1,1,b14_ctx1_smooth1,0.3441393452725554
1,3,b14_ctx1,qda,1,4,b14_ctx1_smooth4,0.3412037095133551
1,3,b14_ctx8,qda,8,1,b14_ctx8_smooth1,0.3474092577398751
1,3,b14_ctx8,qda,8,4,b14_ctx8_smooth4,0.32431895674384503
1,3,b15_ctx1,fusion_logistic,1,1,b15_ctx1_smooth1,0.3499229868855172
1,3,b15_ctx1,fusion_logistic,1,4,b15_ctx1_smooth4,0.34416441104096823
1,3,b15_ctx8,fusion_logistic,8,1,b15_ctx8_smooth1,0.3418069419247553
1,3,b15_ctx8,fusion_logistic,8,4,b15_ctx8_smooth4,0.3132434167313794
1,3,b16_ctx1,fusion_logistic,1,1,b16_ctx1_smooth1,0.34791597572311445
1,3,b16_ctx1,fusion_logistic,1,4,b16_ctx1_smooth4,0.3436347192781243
1,3,b16_ctx8,fusion_logistic,8,1,b16_ctx8_smooth1,0.32670826034565215
1,3,b16_ctx8,fusion_logistic,8,4,b16_ctx8_smooth4,0.3027565721315998
1,3,b17_ctx1,fusion_logistic,1,1,b17_ctx1_smooth1,0.3447748066071579
1,3,b17_ctx1,fusion_logistic,1,4,b17_ctx1_smooth4,0.34341920714269975
1,3,b17_ctx8,fusion_logistic,8,1,b17_ctx8_smooth1,0.32254567903896264
1,3,b17_ctx8,fusion_logistic,8,4,b17_ctx8_smooth4,0.299938319737439
1,3,b18_ctx1,fusion_logistic,1,1,b18_ctx1_smooth1,0.3451078875641469
1,3,b18_ctx1,fusion_logistic,1,4,b18_ctx1_smooth4,0.3435443627479087
1,3,b18_ctx8,fusion_logistic,8,1,b18_ctx8_smooth1,0.3242665064941278
1,3,b18_ctx8,fusion_logistic,8,4,b18_ctx8_smooth4,0.3037393593429676
1,3,b19_ctx1,fusion_lda,1,1,b19_ctx1_smooth1,0.34733502314979037
1,3,b19_ctx1,fusion_lda,1,4,b19_ctx1_smooth4,0.34273534263742306
1,3,b19_ctx8,fusion_lda,8,1,b19_ctx8_smooth1,0.33072309755168733
1,3,b19_ctx8,fusion_lda,8,4,b19_ctx8_smooth4,0.31211339172694785
1,3,b20_ctx1,fusion_lda,1,1,b20_ctx1_smooth1,0.3538925438145186
1,3,b20_ctx1,fusion_lda,1,4,b20_ctx1_smooth4,0.3503522885966308
1,3,b20_ctx8,fusion_lda,8,1,b20_ctx8_smooth1,0.3379857157012712
1,3,b20_ctx8,fusion_lda,8,4,b20_ctx8_smooth4,0.32039038377707746
1,3,b21_ctx1,fusion_lda,1,1,b21_ctx1_smooth1,0.3628744306016774
1,3,b21_ctx1,fusion_lda,1,4,b21_ctx1_smooth4,0.35908894511768574
1,3,b21_ctx8,fusion_lda,8,1,b21_ctx8_smooth1,0.3521829346702832
1,3,b21_ctx8,fusion_lda,8,4,b21_ctx8_smooth4,0.31847748935943726
2,1,b00_ctx1,svm_rbf,1,1,b00_ctx1_smooth1,0.32077881100750716
2,1,b00_ctx1,svm_rbf,1,4,b00_ctx1_smooth4,0.31534108729139765
2,1,b00_ctx8,svm_rbf,8,1,b00_ctx8_smooth1,0.31027699917906615
2,1,b00_ctx8,svm_rbf,8,4,b00_ctx8_smooth4,0.30924213978848536
2,1,b01_ctx1,svm_rbf,1,1,b01_ctx1_smooth1,0.3159231872252311
2,1,b01_ctx1,svm_rbf,1,4,b01_ctx1_smooth4,0.3174907457760064
2,1,b01_ctx8,svm_rbf,8,1,b01_ctx8_smooth1,0.3202722439555025
2,1,b01_ctx8,svm_rbf,8,4,b01_ctx8_smooth4,0.31751393679823664
2,1,b02_ctx1,svm_rbf,1,1,b02_ctx1_smooth1,0.320934419315245
2,1,b02_ctx1,svm_rbf,1,4,b02_ctx1_smooth4,0.3190324828457676
2,1,b02_ctx8,svm_rbf,8,1,b02_ctx8_smooth1,0.329942394609343
2,1,b02_ctx8,svm_rbf,8,4,b02_ctx8_smooth4,0.3304077429030627
2,1,b03_ctx1,svm_rbf,1,1,b03_ctx1_smooth1,0.3240819410011617
2,1,b03_ctx1,svm_rbf,1,4,b03_ctx1_smooth4,0.3223496613919459
2,1,b03_ctx8,svm_rbf,8,1,b03_ctx8_smooth1,0.32480666282544646
2,1,b03_ctx8,svm_rbf,8,4,b03_ctx8_smooth4,0.3299924962018153
2,1,b04_ctx1,svm_rbf,1,1,b04_ctx1_smooth1,0.3238914159896171
2,1,b04_ctx1,svm_rbf,1,4,b04_ctx1_smooth4,0.32749087471346056
2,1,b04_ctx8,svm_rbf,8,1,b04_ctx8_smooth1,0.3313825881402672
2,1,b04_ctx8,svm_rbf,8,4,b04_ctx8_smooth4,0.33369953261510166
2,1,b05_ctx1,svm_rbf,1,1,b05_ctx1_smooth1,0.3187097370187331
2,1,b05_ctx1,svm_rbf,1,4,b05_ctx1_smooth4,0.326154213826475
2,1,b05_ctx8,svm_rbf,8,1,b05_ctx8_smooth1,0.34537905134970415
2,1,b05_ctx8,svm_rbf,8,4,b05_ctx8_smooth4,0.34261384950010493
2,1,b06_ctx1,hgb,1,1,b06_ctx1_smooth1,0.31941086717877726
2,1,b06_ctx1,hgb,1,4,b06_ctx1_smooth4,0.3218509130050998
2,1,b06_ctx8,hgb,8,1,b06_ctx8_smooth1,0.3086115622202974
2,1,b06_ctx8,hgb,8,4,b06_ctx8_smooth4,0.3086772932089454
2,1,b07_ctx1,hgb,1,1,b07_ctx1_smooth1,0.33862947687003336
2,1,b07_ctx1,hgb,1,4,b07_ctx1_smooth4,0.3469566318129732
2,1,b07_ctx8,hgb,8,1,b07_ctx8_smooth1,0.32473954692178186
2,1,b07_ctx8,hgb,8,4,b07_ctx8_smooth4,0.33236852715065845
2,1,b08_ctx1,hgb,1,1,b08_ctx1_smooth1,0.3329803507678549
2,1,b08_ctx1,hgb,1,4,b08_ctx1_smooth4,0.338700514852916
2,1,b08_ctx8,hgb,8,1,b08_ctx8_smooth1,0.31099719986030594
2,1,b08_ctx8,hgb,8,4,b08_ctx8_smooth4,0.30765157485233885
2,1,b09_ctx1,hgb,1,1,b09_ctx1_smooth1,0.33733357297667393
2,1,b09_ctx1,hgb,1,4,b09_ctx1_smooth4,0.3525160725488746
2,1,b09_ctx8,hgb,8,1,b09_ctx8_smooth1,0.319390830167014
2,1,b09_ctx8,hgb,8,4,b09_ctx8_smooth4,0.33012888067757823
2,1,b10_ctx1,hgb,1,1,b10_ctx1_smooth1,0.33935457145975567
2,1,b10_ctx1,hgb,1,4,b10_ctx1_smooth4,0.3502240724348833
2,1,b10_ctx8,hgb,8,1,b10_ctx8_smooth1,0.3270224222823065
2,1,b10_ctx8,hgb,8,4,b10_ctx8_smooth4,0.3244858606893491
2,1,b11_ctx1,hgb,1,1,b11_ctx1_smooth1,0.3445349318958747
2,1,b11_ctx1,hgb,1,4,b11_ctx1_smooth4,0.35836955770186163
2,1,b11_ctx8,hgb,8,1,b11_ctx8_smooth1,0.3391912918356688
2,1,b11_ctx8,hgb,8,4,b11_ctx8_smooth4,0.3457595403018809
2,1,b12_ctx1,qda,1,1,b12_ctx1_smooth1,0.31848111374206167
2,1,b12_ctx1,qda,1,4,b12_ctx1_smooth4,0.3231736706576493
2,1,b12_ctx8,qda,8,1,b12_ctx8_smooth1,0.3246522595437303
2,1,b12_ctx8,qda,8,4,b12_ctx8_smooth4,0.320092975513307
2,1,b13_ctx1,qda,1,1,b13_ctx1_smooth1,0.3129302751796351
2,1,b13_ctx1,qda,1,4,b13_ctx1_smooth4,0.3157010447553596
2,1,b13_ctx8,qda,8,1,b13_ctx8_smooth1,0.3066599980509254
2,1,b13_ctx8,qda,8,4,b13_ctx8_smooth4,0.31563716577586987
2,1,b14_ctx1,qda,1,1,b14_ctx1_smooth1,0.32182662627617575
2,1,b14_ctx1,qda,1,4,b14_ctx1_smooth4,0.3104953828618903
2,1,b14_ctx8,qda,8,1,b14_ctx8_smooth1,0.3174186034687251
2,1,b14_ctx8,qda,8,4,b14_ctx8_smooth4,0.31956739056443906
2,1,b15_ctx1,fusion_logistic,1,1,b15_ctx1_smooth1,0.34200974321339456
2,1,b15_ctx1,fusion_logistic,1,4,b15_ctx1_smooth4,0.3488472815543348
2,1,b15_ctx8,fusion_logistic,8,1,b15_ctx8_smooth1,0.3549080509888654
2,1,b15_ctx8,fusion_logistic,8,4,b15_ctx8_smooth4,0.3505443065301991
2,1,b16_ctx1,fusion_logistic,1,1,b16_ctx1_smooth1,0.3418402589077649
2,1,b16_ctx1,fusion_logistic,1,4,b16_ctx1_smooth4,0.3563090900062223
2,1,b16_ctx8,fusion_logistic,8,1,b16_ctx8_smooth1,0.35034020328273735
2,1,b16_ctx8,fusion_logistic,8,4,b16_ctx8_smooth4,0.351201705775087
2,1,b17_ctx1,fusion_logistic,1,1,b17_ctx1_smooth1,0.3428764242035166
2,1,b17_ctx1,fusion_logistic,1,4,b17_ctx1_smooth4,0.35679452608485507
2,1,b17_ctx8,fusion_logistic,8,1,b17_ctx8_smooth1,0.3446417284977956
2,1,b17_ctx8,fusion_logistic,8,4,b17_ctx8_smooth4,0.35476530122235017
2,1,b18_ctx1,fusion_logistic,1,1,b18_ctx1_smooth1,0.3432180240649785
2,1,b18_ctx1,fusion_logistic,1,4,b18_ctx1_smooth4,0.3553426122822003
2,1,b18_ctx8,fusion_logistic,8,1,b18_ctx8_smooth1,0.3485693093170551
2,1,b18_ctx8,fusion_logistic,8,4,b18_ctx8_smooth4,0.35092397926725405
2,1,b19_ctx1,fusion_lda,1,1,b19_ctx1_smooth1,0.34118267089656534
2,1,b19_ctx1,fusion_lda,1,4,b19_ctx1_smooth4,0.348054854495777
2,1,b19_ctx8,fusion_lda,8,1,b19_ctx8_smooth1,0.35082340774484644
2,1,b19_ctx8,fusion_lda,8,4,b19_ctx8_smooth4,0.34225227801302877
2,1,b20_ctx1,fusion_lda,1,1,b20_ctx1_smooth1,0.3344192523632095
2,1,b20_ctx1,fusion_lda,1,4,b20_ctx1_smooth4,0.3392796332015885
2,1,b20_ctx8,fusion_lda,8,1,b20_ctx8_smooth1,0.3430268982564021
2,1,b20_ctx8,fusion_lda,8,4,b20_ctx8_smooth4,0.3373440489322672
2,1,b21_ctx1,fusion_lda,1,1,b21_ctx1_smooth1,0.3234214517412489
2,1,b21_ctx1,fusion_lda,1,4,b21_ctx1_smooth4,0.32097504943596644
2,1,b21_ctx8,fusion_lda,8,1,b21_ctx8_smooth1,0.31749046282494264
2,1,b21_ctx8,fusion_lda,8,4,b21_ctx8_smooth4,0.3098610112705684
2,2,b00_ctx1,svm_rbf,1,1,b00_ctx1_smooth1,0.34432918425323233
2,2,b00_ctx1,svm_rbf,1,4,b00_ctx1_smooth4,0.3525877164509534
2,2,b00_ctx8,svm_rbf,8,1,b00_ctx8_smooth1,0.35988253540038245
2,2,b00_ctx8,svm_rbf,8,4,b00_ctx8_smooth4,0.36751051113693706
2,2,b01_ctx1,svm_rbf,1,1,b01_ctx1_smooth1,0.34003129667307164
2,2,b01_ctx1,svm_rbf,1,4,b01_ctx1_smooth4,0.34596315565905966
2,2,b01_ctx8,svm_rbf,8,1,b01_ctx8_smooth1,0.3579026619604861
2,2,b01_ctx8,svm_rbf,8,4,b01_ctx8_smooth4,0.3552372386554688
2,2,b02_ctx1,svm_rbf,1,1,b02_ctx1_smooth1,0.3467729404719758
2,2,b02_ctx1,svm_rbf,1,4,b02_ctx1_smooth4,0.3543841081137406
2,2,b02_ctx8,svm_rbf,8,1,b02_ctx8_smooth1,0.3600781379920985
2,2,b02_ctx8,svm_rbf,8,4,b02_ctx8_smooth4,0.36532757596367
2,2,b03_ctx1,svm_rbf,1,1,b03_ctx1_smooth1,0.3523444769000955
2,2,b03_ctx1,svm_rbf,1,4,b03_ctx1_smooth4,0.35885044013147727
2,2,b03_ctx8,svm_rbf,8,1,b03_ctx8_smooth1,0.34455349255853096
2,2,b03_ctx8,svm_rbf,8,4,b03_ctx8_smooth4,0.34017169064277714
2,2,b04_ctx1,svm_rbf,1,1,b04_ctx1_smooth1,0.3434301574333794
2,2,b04_ctx1,svm_rbf,1,4,b04_ctx1_smooth4,0.3487806973460273
2,2,b04_ctx8,svm_rbf,8,1,b04_ctx8_smooth1,0.3661417641996892
2,2,b04_ctx8,svm_rbf,8,4,b04_ctx8_smooth4,0.3632261339516
2,2,b05_ctx1,svm_rbf,1,1,b05_ctx1_smooth1,0.3466071676465426
2,2,b05_ctx1,svm_rbf,1,4,b05_ctx1_smooth4,0.3516770998649053
2,2,b05_ctx8,svm_rbf,8,1,b05_ctx8_smooth1,0.34657879380142226
2,2,b05_ctx8,svm_rbf,8,4,b05_ctx8_smooth4,0.34157666129259134
2,2,b06_ctx1,hgb,1,1,b06_ctx1_smooth1,0.3155632563869543
2,2,b06_ctx1,hgb,1,4,b06_ctx1_smooth4,0.3163083878898965
2,2,b06_ctx8,hgb,8,1,b06_ctx8_smooth1,0.34332724253186714
2,2,b06_ctx8,hgb,8,4,b06_ctx8_smooth4,0.3396362300179745
2,2,b07_ctx1,hgb,1,1,b07_ctx1_smooth1,0.32160932492783006
2,2,b07_ctx1,hgb,1,4,b07_ctx1_smooth4,0.3306269371391791
2,2,b07_ctx8,hgb,8,1,b07_ctx8_smooth1,0.33535098954660136
2,2,b07_ctx8,hgb,8,4,b07_ctx8_smooth4,0.3276292610616376
2,2,b08_ctx1,hgb,1,1,b08_ctx1_smooth1,0.3216898327032516
2,2,b08_ctx1,hgb,1,4,b08_ctx1_smooth4,0.3174950845704075
2,2,b08_ctx8,hgb,8,1,b08_ctx8_smooth1,0.33183953649780007
2,2,b08_ctx8,hgb,8,4,b08_ctx8_smooth4,0.3297662400335552
2,2,b09_ctx1,hgb,1,1,b09_ctx1_smooth1,0.3253656297028179
2,2,b09_ctx1,hgb,1,4,b09_ctx1_smooth4,0.3325785416154956
2,2,b09_ctx8,hgb,8,1,b09_ctx8_smooth1,0.33925479562363625
2,2,b09_ctx8,hgb,8,4,b09_ctx8_smooth4,0.3373239553392919
2,2,b10_ctx1,hgb,1,1,b10_ctx1_smooth1,0.32544880370053386
2,2,b10_ctx1,hgb,1,4,b10_ctx1_smooth4,0.3212251692079832
2,2,b10_ctx8,hgb,8,1,b10_ctx8_smooth1,0.3384965121786281
2,2,b10_ctx8,hgb,8,4,b10_ctx8_smooth4,0.33628098603325995
2,2,b11_ctx1,hgb,1,1,b11_ctx1_smooth1,0.3386147850626721
2,2,b11_ctx1,hgb,1,4,b11_ctx1_smooth4,0.34377342695148005
2,2,b11_ctx8,hgb,8,1,b11_ctx8_smooth1,0.33124241313767405
2,2,b11_ctx8,hgb,8,4,b11_ctx8_smooth4,0.3299075816551769
2,2,b12_ctx1,qda,1,1,b12_ctx1_smooth1,0.36462783663307724
2,2,b12_ctx1,qda,1,4,b12_ctx1_smooth4,0.37283389820541213
2,2,b12_ctx8,qda,8,1,b12_ctx8_smooth1,0.36985358277207314
2,2,b12_ctx8,qda,8,4,b12_ctx8_smooth4,0.3676278055405073
2,2,b13_ctx1,qda,1,1,b13_ctx1_smooth1,0.3675180136852131
2,2,b13_ctx1,qda,1,4,b13_ctx1_smooth4,0.377852741446067
2,2,b13_ctx8,qda,8,1,b13_ctx8_smooth1,0.37267451670384205
2,2,b13_ctx8,qda,8,4,b13_ctx8_smooth4,0.37865504823899915
2,2,b14_ctx1,qda,1,1,b14_ctx1_smooth1,0.34615219474208486
2,2,b14_ctx1,qda,1,4,b14_ctx1_smooth4,0.35329586955381626
2,2,b14_ctx8,qda,8,1,b14_ctx8_smooth1,0.36763914855784285
2,2,b14_ctx8,qda,8,4,b14_ctx8_smooth4,0.37044093869507366
2,2,b15_ctx1,fusion_logistic,1,1,b15_ctx1_smooth1,0.33134613626932513
2,2,b15_ctx1,fusion_logistic,1,4,b15_ctx1_smooth4,0.349974057199118
2,2,b15_ctx8,fusion_logistic,8,1,b15_ctx8_smooth1,0.35926686361435123
2,2,b15_ctx8,fusion_logistic,8,4,b15_ctx8_smooth4,0.3764577988160714
2,2,b16_ctx1,fusion_logistic,1,1,b16_ctx1_smooth1,0.33143088803168796
2,2,b16_ctx1,fusion_logistic,1,4,b16_ctx1_smooth4,0.34300822373514905
2,2,b16_ctx8,fusion_logistic,8,1,b16_ctx8_smooth1,0.3595077918514503
2,2,b16_ctx8,fusion_logistic,8,4,b16_ctx8_smooth4,0.3779476873701057
2,2,b17_ctx1,fusion_logistic,1,1,b17_ctx1_smooth1,0.3339165142375698
2,2,b17_ctx1,fusion_logistic,1,4,b17_ctx1_smooth4,0.3395810372556945
2,2,b17_ctx8,fusion_logistic,8,1,b17_ctx8_smooth1,0.36228267374688444
2,2,b17_ctx8,fusion_logistic,8,4,b17_ctx8_smooth4,0.37411353952746
2,2,b18_ctx1,fusion_logistic,1,1,b18_ctx1_smooth1,0.33252977558870456
2,2,b18_ctx1,fusion_logistic,1,4,b18_ctx1_smooth4,0.34309992529932726
2,2,b18_ctx8,fusion_logistic,8,1,b18_ctx8_smooth1,0.36449016908148646
2,2,b18_ctx8,fusion_logistic,8,4,b18_ctx8_smooth4,0.3726504505029994
2,2,b19_ctx1,fusion_lda,1,1,b19_ctx1_smooth1,0.3354717362966451
2,2,b19_ctx1,fusion_lda,1,4,b19_ctx1_smooth4,0.34919915506913796
2,2,b19_ctx8,fusion_lda,8,1,b19_ctx8_smooth1,0.36363368559023196
2,2,b19_ctx8,fusion_lda,8,4,b19_ctx8_smooth4,0.380775891298261
2,2,b20_ctx1,fusion_lda,1,1,b20_ctx1_smooth1,0.333277934363481
2,2,b20_ctx1,fusion_lda,1,4,b20_ctx1_smooth4,0.34948187203668185
2,2,b20_ctx8,fusion_lda,8,1,b20_ctx8_smooth1,0.3522913064090814
2,2,b20_ctx8,fusion_lda,8,4,b20_ctx8_smooth4,0.36551393143729194
2,2,b21_ctx1,fusion_lda,1,1,b21_ctx1_smooth1,0.3440210112466272
2,2,b21_ctx1,fusion_lda,1,4,b21_ctx1_smooth4,0.35193922892652785
2,2,b21_ctx8,fusion_lda,8,1,b21_ctx8_smooth1,0.34423055461995167
2,2,b21_ctx8,fusion_lda,8,4,b21_ctx8_smooth4,0.35512314116475396
2,3,b00_ctx1,svm_rbf,1,1,b00_ctx1_smooth1,0.34942847898758705
2,3,b00_ctx1,svm_rbf,1,4,b00_ctx1_smooth4,0.3390153153086016
2,3,b00_ctx8,svm_rbf,8,1,b00_ctx8_smooth1,0.3623539903337635
2,3,b00_ctx8,svm_rbf,8,4,b00_ctx8_smooth4,0.35308281315321527
2,3,b01_ctx1,svm_rbf,1,1,b01_ctx1_smooth1,0.3443960581762224
2,3,b01_ctx1,svm_rbf,1,4,b01_ctx1_smooth4,0.353064251028132
2,3,b01_ctx8,svm_rbf,8,1,b01_ctx8_smooth1,0.3602903510954094
2,3,b01_ctx8,svm_rbf,8,4,b01_ctx8_smooth4,0.360130620267927
2,3,b02_ctx1,svm_rbf,1,1,b02_ctx1_smooth1,0.35433028008183276
2,3,b02_ctx1,svm_rbf,1,4,b02_ctx1_smooth4,0.3498484737301364
2,3,b02_ctx8,svm_rbf,8,1,b02_ctx8_smooth1,0.37007077657272747
2,3,b02_ctx8,svm_rbf,8,4,b02_ctx8_smooth4,0.3771315328360474
2,3,b03_ctx1,svm_rbf,1,1,b03_ctx1_smooth1,0.3495161893099796
2,3,b03_ctx1,svm_rbf,1,4,b03_ctx1_smooth4,0.3643473324679095
2,3,b03_ctx8,svm_rbf,8,1,b03_ctx8_smooth1,0.3758706574946892
2,3,b03_ctx8,svm_rbf,8,4,b03_ctx8_smooth4,0.3712987834560301
2,3,b04_ctx1,svm_rbf,1,1,b04_ctx1_smooth1,0.3574708441348761
2,3,b04_ctx1,svm_rbf,1,4,b04_ctx1_smooth4,0.37018052893760317
2,3,b04_ctx8,svm_rbf,8,1,b04_ctx8_smooth1,0.3659119510917004
2,3,b04_ctx8,svm_rbf,8,4,b04_ctx8_smooth4,0.36880365877862165
2,3,b05_ctx1,svm_rbf,1,1,b05_ctx1_smooth1,0.33092441289600627
2,3,b05_ctx1,svm_rbf,1,4,b05_ctx1_smooth4,0.33867531538864626
2,3,b05_ctx8,svm_rbf,8,1,b05_ctx8_smooth1,0.36589624193377146
2,3,b05_ctx8,svm_rbf,8,4,b05_ctx8_smooth4,0.37372674828735436
2,3,b06_ctx1,hgb,1,1,b06_ctx1_smooth1,0.3288224900564072
2,3,b06_ctx1,hgb,1,4,b06_ctx1_smooth4,0.3276819876469527
2,3,b06_ctx8,hgb,8,1,b06_ctx8_smooth1,0.3477360418106633
2,3,b06_ctx8,hgb,8,4,b06_ctx8_smooth4,0.34020517503429193
2,3,b07_ctx1,hgb,1,1,b07_ctx1_smooth1,0.3392458824305013
2,3,b07_ctx1,hgb,1,4,b07_ctx1_smooth4,0.3248885446073313
2,3,b07_ctx8,hgb,8,1,b07_ctx8_smooth1,0.3601266267463328
2,3,b07_ctx8,hgb,8,4,b07_ctx8_smooth4,0.3492376150336953
2,3,b08_ctx1,hgb,1,1,b08_ctx1_smooth1,0.33791549089126083
2,3,b08_ctx1,hgb,1,4,b08_ctx1_smooth4,0.3217039394067443
2,3,b08_ctx8,hgb,8,1,b08_ctx8_smooth1,0.3420203290566885
2,3,b08_ctx8,hgb,8,4,b08_ctx8_smooth4,0.3341074582464353
2,3,b09_ctx1,hgb,1,1,b09_ctx1_smooth1,0.3562292099155024
2,3,b09_ctx1,hgb,1,4,b09_ctx1_smooth4,0.35079019454274757
2,3,b09_ctx8,hgb,8,1,b09_ctx8_smooth1,0.35771866040619266
2,3,b09_ctx8,hgb,8,4,b09_ctx8_smooth4,0.34833947384770286
2,3,b10_ctx1,hgb,1,1,b10_ctx1_smooth1,0.34329088106146666
2,3,b10_ctx1,hgb,1,4,b10_ctx1_smooth4,0.3267539449283889
2,3,b10_ctx8,hgb,8,1,b10_ctx8_smooth1,0.3510768016265408
2,3,b10_ctx8,hgb,8,4,b10_ctx8_smooth4,0.34749587977659635
2,3,b11_ctx1,hgb,1,1,b11_ctx1_smooth1,0.3499662510419508
2,3,b11_ctx1,hgb,1,4,b11_ctx1_smooth4,0.3360255925289239
2,3,b11_ctx8,hgb,8,1,b11_ctx8_smooth1,0.3581190119597826
2,3,b11_ctx8,hgb,8,4,b11_ctx8_smooth4,0.3624385218392946
2,3,b12_ctx1,qda,1,1,b12_ctx1_smooth1,0.3680379536951254
2,3,b12_ctx1,qda,1,4,b12_ctx1_smooth4,0.3684649309404639
2,3,b12_ctx8,qda,8,1,b12_ctx8_smooth1,0.38875594007776565
2,3,b12_ctx8,qda,8,4,b12_ctx8_smooth4,0.3846011359378352
2,3,b13_ctx1,qda,1,1,b13_ctx1_smooth1,0.37006382908971436
2,3,b13_ctx1,qda,1,4,b13_ctx1_smooth4,0.36355039645069687
2,3,b13_ctx8,qda,8,1,b13_ctx8_smooth1,0.3910061581669254
2,3,b13_ctx8,qda,8,4,b13_ctx8_smooth4,0.38181417261670264
2,3,b14_ctx1,qda,1,1,b14_ctx1_smooth1,0.3638448949660147
2,3,b14_ctx1,qda,1,4,b14_ctx1_smooth4,0.3804124104847194
2,3,b14_ctx8,qda,8,1,b14_ctx8_smooth1,0.3874395548920534
2,3,b14_ctx8,qda,8,4,b14_ctx8_smooth4,0.3859979762348077
2,3,b15_ctx1,fusion_logistic,1,1,b15_ctx1_smooth1,0.35599222867124747
2,3,b15_ctx1,fusion_logistic,1,4,b15_ctx1_smooth4,0.357551619661489
2,3,b15_ctx8,fusion_logistic,8,1,b15_ctx8_smooth1,0.3754932687457324
2,3,b15_ctx8,fusion_logistic,8,4,b15_ctx8_smooth4,0.37480736096633044
2,3,b16_ctx1,fusion_logistic,1,1,b16_ctx1_smooth1,0.3615269632617176
2,3,b16_ctx1,fusion_logistic,1,4,b16_ctx1_smooth4,0.3575330380025881
2,3,b16_ctx8,fusion_logistic,8,1,b16_ctx8_smooth1,0.3753894336291695
2,3,b16_ctx8,fusion_logistic,8,4,b16_ctx8_smooth4,0.3861353554273656
2,3,b17_ctx1,fusion_logistic,1,1,b17_ctx1_smooth1,0.36529820213967035
2,3,b17_ctx1,fusion_logistic,1,4,b17_ctx1_smooth4,0.36682032877990495
2,3,b17_ctx8,fusion_logistic,8,1,b17_ctx8_smooth1,0.37995917767558013
2,3,b17_ctx8,fusion_logistic,8,4,b17_ctx8_smooth4,0.38806280766054496
2,3,b18_ctx1,fusion_logistic,1,1,b18_ctx1_smooth1,0.3640995917749743
2,3,b18_ctx1,fusion_logistic,1,4,b18_ctx1_smooth4,0.36514373960226465
2,3,b18_ctx8,fusion_logistic,8,1,b18_ctx8_smooth1,0.38116253646189036
2,3,b18_ctx8,fusion_logistic,8,4,b18_ctx8_smooth4,0.38208941523265616
2,3,b19_ctx1,fusion_lda,1,1,b19_ctx1_smooth1,0.3592570944349845
2,3,b19_ctx1,fusion_lda,1,4,b19_ctx1_smooth4,0.35622037062381207
2,3,b19_ctx8,fusion_lda,8,1,b19_ctx8_smooth1,0.3752452926426329
2,3,b19_ctx8,fusion_lda,8,4,b19_ctx8_smooth4,0.38146487161584025
2,3,b20_ctx1,fusion_lda,1,1,b20_ctx1_smooth1,0.3537322343831568
2,3,b20_ctx1,fusion_lda,1,4,b20_ctx1_smooth4,0.3538302208255409
2,3,b20_ctx8,fusion_lda,8,1,b20_ctx8_smooth1,0.3714628491727349
2,3,b20_ctx8,fusion_lda,8,4,b20_ctx8_smooth4,0.3662836727162387
2,3,b21_ctx1,fusion_lda,1,1,b21_ctx1_smooth1,0.3465956204577031
2,3,b21_ctx1,fusion_lda,1,4,b21_ctx1_smooth4,0.35355381839606764
2,3,b21_ctx8,fusion_lda,8,1,b21_ctx8_smooth1,0.3597732441643397
2,3,b21_ctx8,fusion_lda,8,4,b21_ctx8_smooth4,0.3569584689324309
3,1,b00_ctx1,svm_rbf,1,1,b00_ctx1_smooth1,0.327653273821074
3,1,b00_ctx1,svm_rbf,1,4,b00_ctx1_smooth4,0.32604333491154686
3,1,b00_ctx8,svm_rbf,8,1,b00_ctx8_smooth1,0.34279216473391555
3,1,b00_ctx8,svm_rbf,8,4,b00_ctx8_smooth4,0.3446237587251828
3,1,b01_ctx1,svm_rbf,1,1,b01_ctx1_smooth1,0.3484724598497355
3,1,b01_ctx1,svm_rbf,1,4,b01_ctx1_smooth4,0.3483597532494083
3,1,b01_ctx8,svm_rbf,8,1,b01_ctx8_smooth1,0.33325639671937046
3,1,b01_ctx8,svm_rbf,8,4,b01_ctx8_smooth4,0.3333083128944596
3,1,b02_ctx1,svm_rbf,1,1,b02_ctx1_smooth1,0.34191501724501233
3,1,b02_ctx1,svm_rbf,1,4,b02_ctx1_smooth4,0.34569169632900126
3,1,b02_ctx8,svm_rbf,8,1,b02_ctx8_smooth1,0.3482847046792805
3,1,b02_ctx8,svm_rbf,8,4,b02_ctx8_smooth4,0.34263872760358094
3,1,b03_ctx1,svm_rbf,1,1,b03_ctx1_smooth1,0.32457318891992293
3,1,b03_ctx1,svm_rbf,1,4,b03_ctx1_smooth4,0.3229307731785328
3,1,b03_ctx8,svm_rbf,8,1,b03_ctx8_smooth1,0.3478914563375346
3,1,b03_ctx8,svm_rbf,8,4,b03_ctx8_smooth4,0.33831158976340575
3,1,b04_ctx1,svm_rbf,1,1,b04_ctx1_smooth1,0.33052495532186693
3,1,b04_ctx1,svm_rbf,1,4,b04_ctx1_smooth4,0.33050988088229266
3,1,b04_ctx8,svm_rbf,8,1,b04_ctx8_smooth1,0.3499529114263645
3,1,b04_ctx8,svm_rbf,8,4,b04_ctx8_smooth4,0.3412028646187684
3,1,b05_ctx1,svm_rbf,1,1,b05_ctx1_smooth1,0.33168075760555155
3,1,b05_ctx1,svm_rbf,1,4,b05_ctx1_smooth4,0.32538415943955634
3,1,b05_ctx8,svm_rbf,8,1,b05_ctx8_smooth1,0.343889668893717
3,1,b05_ctx8,svm_rbf,8,4,b05_ctx8_smooth4,0.33231118335794424
3,1,b06_ctx1,hgb,1,1,b06_ctx1_smooth1,0.3352114446074444
3,1,b06_ctx1,hgb,1,4,b06_ctx1_smooth4,0.3526089686414938
3,1,b06_ctx8,hgb,8,1,b06_ctx8_smooth1,0.32828168876476177
3,1,b06_ctx8,hgb,8,4,b06_ctx8_smooth4,0.3392341870769504
3,1,b07_ctx1,hgb,1,1,b07_ctx1_smooth1,0.3281626955268476
3,1,b07_ctx1,hgb,1,4,b07_ctx1_smooth4,0.3252627838938354
3,1,b07_ctx8,hgb,8,1,b07_ctx8_smooth1,0.31752050877445975
3,1,b07_ctx8,hgb,8,4,b07_ctx8_smooth4,0.3102672770959558
3,1,b08_ctx1,hgb,1,1,b08_ctx1_smooth1,0.32949989448235717
3,1,b08_ctx1,hgb,1,4,b08_ctx1_smooth4,0.33673478579103056
3,1,b08_ctx8,hgb,8,1,b08_ctx8_smooth1,0.32972654038792587
3,1,b08_ctx8,hgb,8,4,b08_ctx8_smooth4,0.3235913505029874
3,1,b09_ctx1,hgb,1,1,b09_ctx1_smooth1,0.340026889074509
3,1,b09_ctx1,hgb,1,4,b09_ctx1_smooth4,0.3391505137335489
3,1,b09_ctx8,hgb,8,1,b09_ctx8_smooth1,0.33124014520753514
3,1,b09_ctx8,hgb,8,4,b09_ctx8_smooth4,0.32369555330996763
3,1,b10_ctx1,hgb,1,1,b10_ctx1_smooth1,0.32592554574300275
3,1,b10_ctx1,hgb,1,4,b10_ctx1_smooth4,0.33152844955202115
3,1,b10_ctx8,hgb,8,1,b10_ctx8_smooth1,0.33295418547845945
3,1,b10_ctx8,hgb,8,4,b10_ctx8_smooth4,0.33469456571492545
3,1,b11_ctx1,hgb,1,1,b11_ctx1_smooth1,0.3408059188695839
3,1,b11_ctx1,hgb,1,4,b11_ctx1_smooth4,0.3342938782513556
3,1,b11_ctx8,hgb,8,1,b11_ctx8_smooth1,0.3347094455896042
3,1,b11_ctx8,hgb,8,4,b11_ctx8_smooth4,0.32724850356332774
3,1,b12_ctx1,qda,1,1,b12_ctx1_smooth1,0.3265328861612801
3,1,b12_ctx1,qda,1,4,b12_ctx1_smooth4,0.33265034766814106
3,1,b12_ctx8,qda,8,1,b12_ctx8_smooth1,0.33135236376041927
3,1,b12_ctx8,qda,8,4,b12_ctx8_smooth4,0.3289028720358687
3,1,b13_ctx1,qda,1,1,b13_ctx1_smooth1,0.3242763375991886
3,1,b13_ctx1,qda,1,4,b13_ctx1_smooth4,0.32874223967731386
3,1,b13_ctx8,qda,8,1,b13_ctx8_smooth1,0.3299598871429084
3,1,b13_ctx8,qda,8,4,b13_ctx8_smooth4,0.3383363940520219
3,1,b14_ctx1,qda,1,1,b14_ctx1_smooth1,0.32792665966739865
3,1,b14_ctx1,qda,1,4,b14_ctx1_smooth4,0.3305899323666761
3,1,b14_ctx8,qda,8,1,b14_ctx8_smooth1,0.3228177908875567
3,1,b14_ctx8,qda,8,4,b14_ctx8_smooth4,0.3168817552381583
3,1,b15_ctx1,fusion_logistic,1,1,b15_ctx1_smooth1,0.3428533569332242
3,1,b15_ctx1,fusion_logistic,1,4,b15_ctx1_smooth4,0.3584559344353115
3,1,b15_ctx8,fusion_logistic,8,1,b15_ctx8_smooth1,0.3441156384101843
3,1,b15_ctx8,fusion_logistic,8,4,b15_ctx8_smooth4,0.3480855424052493
3,1,b16_ctx1,fusion_logistic,1,1,b16_ctx1_smooth1,0.3419344869929326
3,1,b16_ctx1,fusion_logistic,1,4,b16_ctx1_smooth4,0.34976071029209105
3,1,b16_ctx8,fusion_logistic,8,1,b16_ctx8_smooth1,0.3515383231116312
3,1,b16_ctx8,fusion_logistic,8,4,b16_ctx8_smooth4,0.34596707185162195
3,1,b17_ctx1,fusion_logistic,1,1,b17_ctx1_smooth1,0.3471901511254492
3,1,b17_ctx1,fusion_logistic,1,4,b17_ctx1_smooth4,0.3521310502955148
3,1,b17_ctx8,fusion_logistic,8,1,b17_ctx8_smooth1,0.3445340538741181
3,1,b17_ctx8,fusion_logistic,8,4,b17_ctx8_smooth4,0.3481087967447173
3,1,b18_ctx1,fusion_logistic,1,1,b18_ctx1_smooth1,0.34213219756125673
3,1,b18_ctx1,fusion_logistic,1,4,b18_ctx1_smooth4,0.3482435553049959
3,1,b18_ctx8,fusion_logistic,8,1,b18_ctx8_smooth1,0.33990415423039805
3,1,b18_ctx8,fusion_logistic,8,4,b18_ctx8_smooth4,0.34381762551085304
3,1,b19_ctx1,fusion_lda,1,1,b19_ctx1_smooth1,0.344153245868571
3,1,b19_ctx1,fusion_lda,1,4,b19_ctx1_smooth4,0.36033466413310417
3,1,b19_ctx8,fusion_lda,8,1,b19_ctx8_smooth1,0.35123905899810853
3,1,b19_ctx8,fusion_lda,8,4,b19_ctx8_smooth4,0.3470353035157728
3,1,b20_ctx1,fusion_lda,1,1,b20_ctx1_smooth1,0.343428066921327
3,1,b20_ctx1,fusion_lda,1,4,b20_ctx1_smooth4,0.35191865086168334
3,1,b20_ctx8,fusion_lda,8,1,b20_ctx8_smooth1,0.336191798968788
3,1,b20_ctx8,fusion_lda,8,4,b20_ctx8_smooth4,0.33796549830441835
3,1,b21_ctx1,fusion_lda,1,1,b21_ctx1_smooth1,0.33949732779190556
3,1,b21_ctx1,fusion_lda,1,4,b21_ctx1_smooth4,0.3434327775987963
3,1,b21_ctx8,fusion_lda,8,1,b21_ctx8_smooth1,0.34061268428279606
3,1,b21_ctx8,fusion_lda,8,4,b21_ctx8_smooth4,0.34824533130274155
3,2,b00_ctx1,svm_rbf,1,1,b00_ctx1_smooth1,0.32346348938346264
3,2,b00_ctx1,svm_rbf,1,4,b00_ctx1_smooth4,0.3233243844180117
3,2,b00_ctx8,svm_rbf,8,1,b00_ctx8_smooth1,0.3384858719664778
3,2,b00_ctx8,svm_rbf,8,4,b00_ctx8_smooth4,0.33301037112459286
3,2,b01_ctx1,svm_rbf,1,1,b01_ctx1_smooth1,0.3253281679996245
3,2,b01_ctx1,svm_rbf,1,4,b01_ctx1_smooth4,0.32144541536148974
3,2,b01_ctx8,svm_rbf,8,1,b01_ctx8_smooth1,0.3266427099795729
3,2,b01_ctx8,svm_rbf,8,4,b01_ctx8_smooth4,0.31809439070143686
3,2,b02_ctx1,svm_rbf,1,1,b02_ctx1_smooth1,0.322861510451371
3,2,b02_ctx1,svm_rbf,1,4,b02_ctx1_smooth4,0.32596874290166666
3,2,b02_ctx8,svm_rbf,8,1,b02_ctx8_smooth1,0.33441806430951176
3,2,b02_ctx8,svm_rbf,8,4,b02_ctx8_smooth4,0.32971104203075496
3,2,b03_ctx1,svm_rbf,1,1,b03_ctx1_smooth1,0.33221267011344
3,2,b03_ctx1,svm_rbf,1,4,b03_ctx1_smooth4,0.3360301096729368
3,2,b03_ctx8,svm_rbf,8,1,b03_ctx8_smooth1,0.3251891441093162
3,2,b03_ctx8,svm_rbf,8,4,b03_ctx8_smooth4,0.31436637283819174
3,2,b04_ctx1,svm_rbf,1,1,b04_ctx1_smooth1,0.3287197812209699
3,2,b04_ctx1,svm_rbf,1,4,b04_ctx1_smooth4,0.3263065212155719
3,2,b04_ctx8,svm_rbf,8,1,b04_ctx8_smooth1,0.3178432546426644
3,2,b04_ctx8,svm_rbf,8,4,b04_ctx8_smooth4,0.3043763315586788
3,2,b05_ctx1,svm_rbf,1,1,b05_ctx1_smooth1,0.33910028933520137
3,2,b05_ctx1,svm_rbf,1,4,b05_ctx1_smooth4,0.3428526613824875
3,2,b05_ctx8,svm_rbf,8,1,b05_ctx8_smooth1,0.3288521377038007
3,2,b05_ctx8,svm_rbf,8,4,b05_ctx8_smooth4,0.3327481790994595
3,2,b06_ctx1,hgb,1,1,b06_ctx1_smooth1,0.31181230722999925
3,2,b06_ctx1,hgb,1,4,b06_ctx1_smooth4,0.31793747939287637
3,2,b06_ctx8,hgb,8,1,b06_ctx8_smooth1,0.33186450659339056
3,2,b06_ctx8,hgb,8,4,b06_ctx8_smooth4,0.32752988948654954
3,2,b07_ctx1,hgb,1,1,b07_ctx1_smooth1,0.3334306553555709
3,2,b07_ctx1,hgb,1,4,b07_ctx1_smooth4,0.33293295747611545
3,2,b07_ctx8,hgb,8,1,b07_ctx8_smooth1,0.3153728626121694
3,2,b07_ctx8,hgb,8,4,b07_ctx8_smooth4,0.3117772069579105
3,2,b08_ctx1,hgb,1,1,b08_ctx1_smooth1,0.323014160898213
3,2,b08_ctx1,hgb,1,4,b08_ctx1_smooth4,0.33114085720356085
3,2,b08_ctx8,hgb,8,1,b08_ctx8_smooth1,0.3232190089976153
3,2,b08_ctx8,hgb,8,4,b08_ctx8_smooth4,0.32315085122717446
3,2,b09_ctx1,hgb,1,1,b09_ctx1_smooth1,0.3375147092082379
3,2,b09_ctx1,hgb,1,4,b09_ctx1_smooth4,0.33850888046570465
3,2,b09_ctx8,hgb,8,1,b09_ctx8_smooth1,0.32273336876896785
3,2,b09_ctx8,hgb,8,4,b09_ctx8_smooth4,0.32199288472294446
3,2,b10_ctx1,hgb,1,1,b10_ctx1_smooth1,0.32209653607098243
3,2,b10_ctx1,hgb,1,4,b10_ctx1_smooth4,0.31372467415538646
3,2,b10_ctx8,hgb,8,1,b10_ctx8_smooth1,0.3236420311015598
3,2,b10_ctx8,hgb,8,4,b10_ctx8_smooth4,0.3226180400109853
3,2,b11_ctx1,hgb,1,1,b11_ctx1_smooth1,0.3382275935890515
3,2,b11_ctx1,hgb,1,4,b11_ctx1_smooth4,0.3409256778514255
3,2,b11_ctx8,hgb,8,1,b11_ctx8_smooth1,0.32104465540236127
3,2,b11_ctx8,hgb,8,4,b11_ctx8_smooth4,0.31444842967612335
3,2,b12_ctx1,qda,1,1,b12_ctx1_smooth1,0.32741390877473875
3,2,b12_ctx1,qda,1,4,b12_ctx1_smooth4,0.3255853562099355
3,2,b12_ctx8,qda,8,1,b12_ctx8_smooth1,0.32784910530847045
3,2,b12_ctx8,qda,8,4,b12_ctx8_smooth4,0.3253083796022407
3,2,b13_ctx1,qda,1,1,b13_ctx1_smooth1,0.3292897696970725
3,2,b13_ctx1,qda,1,4,b13_ctx1_smooth4,0.3263711550364308
3,2,b13_ctx8,qda,8,1,b13_ctx8_smooth1,0.3205530740327182
3,2,b13_ctx8,qda,8,4,b13_ctx8_smooth4,0.31714214542095
3,2,b14_ctx1,qda,1,1,b14_ctx1_smooth1,0.3284567579562974
3,2,b14_ctx1,qda,1,4,b14_ctx1_smooth4,0.3237446377407056
3,2,b14_ctx8,qda,8,1,b14_ctx8_smooth1,0.32875488843513473
3,2,b14_ctx8,qda,8,4,b14_ctx8_smooth4,0.332272922609295
3,2,b15_ctx1,fusion_logistic,1,1,b15_ctx1_smooth1,0.32358919307393735
3,2,b15_ctx1,fusion_logistic,1,4,b15_ctx1_smooth4,0.3292827821660327
3,2,b15_ctx8,fusion_logistic,8,1,b15_ctx8_smooth1,0.3425775686617454
3,2,b15_ctx8,fusion_logistic,8,4,b15_ctx8_smooth4,0.33834094930189623
3,2,b16_ctx1,fusion_logistic,1,1,b16_ctx1_smooth1,0.32927968431800797
3,2,b16_ctx1,fusion_logistic,1,4,b16_ctx1_smooth4,0.33519202972829426
3,2,b16_ctx8,fusion_logistic,8,1,b16_ctx8_smooth1,0.33554504860576045
3,2,b16_ctx8,fusion_logistic,8,4,b16_ctx8_smooth4,0.33945611879910864
3,2,b17_ctx1,fusion_logistic,1,1,b17_ctx1_smooth1,0.33025784123683916
3,2,b17_ctx1,fusion_logistic,1,4,b17_ctx1_smooth4,0.33984018912871794
3,2,b17_ctx8,fusion_logistic,8,1,b17_ctx8_smooth1,0.33595733284433793
3,2,b17_ctx8,fusion_logistic,8,4,b17_ctx8_smooth4,0.3352759104006838
3,2,b18_ctx1,fusion_logistic,1,1,b18_ctx1_smooth1,0.3306424596282125
3,2,b18_ctx1,fusion_logistic,1,4,b18_ctx1_smooth4,0.3390259671211278
3,2,b18_ctx8,fusion_logistic,8,1,b18_ctx8_smooth1,0.33992123439718364
3,2,b18_ctx8,fusion_logistic,8,4,b18_ctx8_smooth4,0.338275346697637
3,2,b19_ctx1,fusion_lda,1,1,b19_ctx1_smooth1,0.3281793177704535
3,2,b19_ctx1,fusion_lda,1,4,b19_ctx1_smooth4,0.3359717949472179
3,2,b19_ctx8,fusion_lda,8,1,b19_ctx8_smooth1,0.33895113809412664
3,2,b19_ctx8,fusion_lda,8,4,b19_ctx8_smooth4,0.3379534909118608
3,2,b20_ctx1,fusion_lda,1,1,b20_ctx1_smooth1,0.3256677907433336
3,2,b20_ctx1,fusion_lda,1,4,b20_ctx1_smooth4,0.32823589933275127
3,2,b20_ctx8,fusion_lda,8,1,b20_ctx8_smooth1,0.3373344096157614
3,2,b20_ctx8,fusion_lda,8,4,b20_ctx8_smooth4,0.3270501054138208
3,2,b21_ctx1,fusion_lda,1,1,b21_ctx1_smooth1,0.3214486514892402
3,2,b21_ctx1,fusion_lda,1,4,b21_ctx1_smooth4,0.32188412995395216
3,2,b21_ctx8,fusion_lda,8,1,b21_ctx8_smooth1,0.32669166160011753
3,2,b21_ctx8,fusion_lda,8,4,b21_ctx8_smooth4,0.3144952377180599
3,3,b00_ctx1,svm_rbf,1,1,b00_ctx1_smooth1,0.3384075563612094
3,3,b00_ctx1,svm_rbf,1,4,b00_ctx1_smooth4,0.3419842946545231
3,3,b00_ctx8,svm_rbf,8,1,b00_ctx8_smooth1,0.3290971417740112
3,3,b00_ctx8,svm_rbf,8,4,b00_ctx8_smooth4,0.33196749368475675
3,3,b01_ctx1,svm_rbf,1,1,b01_ctx1_smooth1,0.3303183707055
3,3,b01_ctx1,svm_rbf,1,4,b01_ctx1_smooth4,0.32335042712815065
3,3,b01_ctx8,svm_rbf,8,1,b01_ctx8_smooth1,0.31627723032355803
3,3,b01_ctx8,svm_rbf,8,4,b01_ctx8_smooth4,0.3140596825879505
3,3,b02_ctx1,svm_rbf,1,1,b02_ctx1_smooth1,0.3458964408284108
3,3,b02_ctx1,svm_rbf,1,4,b02_ctx1_smooth4,0.34246481188664984
3,3,b02_ctx8,svm_rbf,8,1,b02_ctx8_smooth1,0.3455098812545568
3,3,b02_ctx8,svm_rbf,8,4,b02_ctx8_smooth4,0.3429715275728272
3,3,b03_ctx1,svm_rbf,1,1,b03_ctx1_smooth1,0.33003672053165434
3,3,b03_ctx1,svm_rbf,1,4,b03_ctx1_smooth4,0.32373406999047166
3,3,b03_ctx8,svm_rbf,8,1,b03_ctx8_smooth1,0.3561530821931566
3,3,b03_ctx8,svm_rbf,8,4,b03_ctx8_smooth4,0.3464298530823401
3,3,b04_ctx1,svm_rbf,1,1,b04_ctx1_smooth1,0.3415184281803384
3,3,b04_ctx1,svm_rbf,1,4,b04_ctx1_smooth4,0.32799966380653905
3,3,b04_ctx8,svm_rbf,8,1,b04_ctx8_smooth1,0.3555668407490639
3,3,b04_ctx8,svm_rbf,8,4,b04_ctx8_smooth4,0.35370057281533296
3,3,b05_ctx1,svm_rbf,1,1,b05_ctx1_smooth1,0.3335132936461006
3,3,b05_ctx1,svm_rbf,1,4,b05_ctx1_smooth4,0.3309727646633769
3,3,b05_ctx8,svm_rbf,8,1,b05_ctx8_smooth1,0.34766758659145547
3,3,b05_ctx8,svm_rbf,8,4,b05_ctx8_smooth4,0.3443487873095305
3,3,b06_ctx1,hgb,1,1,b06_ctx1_smooth1,0.32859320470386183
3,3,b06_ctx1,hgb,1,4,b06_ctx1_smooth4,0.3239634117837617
3,3,b06_ctx8,hgb,8,1,b06_ctx8_smooth1,0.33732235534179406
3,3,b06_ctx8,hgb,8,4,b06_ctx8_smooth4,0.33451256591111916
3,3,b07_ctx1,hgb,1,1,b07_ctx1_smooth1,0.33962444526516655
3,3,b07_ctx1,hgb,1,4,b07_ctx1_smooth4,0.3535949613246827
3,3,b07_ctx8,hgb,8,1,b07_ctx8_smooth1,0.3259376947199166
3,3,b07_ctx8,hgb,8,4,b07_ctx8_smooth4,0.3233946336294148
3,3,b08_ctx1,hgb,1,1,b08_ctx1_smooth1,0.34825887491128943
3,3,b08_ctx1,hgb,1,4,b08_ctx1_smooth4,0.3364930099141498
3,3,b08_ctx8,hgb,8,1,b08_ctx8_smooth1,0.34278764847316573
3,3,b08_ctx8,hgb,8,4,b08_ctx8_smooth4,0.33597383671380165
3,3,b09_ctx1,hgb,1,1,b09_ctx1_smooth1,0.3402390522097799
3,3,b09_ctx1,hgb,1,4,b09_ctx1_smooth4,0.3354908783502401
3,3,b09_ctx8,hgb,8,1,b09_ctx8_smooth1,0.35296048759688786
3,3,b09_ctx8,hgb,8,4,b09_ctx8_smooth4,0.3381038493859502
3,3,b10_ctx1,hgb,1,1,b10_ctx1_smooth1,0.33151770071242015
3,3,b10_ctx1,hgb,1,4,b10_ctx1_smooth4,0.33864295183774673
3,3,b10_ctx8,hgb,8,1,b10_ctx8_smooth1,0.3266804191251952
3,3,b10_ctx8,hgb,8,4,b10_ctx8_smooth4,0.3234454518513194
3,3,b11_ctx1,hgb,1,1,b11_ctx1_smooth1,0.347446680053385
3,3,b11_ctx1,hgb,1,4,b11_ctx1_smooth4,0.3450592688651651
3,3,b11_ctx8,hgb,8,1,b11_ctx8_smooth1,0.3501760645967172
3,3,b11_ctx8,hgb,8,4,b11_ctx8_smooth4,0.3401520027643466
3,3,b12_ctx1,qda,1,1,b12_ctx1_smooth1,0.3516936813884654
3,3,b12_ctx1,qda,1,4,b12_ctx1_smooth4,0.3551199639091077
3,3,b12_ctx8,qda,8,1,b12_ctx8_smooth1,0.34794479887891056
3,3,b12_ctx8,qda,8,4,b12_ctx8_smooth4,0.3443342098709974
3,3,b13_ctx1,qda,1,1,b13_ctx1_smooth1,0.3506684434367729
3,3,b13_ctx1,qda,1,4,b13_ctx1_smooth4,0.36080242378200095
3,3,b13_ctx8,qda,8,1,b13_ctx8_smooth1,0.34241153076141234
3,3,b13_ctx8,qda,8,4,b13_ctx8_smooth4,0.3441464078576724
3,3,b14_ctx1,qda,1,1,b14_ctx1_smooth1,0.3363102621127298
3,3,b14_ctx1,qda,1,4,b14_ctx1_smooth4,0.3308102768327382
3,3,b14_ctx8,qda,8,1,b14_ctx8_smooth1,0.34293587228532996
3,3,b14_ctx8,qda,8,4,b14_ctx8_smooth4,0.34449204958776447
3,3,b15_ctx1,fusion_logistic,1,1,b15_ctx1_smooth1,0.35312033023602196
3,3,b15_ctx1,fusion_logistic,1,4,b15_ctx1_smooth4,0.3553773281138266
3,3,b15_ctx8,fusion_logistic,8,1,b15_ctx8_smooth1,0.34722370376799455
3,3,b15_ctx8,fusion_logistic,8,4,b15_ctx8_smooth4,0.33676133155007093
3,3,b16_ctx1,fusion_logistic,1,1,b16_ctx1_smooth1,0.35452469737472686
3,3,b16_ctx1,fusion_logistic,1,4,b16_ctx1_smooth4,0.3602536642886752
3,3,b16_ctx8,fusion_logistic,8,1,b16_ctx8_smooth1,0.3547352958015437
3,3,b16_ctx8,fusion_logistic,8,4,b16_ctx8_smooth4,0.34913947317988364
3,3,b17_ctx1,fusion_logistic,1,1,b17_ctx1_smooth1,0.34998465267997736
3,3,b17_ctx1,fusion_logistic,1,4,b17_ctx1_smooth4,0.3518729493842511
3,3,b17_ctx8,fusion_logistic,8,1,b17_ctx8_smooth1,0.34874305116387844
3,3,b17_ctx8,fusion_logistic,8,4,b17_ctx8_smooth4,0.3436711544811287
3,3,b18_ctx1,fusion_logistic,1,1,b18_ctx1_smooth1,0.3492213166815357
3,3,b18_ctx1,fusion_logistic,1,4,b18_ctx1_smooth4,0.3528108781149296
3,3,b18_ctx8,fusion_logistic,8,1,b18_ctx8_smooth1,0.3468280106032451
3,3,b18_ctx8,fusion_logistic,8,4,b18_ctx8_smooth4,0.340196323987638
3,3,b19_ctx1,fusion_lda,1,1,b19_ctx1_smooth1,0.35860770193756436
3,3,b19_ctx1,fusion_lda,1,4,b19_ctx1_smooth4,0.36229669525090114
3,3,b19_ctx8,fusion_lda,8,1,b19_ctx8_smooth1,0.3485865331374814
3,3,b19_ctx8,fusion_lda,8,4,b19_ctx8_smooth4,0.34367074035477563
3,3,b20_ctx1,fusion_lda,1,1,b20_ctx1_smooth1,0.346453771684752
3,3,b20_ctx1,fusion_lda,1,4,b20_ctx1_smooth4,0.34637736782697726
3,3,b20_ctx8,fusion_lda,8,1,b20_ctx8_smooth1,0.346934040862017
3,3,b20_ctx8,fusion_lda,8,4,b20_ctx8_smooth4,0.3414950357583679
3,3,b21_ctx1,fusion_lda,1,1,b21_ctx1_smooth1,0.33052116831700823
3,3,b21_ctx1,fusion_lda,1,4,b21_ctx1_smooth4,0.3244413146463678
3,3,b21_ctx8,fusion_lda,8,1,b21_ctx8_smooth1,0.3416909509347225
3,3,b21_ctx8,fusion_lda,8,4,b21_ctx8_smooth4,0.33333253802138063
4,1,b00_ctx1,svm_rbf,1,1,b00_ctx1_smooth1,0.32966084929369627
4,1,b00_ctx1,svm_rbf,1,4,b00_ctx1_smooth4,0.3303851393305287
4,1,b00_ctx8,svm_rbf,8,1,b00_ctx8_smooth1,0.31496624602916934
4,1,b00_ctx8,svm_rbf,8,4,b00_ctx8_smooth4,0.30720712584780296
4,1,b01_ctx1,svm_rbf,1,1,b01_ctx1_smooth1,0.33173931625310954
4,1,b01_ctx1,svm_rbf,1,4,b01_ctx1_smooth4,0.34539731300998594
4,1,b01_ctx8,svm_rbf,8,1,b01_ctx8_smooth1,0.33657195023777203
4,1,b01_ctx8,svm_rbf,8,4,b01_ctx8_smooth4,0.3351432106883285
4,1,b02_ctx1,svm_rbf,1,1,b02_ctx1_smooth1,0.33006116316057144
4,1,b02_ctx1,svm_rbf,1,4,b02_ctx1_smooth4,0.34371298608469697
4,1,b02_ctx8,svm_rbf,8,1,b02_ctx8_smooth1,0.332529127518433
4,1,b02_ctx8,svm_rbf,8,4,b02_ctx8_smooth4,0.3359279976444841
4,1,b03_ctx1,svm_rbf,1,1,b03_ctx1_smooth1,0.3390124117669355
4,1,b03_ctx1,svm_rbf,1,4,b03_ctx1_smooth4,0.34653753220962147
4,1,b03_ctx8,svm_rbf,8,1,b03_ctx8_smooth1,0.3514961044596768
4,1,b03_ctx8,svm_rbf,8,4,b03_ctx8_smooth4,0.3614455719497335
4,1,b04_ctx1,svm_rbf,1,1,b04_ctx1_smooth1,0.3375149488324325
4,1,b04_ctx1,svm_rbf,1,4,b04_ctx1_smooth4,0.34982199740889003
4,1,b04_ctx8,svm_rbf,8,1,b04_ctx8_smooth1,0.35347378671664065
4,1,b04_ctx8,svm_rbf,8,4,b04_ctx8_smooth4,0.3572996233446362
4,1,b05_ctx1,svm_rbf,1,1,b05_ctx1_smooth1,0.33470821085498104
4,1,b05_ctx1,svm_rbf,1,4,b05_ctx1_smooth4,0.3440365771086067
4,1,b05_ctx8,svm_rbf,8,1,b05_ctx8_smooth1,0.3469707857420696
4,1,b05_ctx8,svm_rbf,8,4,b05_ctx8_smooth4,0.34206777993344467
4,1,b06_ctx1,hgb,1,1,b06_ctx1_smooth1,0.33342699845659574
4,1,b06_ctx1,hgb,1,4,b06_ctx1_smooth4,0.3435738823329051
4,1,b06_ctx8,hgb,8,1,b06_ctx8_smooth1,0.34331617092006556
4,1,b06_ctx8,hgb,8,4,b06_ctx8_smooth4,0.34116293098972167
4,1,b07_ctx1,hgb,1,1,b07_ctx1_smooth1,0.34619088244102775
4,1,b07_ctx1,hgb,1,4,b07_ctx1_smooth4,0.3509237902471784
4,1,b07_ctx8,hgb,8,1,b07_ctx8_smooth1,0.3595863165603743
4,1,b07_ctx8,hgb,8,4,b07_ctx8_smooth4,0.3605314156011903
4,1,b08_ctx1,hgb,1,1,b08_ctx1_smooth1,0.3415770488498291
4,1,b08_ctx1,hgb,1,4,b08_ctx1_smooth4,0.3349953753902507
4,1,b08_ctx8,hgb,8,1,b08_ctx8_smooth1,0.3503172697232761
4,1,b08_ctx8,hgb,8,4,b08_ctx8_smooth4,0.34620320995749254
4,1,b09_ctx1,hgb,1,1,b09_ctx1_smooth1,0.3505770541793893
4,1,b09_ctx1,hgb,1,4,b09_ctx1_smooth4,0.34476064344059537
4,1,b09_ctx8,hgb,8,1,b09_ctx8_smooth1,0.35502684402089274
4,1,b09_ctx8,hgb,8,4,b09_ctx8_smooth4,0.3660982504740964
4,1,b10_ctx1,hgb,1,1,b10_ctx1_smooth1,0.34740735597999595
4,1,b10_ctx1,hgb,1,4,b10_ctx1_smooth4,0.3322961773956691
4,1,b10_ctx8,hgb,8,1,b10_ctx8_smooth1,0.3545940203834649
4,1,b10_ctx8,hgb,8,4,b10_ctx8_smooth4,0.35279046319204854
4,1,b11_ctx1,hgb,1,1,b11_ctx1_smooth1,0.3480146910250681
4,1,b11_ctx1,hgb,1,4,b11_ctx1_smooth4,0.3467627565411107
4,1,b11_ctx8,hgb,8,1,b11_ctx8_smooth1,0.3561724334105664
4,1,b11_ctx8,hgb,8,4,b11_ctx8_smooth4,0.35727514971084945
4,1,b12_ctx1,qda,1,1,b12_ctx1_smooth1,0.33741359783121894
4,1,b12_ctx1,qda,1,4,b12_ctx1_smooth4,0.3444834405993899
4,1,b12_ctx8,qda,8,1,b12_ctx8_smooth1,0.33848512380156887
4,1,b12_ctx8,qda,8,4,b12_ctx8_smooth4,0.33715874855155076
4,1,b13_ctx1,qda,1,1,b13_ctx1_smooth1,0.33783861636108725
4,1,b13_ctx1,qda,1,4,b13_ctx1_smooth4,0.3469407460149202
4,1,b13_ctx8,qda,8,1,b13_ctx8_smooth1,0.3416349556449981
4,1,b13_ctx8,qda,8,4,b13_ctx8_smooth4,0.3411808147862094
4,1,b14_ctx1,qda,1,1,b14_ctx1_smooth1,0.31375716129116027
4,1,b14_ctx1,qda,1,4,b14_ctx1_smooth4,0.3138825795148391
4,1,b14_ctx8,qda,8,1,b14_ctx8_smooth1,0.32168912133293875
4,1,b14_ctx8,qda,8,4,b14_ctx8_smooth4,0.32698541212103754
4,1,b15_ctx1,fusion_logistic,1,1,b15_ctx1_smooth1,0.3382148453728483
4,1,b15_ctx1,fusion_logistic,1,4,b15_ctx1_smooth4,0.33850290607060735
4,1,b15_ctx8,fusion_logistic,8,1,b15_ctx8_smooth1,0.3335287192956463
4,1,b15_ctx8,fusion_logistic,8,4,b15_ctx8_smooth4,0.33509331735316705
4,1,b16_ctx1,fusion_logistic,1,1,b16_ctx1_smooth1,0.336662326647322
4,1,b16_ctx1,fusion_logistic,1,4,b16_ctx1_smooth4,0.35287992805934126
4,1,b16_ctx8,fusion_logistic,8,1,b16_ctx8_smooth1,0.33478732950185897
4,1,b16_ctx8,fusion_logistic,8,4,b16_ctx8_smooth4,0.3365459343315146
4,1,b17_ctx1,fusion_logistic,1,1,b17_ctx1_smooth1,0.34115031795192996
4,1,b17_ctx1,fusion_logistic,1,4,b17_ctx1_smooth4,0.35294473757135086
4,1,b17_ctx8,fusion_logistic,8,1,b17_ctx8_smooth1,0.33514943436600836
4,1,b17_ctx8,fusion_logistic,8,4,b17_ctx8_smooth4,0.33830674793839866
4,1,b18_ctx1,fusion_logistic,1,1,b18_ctx1_smooth1,0.3395429383941583
4,1,b18_ctx1,fusion_logistic,1,4,b18_ctx1_smooth4,0.35329296232744467
4,1,b18_ctx8,fusion_logistic,8,1,b18_ctx8_smooth1,0.333655673709411
4,1,b18_ctx8,fusion_logistic,8,4,b18_ctx8_smooth4,0.3390866363075272
4,1,b19_ctx1,fusion_lda,1,1,b19_ctx1_smooth1,0.3325002732735479
4,1,b19_ctx1,fusion_lda,1,4,b19_ctx1_smooth4,0.34731564294379486
4,1,b19_ctx8,fusion_lda,8,1,b19_ctx8_smooth1,0.33605214513082
4,1,b19_ctx8,fusion_lda,8,4,b19_ctx8_smooth4,0.3352901339437861
4,1,b20_ctx1,fusion_lda,1,1,b20_ctx1_smooth1,0.3340593157684506
4,1,b20_ctx1,fusion_lda,1,4,b20_ctx1_smooth4,0.3345794862681076
4,1,b20_ctx8,fusion_lda,8,1,b20_ctx8_smooth1,0.32969752962954546
4,1,b20_ctx8,fusion_lda,8,4,b20_ctx8_smooth4,0.32919387627097724
4,1,b21_ctx1,fusion_lda,1,1,b21_ctx1_smooth1,0.3247992720644236
4,1,b21_ctx1,fusion_lda,1,4,b21_ctx1_smooth4,0.32761825477317597
4,1,b21_ctx8,fusion_lda,8,1,b21_ctx8_smooth1,0.31713302391070763
4,1,b21_ctx8,fusion_lda,8,4,b21_ctx8_smooth4,0.31716298130398307
4,2,b00_ctx1,svm_rbf,1,1,b00_ctx1_smooth1,0.36607512399975806
4,2,b00_ctx1,svm_rbf,1,4,b00_ctx1_smooth4,0.3613289297838304
4,2,b00_ctx8,svm_rbf,8,1,b00_ctx8_smooth1,0.37856595175625873
4,2,b00_ctx8,svm_rbf,8,4,b00_ctx8_smooth4,0.37362964850699254
4,2,b01_ctx1,svm_rbf,1,1,b01_ctx1_smooth1,0.3552630430094184
4,2,b01_ctx1,svm_rbf,1,4,b01_ctx1_smooth4,0.3472928466396498
4,2,b01_ctx8,svm_rbf,8,1,b01_ctx8_smooth1,0.3600548988526788
4,2,b01_ctx8,svm_rbf,8,4,b01_ctx8_smooth4,0.3493284213325903
4,2,b02_ctx1,svm_rbf,1,1,b02_ctx1_smooth1,0.3356549093245434
4,2,b02_ctx1,svm_rbf,1,4,b02_ctx1_smooth4,0.33517738536288444
4,2,b02_ctx8,svm_rbf,8,1,b02_ctx8_smooth1,0.3581349144421035
4,2,b02_ctx8,svm_rbf,8,4,b02_ctx8_smooth4,0.35353345356298677
4,2,b03_ctx1,svm_rbf,1,1,b03_ctx1_smooth1,0.33843992554639735
4,2,b03_ctx1,svm_rbf,1,4,b03_ctx1_smooth4,0.331805185818315
4,2,b03_ctx8,svm_rbf,8,1,b03_ctx8_smooth1,0.36205477132249725
4,2,b03_ctx8,svm_rbf,8,4,b03_ctx8_smooth4,0.3553220165353664
4,2,b04_ctx1,svm_rbf,1,1,b04_ctx1_smooth1,0.3509864958256965
4,2,b04_ctx1,svm_rbf,1,4,b04_ctx1_smooth4,0.347690082776901
4,2,b04_ctx8,svm_rbf,8,1,b04_ctx8_smooth1,0.3508526262796267
4,2,b04_ctx8,svm_rbf,8,4,b04_ctx8_smooth4,0.3451640777909374
4,2,b05_ctx1,svm_rbf,1,1,b05_ctx1_smooth1,0.32253996305137733
4,2,b05_ctx1,svm_rbf,1,4,b05_ctx1_smooth4,0.3236968259039154
4,2,b05_ctx8,svm_rbf,8,1,b05_ctx8_smooth1,0.35916055977110106
4,2,b05_ctx8,svm_rbf,8,4,b05_ctx8_smooth4,0.36572843155498685
4,2,b06_ctx1,hgb,1,1,b06_ctx1_smooth1,0.36040692536484653
4,2,b06_ctx1,hgb,1,4,b06_ctx1_smooth4,0.3760450294780084
4,2,b06_ctx8,hgb,8,1,b06_ctx8_smooth1,0.3704696507252745
4,2,b06_ctx8,hgb,8,4,b06_ctx8_smooth4,0.36405778239209824
4,2,b07_ctx1,hgb,1,1,b07_ctx1_smooth1,0.36760403091460603
4,2,b07_ctx1,hgb,1,4,b07_ctx1_smooth4,0.38843032498558355
4,2,b07_ctx8,hgb,8,1,b07_ctx8_smooth1,0.3686638093428795
4,2,b07_ctx8,hgb,8,4,b07_ctx8_smooth4,0.35979917827081587
4,2,b08_ctx1,hgb,1,1,b08_ctx1_smooth1,0.36471666524342444
4,2,b08_ctx1,hgb,1,4,b08_ctx1_smooth4,0.3817679406798234
4,2,b08_ctx8,hgb,8,1,b08_ctx8_smooth1,0.37027917191622395
4,2,b08_ctx8,hgb,8,4,b08_ctx8_smooth4,0.36485592819991264
4,2,b09_ctx1,hgb,1,1,b09_ctx1_smooth1,0.376325021128527
4,2,b09_ctx1,hgb,1,4,b09_ctx1_smooth4,0.3757511362632183
4,2,b09_ctx8,hgb,8,1,b09_ctx8_smooth1,0.36200591624037304
4,2,b09_ctx8,hgb,8,4,b09_ctx8_smooth4,0.36522384897279364
4,2,b10_ctx1,hgb,1,1,b10_ctx1_smooth1,0.3599403097120174
4,2,b10_ctx1,hgb,1,4,b10_ctx1_smooth4,0.3741289134726918
4,2,b10_ctx8,hgb,8,1,b10_ctx8_smooth1,0.3751914198658864
4,2,b10_ctx8,hgb,8,4,b10_ctx8_smooth4,0.37223501979196594
4,2,b11_ctx1,hgb,1,1,b11_ctx1_smooth1,0.36949290852227396
4,2,b11_ctx1,hgb,1,4,b11_ctx1_smooth4,0.36246324798938084
4,2,b11_ctx8,hgb,8,1,b11_ctx8_smooth1,0.37828201948950363
4,2,b11_ctx8,hgb,8,4,b11_ctx8_smooth4,0.38109662358482327
4,2,b12_ctx1,qda,1,1,b12_ctx1_smooth1,0.3778533549018382
4,2,b12_ctx1,qda,1,4,b12_ctx1_smooth4,0.3799945450809659
4,2,b12_ctx8,qda,8,1,b12_ctx8_smooth1,0.37987886043988484
4,2,b12_ctx8,qda,8,4,b12_ctx8_smooth4,0.3846329357798144
4,2,b13_ctx1,qda,1,1,b13_ctx1_smooth1,0.37693100371209526
4,2,b13_ctx1,qda,1,4,b13_ctx1_smooth4,0.37477754767410426
4,2,b13_ctx8,qda,8,1,b13_ctx8_smooth1,0.3874093536832068
4,2,b13_ctx8,qda,8,4,b13_ctx8_smooth4,0.38314008169193825
4,2,b14_ctx1,qda,1,1,b14_ctx1_smooth1,0.3715883217900279
4,2,b14_ctx1,qda,1,4,b14_ctx1_smooth4,0.3718533751253036
4,2,b14_ctx8,qda,8,1,b14_ctx8_smooth1,0.3799740781972736
4,2,b14_ctx8,qda,8,4,b14_ctx8_smooth4,0.3801257835408438
4,2,b15_ctx1,fusion_logistic,1,1,b15_ctx1_smooth1,0.35007527464456867
4,2,b15_ctx1,fusion_logistic,1,4,b15_ctx1_smooth4,0.35213136347172963
4,2,b15_ctx8,fusion_logistic,8,1,b15_ctx8_smooth1,0.33434548902465516
4,2,b15_ctx8,fusion_logistic,8,4,b15_ctx8_smooth4,0.31619727267905773
4,2,b16_ctx1,fusion_logistic,1,1,b16_ctx1_smooth1,0.3420677849531134
4,2,b16_ctx1,fusion_logistic,1,4,b16_ctx1_smooth4,0.3338960820527546
4,2,b16_ctx8,fusion_logistic,8,1,b16_ctx8_smooth1,0.3298900967127478
4,2,b16_ctx8,fusion_logistic,8,4,b16_ctx8_smooth4,0.30791892481526784
4,2,b17_ctx1,fusion_logistic,1,1,b17_ctx1_smooth1,0.340609378323593
4,2,b17_ctx1,fusion_logistic,1,4,b17_ctx1_smooth4,0.33524675815391053
4,2,b17_ctx8,fusion_logistic,8,1,b17_ctx8_smooth1,0.3255855234153812
4,2,b17_ctx8,fusion_logistic,8,4,b17_ctx8_smooth4,0.30582792611438525
4,2,b18_ctx1,fusion_logistic,1,1,b18_ctx1_smooth1,0.3411438054163592
4,2,b18_ctx1,fusion_logistic,1,4,b18_ctx1_smooth4,0.3376217768879022
4,2,b18_ctx8,fusion_logistic,8,1,b18_ctx8_smooth1,0.3260205422172857
4,2,b18_ctx8,fusion_logistic,8,4,b18_ctx8_smooth4,0.3067826382038747
4,2,b19_ctx1,fusion_lda,1,1,b19_ctx1_smooth1,0.34556396539520007
4,2,b19_ctx1,fusion_lda,1,4,b19_ctx1_smooth4,0.34515927896661364
4,2,b19_ctx8,fusion_lda,8,1,b19_ctx8_smooth1,0.33075265600793746
4,2,b19_ctx8,fusion_lda,8,4,b19_ctx8_smooth4,0.31071231638893115
4,2,b20_ctx1,fusion_lda,1,1,b20_ctx1_smooth1,0.35509497732656287
4,2,b20_ctx1,fusion_lda,1,4,b20_ctx1_smooth4,0.3583784028760137
4,2,b20_ctx8,fusion_lda,8,1,b20_ctx8_smooth1,0.3388023678593102
4,2,b20_ctx8,fusion_lda,8,4,b20_ctx8_smooth4,0.32695110536437516
4,2,b21_ctx1,fusion_lda,1,1,b21_ctx1_smooth1,0.35899409250060554
4,2,b21_ctx1,fusion_lda,1,4,b21_ctx1_smooth4,0.3500986362071549
4,2,b21_ctx8,fusion_lda,8,1,b21_ctx8_smooth1,0.3561397092240383
4,2,b21_ctx8,fusion_lda,8,4,b21_ctx8_smooth4,0.33597139844391444
4,3,b00_ctx1,svm_rbf,1,1,b00_ctx1_smooth1,0.3268888954484938
4,3,b00_ctx1,svm_rbf,1,4,b00_ctx1_smooth4,0.32872469004337984
4,3,b00_ctx8,svm_rbf,8,1,b00_ctx8_smooth1,0.333036260651603
4,3,b00_ctx8,svm_rbf,8,4,b00_ctx8_smooth4,0.34048763478765065
4,3,b01_ctx1,svm_rbf,1,1,b01_ctx1_smooth1,0.32144004076826205
4,3,b01_ctx1,svm_rbf,1,4,b01_ctx1_smooth4,0.3172806809401002
4,3,b01_ctx8,svm_rbf,8,1,b01_ctx8_smooth1,0.33181951800476617
4,3,b01_ctx8,svm_rbf,8,4,b01_ctx8_smooth4,0.3294024617204333
4,3,b02_ctx1,svm_rbf,1,1,b02_ctx1_smooth1,0.32340914738716314
4,3,b02_ctx1,svm_rbf,1,4,b02_ctx1_smooth4,0.3156119862497126
4,3,b02_ctx8,svm_rbf,8,1,b02_ctx8_smooth1,0.33112523337395
4,3,b02_ctx8,svm_rbf,8,4,b02_ctx8_smooth4,0.33020344301822413
4,3,b03_ctx1,svm_rbf,1,1,b03_ctx1_smooth1,0.32079503010983684
4,3,b03_ctx1,svm_rbf,1,4,b03_ctx1_smooth4,0.32114358627963757
4,3,b03_ctx8,svm_rbf,8,1,b03_ctx8_smooth1,0.3442502059112451
4,3,b03_ctx8,svm_rbf,8,4,b03_ctx8_smooth4,0.33581036638904926
4,3,b04_ctx1,svm_rbf,1,1,b04_ctx1_smooth1,0.32045159632217207
4,3,b04_ctx1,svm_rbf,1,4,b04_ctx1_smooth4,0.3192049193889326
4,3,b04_ctx8,svm_rbf,8,1,b04_ctx8_smooth1,0.3381257018517046
4,3,b04_ctx8,svm_rbf,8,4,b04_ctx8_smooth4,0.3274068035277677
4,3,b05_ctx1,svm_rbf,1,1,b05_ctx1_smooth1,0.32250866242157517
4,3,b05_ctx1,svm_rbf,1,4,b05_ctx1_smooth4,0.328706051903192
4,3,b05_ctx8,svm_rbf,8,1,b05_ctx8_smooth1,0.34773671916374854
4,3,b05_ctx8,svm_rbf,8,4,b05_ctx8_smooth4,0.35185117573684127
4,3,b06_ctx1,hgb,1,1,b06_ctx1_smooth1,0.32625330891806775
4,3,b06_ctx1,hgb,1,4,b06_ctx1_smooth4,0.32293906029942937
4,3,b06_ctx8,hgb,8,1,b06_ctx8_smooth1,0.3427253837046747
4,3,b06_ctx8,hgb,8,4,b06_ctx8_smooth4,0.35033283003315874
4,3,b07_ctx1,hgb,1,1,b07_ctx1_smooth1,0.3311522802012133
4,3,b07_ctx1,hgb,1,4,b07_ctx1_smooth4,0.33503206106897443
4,3,b07_ctx8,hgb,8,1,b07_ctx8_smooth1,0.3496354074061169
4,3,b07_ctx8,hgb,8,4,b07_ctx8_smooth4,0.36830906312878314
4,3,b08_ctx1,hgb,1,1,b08_ctx1_smooth1,0.3352455274958891
4,3,b08_ctx1,hgb,1,4,b08_ctx1_smooth4,0.34397980837239994
4,3,b08_ctx8,hgb,8,1,b08_ctx8_smooth1,0.3488609772544043
4,3,b08_ctx8,hgb,8,4,b08_ctx8_smooth4,0.3694126307710016
4,3,b09_ctx1,hgb,1,1,b09_ctx1_smooth1,0.34977418520461606
4,3,b09_ctx1,hgb,1,4,b09_ctx1_smooth4,0.35337535132344
4,3,b09_ctx8,hgb,8,1,b09_ctx8_smooth1,0.352624025443608
4,3,b09_ctx8,hgb,8,4,b09_ctx8_smooth4,0.36672335091073205
4,3,b10_ctx1,hgb,1,1,b10_ctx1_smooth1,0.335521593333125
4,3,b10_ctx1,hgb,1,4,b10_ctx1_smooth4,0.3375316381189783
4,3,b10_ctx8,hgb,8,1,b10_ctx8_smooth1,0.3565587669167777
4,3,b10_ctx8,hgb,8,4,b10_ctx8_smooth4,0.3773753816078225
4,3,b11_ctx1,hgb,1,1,b11_ctx1_smooth1,0.33457215241362137
4,3,b11_ctx1,hgb,1,4,b11_ctx1_smooth4,0.3392861756098783
4,3,b11_ctx8,hgb,8,1,b11_ctx8_smooth1,0.35382671756554207
4,3,b11_ctx8,hgb,8,4,b11_ctx8_smooth4,0.3670886458694552
4,3,b12_ctx1,qda,1,1,b12_ctx1_smooth1,0.3132344262643607
4,3,b12_ctx1,qda,1,4,b12_ctx1_smooth4,0.322973233933238
4,3,b12_ctx8,qda,8,1,b12_ctx8_smooth1,0.33923081603305755
4,3,b12_ctx8,qda,8,4,b12_ctx8_smooth4,0.33848970557689234
4,3,b13_ctx1,qda,1,1,b13_ctx1_smooth1,0.3340186599746705
4,3,b13_ctx1,qda,1,4,b13_ctx1_smooth4,0.337527097557389
4,3,b13_ctx8,qda,8,1,b13_ctx8_smooth1,0.3531360980095708
4,3,b13_ctx8,qda,8,4,b13_ctx8_smooth4,0.3593348742576886
4,3,b14_ctx1,qda,1,1,b14_ctx1_smooth1,0.32775696686222877
4,3,b14_ctx1,qda,1,4,b14_ctx1_smooth4,0.31923218292838623
4,3,b14_ctx8,qda,8,1,b14_ctx8_smooth1,0.34878363219074165
4,3,b14_ctx8,qda,8,4,b14_ctx8_smooth4,0.34621115984816125
4,3,b15_ctx1,fusion_logistic,1,1,b15_ctx1_smooth1,0.331538375350776
4,3,b15_ctx1,fusion_logistic,1,4,b15_ctx1_smooth4,0.3226085861187311
4,3,b15_ctx8,fusion_logistic,8,1,b15_ctx8_smooth1,0.35200781718636975
4,3,b15_ctx8,fusion_logistic,8,4,b15_ctx8_smooth4,0.35242979924877016
4,3,b16_ctx1,fusion_logistic,1,1,b16_ctx1_smooth1,0.32936428581658667
4,3,b16_ctx1,fusion_logistic,1,4,b16_ctx1_smooth4,0.3155596377804734
4,3,b16_ctx8,fusion_logistic,8,1,b16_ctx8_smooth1,0.35031084411833524
4,3,b16_ctx8,fusion_logistic,8,4,b16_ctx8_smooth4,0.3533810168914754
4,3,b17_ctx1,fusion_logistic,1,1,b17_ctx1_smooth1,0.3265157072112088
4,3,b17_ctx1,fusion_logistic,1,4,b17_ctx1_smooth4,0.31894411382904597
4,3,b17_ctx8,fusion_logistic,8,1,b17_ctx8_smooth1,0.35285932060052416
4,3,b17_ctx8,fusion_logistic,8,4,b17_ctx8_smooth4,0.3577460721533256
4,3,b18_ctx1,fusion_logistic,1,1,b18_ctx1_smooth1,0.32619331104153554
4,3,b18_ctx1,fusion_logistic,1,4,b18_ctx1_smooth4,0.31989640974040484
4,3,b18_ctx8,fusion_logistic,8,1,b18_ctx8_smooth1,0.35395856352897215
4,3,b18_ctx8,fusion_logistic,8,4,b18_ctx8_smooth4,0.36018302615118614
4,3,b19_ctx1,fusion_lda,1,1,b19_ctx1_smooth1,0.32813890954868985
4,3,b19_ctx1,fusion_lda,1,4,b19_ctx1_smooth4,0.31619620808549675
4,3,b19_ctx8,fusion_lda,8,1,b19_ctx8_smooth1,0.35001811226316715
4,3,b19_ctx8,fusion_lda,8,4,b19_ctx8_smooth4,0.35004265496309933
4,3,b20_ctx1,fusion_lda,1,1,b20_ctx1_smooth1,0.32890085875601366
4,3,b20_ctx1,fusion_lda,1,4,b20_ctx1_smooth4,0.3275629840628769
4,3,b20_ctx8,fusion_lda,8,1,b20_ctx8_smooth1,0.3473368614564091
4,3,b20_ctx8,fusion_lda,8,4,b20_ctx8_smooth4,0.3459405269324983
4,3,b21_ctx1,fusion_lda,1,1,b21_ctx1_smooth1,0.32924428821344304
4,3,b21_ctx1,fusion_lda,1,4,b21_ctx1_smooth4,0.3322256608192105
4,3,b21_ctx8,fusion_lda,8,1,b21_ctx8_smooth1,0.327332430715488
4,3,b21_ctx8,fusion_lda,8,4,b21_ctx8_smooth4,0.3322019971739257
5,1,b00_ctx1,svm_rbf,1,1,b00_ctx1_smooth1,0.32613608091514024
5,1,b00_ctx1,svm_rbf,1,4,b00_ctx1_smooth4,0.3182061105506453
5,1,b00_ctx8,svm_rbf,8,1,b00_ctx8_smooth1,0.339922373210448
5,1,b00_ctx8,svm_rbf,8,4,b00_ctx8_smooth4,0.34562908263104203
5,1,b01_ctx1,svm_rbf,1,1,b01_ctx1_smooth1,0.33580188867647043
5,1,b01_ctx1,svm_rbf,1,4,b01_ctx1_smooth4,0.32977191156968244
5,1,b01_ctx8,svm_rbf,8,1,b01_ctx8_smooth1,0.3400070479943957
5,1,b01_ctx8,svm_rbf,8,4,b01_ctx8_smooth4,0.34250961293067334
5,1,b02_ctx1,svm_rbf,1,1,b02_ctx1_smooth1,0.3256152654336727
5,1,b02_ctx1,svm_rbf,1,4,b02_ctx1_smooth4,0.3221804595210059
5,1,b02_ctx8,svm_rbf,8,1,b02_ctx8_smooth1,0.3350766349022817
5,1,b02_ctx8,svm_rbf,8,4,b02_ctx8_smooth4,0.33458317734989146
5,1,b03_ctx1,svm_rbf,1,1,b03_ctx1_smooth1,0.3296196607458208
5,1,b03_ctx1,svm_rbf,1,4,b03_ctx1_smooth4,0.33071967200044583
5,1,b03_ctx8,svm_rbf,8,1,b03_ctx8_smooth1,0.3510478501651479
5,1,b03_ctx8,svm_rbf,8,4,b03_ctx8_smooth4,0.3420389158918171
5,1,b04_ctx1,svm_rbf,1,1,b04_ctx1_smooth1,0.3301045608299601
5,1,b04_ctx1,svm_rbf,1,4,b04_ctx1_smooth4,0.32503735837173237
5,1,b04_ctx8,svm_rbf,8,1,b04_ctx8_smooth1,0.33760365955253857
5,1,b04_ctx8,svm_rbf,8,4,b04_ctx8_smooth4,0.3329057511043781
5,1,b05_ctx1,svm_rbf,1,1,b05_ctx1_smooth1,0.32187877300361056
5,1,b05_ctx1,svm_rbf,1,4,b05_ctx1_smooth4,0.32058982335661684
5,1,b05_ctx8,svm_rbf,8,1,b05_ctx8_smooth1,0.3457991938455109
5,1,b05_ctx8,svm_rbf,8,4,b05_ctx8_smooth4,0.3387243115358542
5,1,b06_ctx1,hgb,1,1,b06_ctx1_smooth1,0.3453865288183325
5,1,b06_ctx1,hgb,1,4,b06_ctx1_smooth4,0.34385313197187534
5,1,b06_ctx8,hgb,8,1,b06_ctx8_smooth1,0.3624991059218885
5,1,b06_ctx8,hgb,8,4,b06_ctx8_smooth4,0.36518213427485097
5,1,b07_ctx1,hgb,1,1,b07_ctx1_smooth1,0.3402047836982044
5,1,b07_ctx1,hgb,1,4,b07_ctx1_smooth4,0.3474854070427539
5,1,b07_ctx8,hgb,8,1,b07_ctx8_smooth1,0.3311120908546002
5,1,b07_ctx8,hgb,8,4,b07_ctx8_smooth4,0.33479120271353063
5,1,b08_ctx1,hgb,1,1,b08_ctx1_smooth1,0.3540774747526543
5,1,b08_ctx1,hgb,1,4,b08_ctx1_smooth4,0.35361247673941787
5,1,b08_ctx8,hgb,8,1,b08_ctx8_smooth1,0.35237984020263885
5,1,b08_ctx8,hgb,8,4,b08_ctx8_smooth4,0.3533182301476411
5,1,b09_ctx1,hgb,1,1,b09_ctx1_smooth1,0.3467150416800215
5,1,b09_ctx1,hgb,1,4,b09_ctx1_smooth4,0.3606491313703809
5,1,b09_ctx8,hgb,8,1,b09_ctx8_smooth1,0.34004206287864186
5,1,b09_ctx8,hgb,8,4,b09_ctx8_smooth4,0.3463703071852073
5,1,b10_ctx1,hgb,1,1,b10_ctx1_smooth1,0.3474586446892639
5,1,b10_ctx1,hgb,1,4,b10_ctx1_smooth4,0.35701089305201533
5,1,b10_ctx8,hgb,8,1,b10_ctx8_smooth1,0.3540879938252336
5,1,b10_ctx8,hgb,8,4,b10_ctx8_smooth4,0.3490255733958932
5,1,b11_ctx1,hgb,1,1,b11_ctx1_smooth1,0.34674896298057406
5,1,b11_ctx1,hgb,1,4,b11_ctx1_smooth4,0.36272073070573474
5,1,b11_ctx8,hgb,8,1,b11_ctx8_smooth1,0.31778957920520906
5,1,b11_ctx8,hgb,8,4,b11_ctx8_smooth4,0.32119168380980634
5,1,b12_ctx1,qda,1,1,b12_ctx1_smooth1,0.33094620082914444
5,1,b12_ctx1,qda,1,4,b12_ctx1_smooth4,0.3342296810252688
5,1,b12_ctx8,qda,8,1,b12_ctx8_smooth1,0.3349666120713779
5,1,b12_ctx8,qda,8,4,b12_ctx8_smooth4,0.3350178235522176
5,1,b13_ctx1,qda,1,1,b13_ctx1_smooth1,0.32956840216946814
5,1,b13_ctx1,qda,1,4,b13_ctx1_smooth4,0.3325423385650345
5,1,b13_ctx8,qda,8,1,b13_ctx8_smooth1,0.3391508013188311
5,1,b13_ctx8,qda,8,4,b13_ctx8_smooth4,0.3385316082920162
5,1,b14_ctx1,qda,1,1,b14_ctx1_smooth1,0.3201144031033682
5,1,b14_ctx1,qda,1,4,b14_ctx1_smooth4,0.3153580428145187
5,1,b14_ctx8,qda,8,1,b14_ctx8_smooth1,0.3415006334146381
5,1,b14_ctx8,qda,8,4,b14_ctx8_smooth4,0.3382138347996173
5,1,b15_ctx1,fusion_logistic,1,1,b15_ctx1_smooth1,0.3283480254323386
5,1,b15_ctx1,fusion_logistic,1,4,b15_ctx1_smooth4,0.32160361386226194
5,1,b15_ctx8,fusion_logistic,8,1,b15_ctx8_smooth1,0.3381158326406542
5,1,b15_ctx8,fusion_logistic,8,4,b15_ctx8_smooth4,0.33617577372801466
5,1,b16_ctx1,fusion_logistic,1,1,b16_ctx1_smooth1,0.33149630948191483
5,1,b16_ctx1,fusion_logistic,1,4,b16_ctx1_smooth4,0.33109274404842803
5,1,b16_ctx8,fusion_logistic,8,1,b16_ctx8_smooth1,0.34315677924118165
5,1,b16_ctx8,fusion_logistic,8,4,b16_ctx8_smooth4,0.3450980795956932
5,1,b17_ctx1,fusion_logistic,1,1,b17_ctx1_smooth1,0.33181250259056533
5,1,b17_ctx1,fusion_logistic,1,4,b17_ctx1_smooth4,0.33107206608039585
5,1,b17_ctx8,fusion_logistic,8,1,b17_ctx8_smooth1,0.3461125715011157
5,1,b17_ctx8,fusion_logistic,8,4,b17_ctx8_smooth4,0.3527000123337779
5,1,b18_ctx1,fusion_logistic,1,1,b18_ctx1_smooth1,0.3305922067911004
5,1,b18_ctx1,fusion_logistic,1,4,b18_ctx1_smooth4,0.3298425600513434
5,1,b18_ctx8,fusion_logistic,8,1,b18_ctx8_smooth1,0.3483558766957901
5,1,b18_ctx8,fusion_logistic,8,4,b18_ctx8_smooth4,0.3563016151241236
5,1,b19_ctx1,fusion_lda,1,1,b19_ctx1_smooth1,0.3307479097318258
5,1,b19_ctx1,fusion_lda,1,4,b19_ctx1_smooth4,0.32722617483674127
5,1,b19_ctx8,fusion_lda,8,1,b19_ctx8_smooth1,0.34089752001457224
5,1,b19_ctx8,fusion_lda,8,4,b19_ctx8_smooth4,0.3432397662540604
5,1,b20_ctx1,fusion_lda,1,1,b20_ctx1_smooth1,0.32494066634998764
5,1,b20_ctx1,fusion_lda,1,4,b20_ctx1_smooth4,0.319566195586848
5,1,b20_ctx8,fusion_lda,8,1,b20_ctx8_smooth1,0.33624271391542115
5,1,b20_ctx8,fusion_lda,8,4,b20_ctx8_smooth4,0.33672936869516473
5,1,b21_ctx1,fusion_lda,1,1,b21_ctx1_smooth1,0.31634053494400294
5,1,b21_ctx1,fusion_lda,1,4,b21_ctx1_smooth4,0.3149558047638345
5,1,b21_ctx8,fusion_lda,8,1,b21_ctx8_smooth1,0.33037087065703763
5,1,b21_ctx8,fusion_lda,8,4,b21_ctx8_smooth4,0.3326741792362374
5,2,b00_ctx1,svm_rbf,1,1,b00_ctx1_smooth1,0.3602891742332147
5,2,b00_ctx1,svm_rbf,1,4,b00_ctx1_smooth4,0.35665751749722874
5,2,b00_ctx8,svm_rbf,8,1,b00_ctx8_smooth1,0.332147534321333
5,2,b00_ctx8,svm_rbf,8,4,b00_ctx8_smooth4,0.31900114195379553
5,2,b01_ctx1,svm_rbf,1,1,b01_ctx1_smooth1,0.3374324680778092
5,2,b01_ctx1,svm_rbf,1,4,b01_ctx1_smooth4,0.3390250033234211
5,2,b01_ctx8,svm_rbf,8,1,b01_ctx8_smooth1,0.3298762543710962
5,2,b01_ctx8,svm_rbf,8,4,b01_ctx8_smooth4,0.32110823287616885
5,2,b02_ctx1,svm_rbf,1,1,b02_ctx1_smooth1,0.3318924732916403
5,2,b02_ctx1,svm_rbf,1,4,b02_ctx1_smooth4,0.3285927796426567
5,2,b02_ctx8,svm_rbf,8,1,b02_ctx8_smooth1,0.3229475376064323
5,2,b02_ctx8,svm_rbf,8,4,b02_ctx8_smooth4,0.31522095044798487
5,2,b03_ctx1,svm_rbf,1,1,b03_ctx1_smooth1,0.31060673464514593
5,2,b03_ctx1,svm_rbf,1,4,b03_ctx1_smooth4,0.31587871620250996
5,2,b03_ctx8,svm_rbf,8,1,b03_ctx8_smooth1,0.3236602756050935
5,2,b03_ctx8,svm_rbf,8,4,b03_ctx8_smooth4,0.31527537702589514
5,2,b04_ctx1,svm_rbf,1,1,b04_ctx1_smooth1,0.3193002553747512
5,2,b04_ctx1,svm_rbf,1,4,b04_ctx1_smooth4,0.31895087069204514
5,2,b04_ctx8,svm_rbf,8,1,b04_ctx8_smooth1,0.3149791143268355
5,2,b04_ctx8,svm_rbf,8,4,b04_ctx8_smooth4,0.3146417302558841
5,2,b05_ctx1,svm_rbf,1,1,b05_ctx1_smooth1,0.31275683774081675
5,2,b05_ctx1,svm_rbf,1,4,b05_ctx1_smooth4,0.2985735859784002
5,2,b05_ctx8,svm_rbf,8,1,b05_ctx8_smooth1,0.3137243430692689
5,2,b05_ctx8,svm_rbf,8,4,b05_ctx8_smooth4,0.30892493675898547
5,2,b06_ctx1,hgb,1,1,b06_ctx1_smooth1,0.3476626759404429
5,2,b06_ctx1,hgb,1,4,b06_ctx1_smooth4,0.35738873215101474
5,2,b06_ctx8,hgb,8,1,b06_ctx8_smooth1,0.341143650370909
5,2,b06_ctx8,hgb,8,4,b06_ctx8_smooth4,0.34276333914188883
5,2,b07_ctx1,hgb,1,1,b07_ctx1_smooth1,0.3513304981411083
5,2,b07_ctx1,hgb,1,4,b07_ctx1_smooth4,0.35653315052545237
5,2,b07_ctx8,hgb,8,1,b07_ctx8_smooth1,0.32401005962671947
5,2,b07_ctx8,hgb,8,4,b07_ctx8_smooth4,0.3238414324921956
5,2,b08_ctx1,hgb,1,1,b08_ctx1_smooth1,0.34248833357485303
5,2,b08_ctx1,hgb,1,4,b08_ctx1_smooth4,0.3546754829852086
5,2,b08_ctx8,hgb,8,1,b08_ctx8_smooth1,0.3328705582556642
5,2,b08_ctx8,hgb,8,4,b08_ctx8_smooth4,0.341629748739182
5,2,b09_ctx1,hgb,1,1,b09_ctx1_smooth1,0.34764414742751387
5,2,b09_ctx1,hgb,1,4,b09_ctx1_smooth4,0.34429146950754347
5,2,b09_ctx8,hgb,8,1,b09_ctx8_smooth1,0.3429666129926203
5,2,b09_ctx8,hgb,8,4,b09_ctx8_smooth4,0.3415718463807929
5,2,b10_ctx1,hgb,1,1,b10_ctx1_smooth1,0.3444784425961833
5,2,b10_ctx1,hgb,1,4,b10_ctx1_smooth4,0.35239684689985606
5,2,b10_ctx8,hgb,8,1,b10_ctx8_smooth1,0.3373828008826907
5,2,b10_ctx8,hgb,8,4,b10_ctx8_smooth4,0.3428301027638256
5,2,b11_ctx1,hgb,1,1,b11_ctx1_smooth1,0.337001533548853
5,2,b11_ctx1,hgb,1,4,b11_ctx1_smooth4,0.33710852733443303
5,2,b11_ctx8,hgb,8,1,b11_ctx8_smooth1,0.32508142369848647
5,2,b11_ctx8,hgb,8,4,b11_ctx8_smooth4,0.32738339415446155
5,2,b12_ctx1,qda,1,1,b12_ctx1_smooth1,0.36850702579134953
5,2,b12_ctx1,qda,1,4,b12_ctx1_smooth4,0.37019388830658684
5,2,b12_ctx8,qda,8,1,b12_ctx8_smooth1,0.35365797452876546
5,2,b12_ctx8,qda,8,4,b12_ctx8_smooth4,0.34944708122647
5,2,b13_ctx1,qda,1,1,b13_ctx1_smooth1,0.35141252704802894
5,2,b13_ctx1,qda,1,4,b13_ctx1_smooth4,0.3516062811606026
5,2,b13_ctx8,qda,8,1,b13_ctx8_smooth1,0.3477422236379954
5,2,b13_ctx8,qda,8,4,b13_ctx8_smooth4,0.3447763442554597
5,2,b14_ctx1,qda,1,1,b14_ctx1_smooth1,0.3586870015194097
5,2,b14_ctx1,qda,1,4,b14_ctx1_smooth4,0.3639899893403303
5,2,b14_ctx8,qda,8,1,b14_ctx8_smooth1,0.35689673611828154
5,2,b14_ctx8,qda,8,4,b14_ctx8_smooth4,0.3516284462787228
5,2,b15_ctx1,fusion_logistic,1,1,b15_ctx1_smooth1,0.3463992430960615
5,2,b15_ctx1,fusion_logistic,1,4,b15_ctx1_smooth4,0.35175247084821887
5,2,b15_ctx8,fusion_logistic,8,1,b15_ctx8_smooth1,0.3294558549792813
5,2,b15_ctx8,fusion_logistic,8,4,b15_ctx8_smooth4,0.3113397258514905
5,2,b16_ctx1,fusion_logistic,1,1,b16_ctx1_smooth1,0.3451087810537233
5,2,b16_ctx1,fusion_logistic,1,4,b16_ctx1_smooth4,0.34324403868151565
5,2,b16_ctx8,fusion_logistic,8,1,b16_ctx8_smooth1,0.32429347954683285
5,2,b16_ctx8,fusion_logistic,8,4,b16_ctx8_smooth4,0.30400040345370266
5,2,b17_ctx1,fusion_logistic,1,1,b17_ctx1_smooth1,0.3425512409211602
5,2,b17_ctx1,fusion_logistic,1,4,b17_ctx1_smooth4,0.3347519215258609
5,2,b17_ctx8,fusion_logistic,8,1,b17_ctx8_smooth1,0.3166117668714651
5,2,b17_ctx8,fusion_logistic,8,4,b17_ctx8_smooth4,0.3046814476115689
5,2,b18_ctx1,fusion_logistic,1,1,b18_ctx1_smooth1,0.34055809194456077
5,2,b18_ctx1,fusion_logistic,1,4,b18_ctx1_smooth4,0.3320793332477398
5,2,b18_ctx8,fusion_logistic,8,1,b18_ctx8_smooth1,0.31415952973069916
5,2,b18_ctx8,fusion_logistic,8,4,b18_ctx8_smooth4,0.3036083046008811
5,2,b19_ctx1,fusion_lda,1,1,b19_ctx1_smooth1,0.3482987904162806
5,2,b19_ctx1,fusion_lda,1,4,b19_ctx1_smooth4,0.3454392867690153
5,2,b19_ctx8,fusion_lda,8,1,b19_ctx8_smooth1,0.3221607865478228
5,2,b19_ctx8,fusion_lda,8,4,b19_ctx8_smooth4,0.30518442048325334
5,2,b20_ctx1,fusion_lda,1,1,b20_ctx1_smooth1,0.353132296346302
5,2,b20_ctx1,fusion_lda,1,4,b20_ctx1_smooth4,0.35463208202886565
5,2,b20_ctx8,fusion_lda,8,1,b20_ctx8_smooth1,0.32783042837831083
5,2,b20_ctx8,fusion_lda,8,4,b20_ctx8_smooth4,0.31371918655348374
5,2,b21_ctx1,fusion_lda,1,1,b21_ctx1_smooth1,0.3631872665948961
5,2,b21_ctx1,fusion_lda,1,4,b21_ctx1_smooth4,0.362780683152892
5,2,b21_ctx8,fusion_lda,8,1,b21_ctx8_smooth1,0.34685724636820203
5,2,b21_ctx8,fusion_lda,8,4,b21_ctx8_smooth4,0.3306039321677275
5,3,b00_ctx1,svm_rbf,1,1,b00_ctx1_smooth1,0.3248872005693208
5,3,b00_ctx1,svm_rbf,1,4,b00_ctx1_smooth4,0.3288156144538107
5,3,b00_ctx8,svm_rbf,8,1,b00_ctx8_smooth1,0.32247521668012763
5,3,b00_ctx8,svm_rbf,8,4,b00_ctx8_smooth4,0.3270214685957636
5,3,b01_ctx1,svm_rbf,1,1,b01_ctx1_smooth1,0.3252358770708418
5,3,b01_ctx1,svm_rbf,1,4,b01_ctx1_smooth4,0.32055777342452213
5,3,b01_ctx8,svm_rbf,8,1,b01_ctx8_smooth1,0.30389023374297786
5,3,b01_ctx8,svm_rbf,8,4,b01_ctx8_smooth4,0.31417426277567523
5,3,b02_ctx1,svm_rbf,1,1,b02_ctx1_smooth1,0.33642249647681616
5,3,b02_ctx1,svm_rbf,1,4,b02_ctx1_smooth4,0.3335715169298815
5,3,b02_ctx8,svm_rbf,8,1,b02_ctx8_smooth1,0.3182495058138752
5,3,b02_ctx8,svm_rbf,8,4,b02_ctx8_smooth4,0.3224417734543093
5,3,b03_ctx1,svm_rbf,1,1,b03_ctx1_smooth1,0.3383129958123298
5,3,b03_ctx1,svm_rbf,1,4,b03_ctx1_smooth4,0.3430272993850193
5,3,b03_ctx8,svm_rbf,8,1,b03_ctx8_smooth1,0.32226285060018295
5,3,b03_ctx8,svm_rbf,8,4,b03_ctx8_smooth4,0.32033942960369177
5,3,b04_ctx1,svm_rbf,1,1,b04_ctx1_smooth1,0.3394588109690518
5,3,b04_ctx1,svm_rbf,1,4,b04_ctx1_smooth4,0.3416915987962346
5,3,b04_ctx8,svm_rbf,8,1,b04_ctx8_smooth1,0.3380141902649465
5,3,b04_ctx8,svm_rbf,8,4,b04_ctx8_smooth4,0.3420295165069643
5,3,b05_ctx1,svm_rbf,1,1,b05_ctx1_smooth1,0.3236095531122553
5,3,b05_ctx1,svm_rbf,1,4,b05_ctx1_smooth4,0.32314510682257686
5,3,b05_ctx8,svm_rbf,8,1,b05_ctx8_smooth1,0.32441639152557583
5,3,b05_ctx8,svm_rbf,8,4,b05_ctx8_smooth4,0.3171645814439616
5,3,b06_ctx1,hgb,1,1,b06_ctx1_smooth1,0.3275217548883148
5,3,b06_ctx1,hgb,1,4,b06_ctx1_smooth4,0.32678982147244845
5,3,b06_ctx8,hgb,8,1,b06_ctx8_smooth1,0.3364656968217518
5,3,b06_ctx8,hgb,8,4,b06_ctx8_smooth4,0.3312234899198699
5,3,b07_ctx1,hgb,1,1,b07_ctx1_smooth1,0.3379734217586395
5,3,b07_ctx1,hgb,1,4,b07_ctx1_smooth4,0.34005192994790157
5,3,b07_ctx8,hgb,8,1,b07_ctx8_smooth1,0.3127839588373876
5,3,b07_ctx8,hgb,8,4,b07_ctx8_smooth4,0.2966584089651993
5,3,b08_ctx1,hgb,1,1,b08_ctx1_smooth1,0.31807154143543437
5,3,b08_ctx1,hgb,1,4,b08_ctx1_smooth4,0.32412177496439065
5,3,b08_ctx8,hgb,8,1,b08_ctx8_smooth1,0.3304157191141631
5,3,b08_ctx8,hgb,8,4,b08_ctx8_smooth4,0.3180130395532519
5,3,b09_ctx1,hgb,1,1,b09_ctx1_smooth1,0.3366623428446961
5,3,b09_ctx1,hgb,1,4,b09_ctx1_smooth4,0.34495495404891807
5,3,b09_ctx8,hgb,8,1,b09_ctx8_smooth1,0.31687313909510784
5,3,b09_ctx8,hgb,8,4,b09_ctx8_smooth4,0.303845183074456
5,3,b10_ctx1,hgb,1,1,b10_ctx1_smooth1,0.34185404344090353
5,3,b10_ctx1,hgb,1,4,b10_ctx1_smooth4,0.34193802310398463
5,3,b10_ctx8,hgb,8,1,b10_ctx8_smooth1,0.32996511761141434
5,3,b10_ctx8,hgb,8,4,b10_ctx8_smooth4,0.3208622341598316
5,3,b11_ctx1,hgb,1,1,b11_ctx1_smooth1,0.3430633534032831
5,3,b11_ctx1,hgb,1,4,b11_ctx1_smooth4,0.3438573914086227
5,3,b11_ctx8,hgb,8,1,b11_ctx8_smooth1,0.31479151849592746
5,3,b11_ctx8,hgb,8,4,b11_ctx8_smooth4,0.2993788188865288
5,3,b12_ctx1,qda,1,1,b12_ctx1_smooth1,0.32932829492600857
5,3,b12_ctx1,qda,1,4,b12_ctx1_smooth4,0.3266760902607541
5,3,b12_ctx8,qda,8,1,b12_ctx8_smooth1,0.3074910610114093
5,3,b12_ctx8,qda,8,4,b12_ctx8_smooth4,0.308450230047744
5,3,b13_ctx1,qda,1,1,b13_ctx1_smooth1,0.3220925040786019
5,3,b13_ctx1,qda,1,4,b13_ctx1_smooth4,0.32172221509113874
5,3,b13_ctx8,qda,8,1,b13_ctx8_smooth1,0.29679690041897633
5,3,b13_ctx8,qda,8,4,b13_ctx8_smooth4,0.3001401732624019
5,3,b14_ctx1,qda,1,1,b14_ctx1_smooth1,0.3207769966200739
5,3,b14_ctx1,qda,1,4,b14_ctx1_smooth4,0.3267322691039448
5,3,b14_ctx8,qda,8,1,b14_ctx8_smooth1,0.30328431479442264
5,3,b14_ctx8,qda,8,4,b14_ctx8_smooth4,0.30636961093618315
5,3,b15_ctx1,fusion_logistic,1,1,b15_ctx1_smooth1,0.3414484277223248
5,3,b15_ctx1,fusion_logistic,1,4,b15_ctx1_smooth4,0.33983048418070244
5,3,b15_ctx8,fusion_logistic,8,1,b15_ctx8_smooth1,0.3060227119909036
5,3,b15_ctx8,fusion_logistic,8,4,b15_ctx8_smooth4,0.30632743837715065
5,3,b16_ctx1,fusion_logistic,1,1,b16_ctx1_smooth1,0.34294930599516166
5,3,b16_ctx1,fusion_logistic,1,4,b16_ctx1_smooth4,0.3450593765542175
5,3,b16_ctx8,fusion_logistic,8,1,b16_ctx8_smooth1,0.31937944195012397
5,3,b16_ctx8,fusion_logistic,8,4,b16_ctx8_smooth4,0.308948631635839
5,3,b17_ctx1,fusion_logistic,1,1,b17_ctx1_smooth1,0.349318575644195
5,3,b17_ctx1,fusion_logistic,1,4,b17_ctx1_smooth4,0.3488901257772469
5,3,b17_ctx8,fusion_logistic,8,1,b17_ctx8_smooth1,0.3221736277436886
5,3,b17_ctx8,fusion_logistic,8,4,b17_ctx8_smooth4,0.3056614793538477
5,3,b18_ctx1,fusion_logistic,1,1,b18_ctx1_smooth1,0.34873873515843573
5,3,b18_ctx1,fusion_logistic,1,4,b18_ctx1_smooth4,0.34858035144786464
5,3,b18_ctx8,fusion_logistic,8,1,b18_ctx8_smooth1,0.3194814124600557
5,3,b18_ctx8,fusion_logistic,8,4,b18_ctx8_smooth4,0.3059821915885866
5,3,b19_ctx1,fusion_lda,1,1,b19_ctx1_smooth1,0.3392500415453877
5,3,b19_ctx1,fusion_lda,1,4,b19_ctx1_smooth4,0.33984873143266925
5,3,b19_ctx8,fusion_lda,8,1,b19_ctx8_smooth1,0.316338860703867
5,3,b19_ctx8,fusion_lda,8,4,b19_ctx8_smooth4,0.31073219416643894
5,3,b20_ctx1,fusion_lda,1,1,b20_ctx1_smooth1,0.3374079080033543
5,3,b20_ctx1,fusion_lda,1,4,b20_ctx1_smooth4,0.33327501222506206
5,3,b20_ctx8,fusion_lda,8,1,b20_ctx8_smooth1,0.30655423127985154
5,3,b20_ctx8,fusion_lda,8,4,b20_ctx8_smooth4,0.30541525392820357
5,3,b21_ctx1,fusion_lda,1,1,b21_ctx1_smooth1,0.33232218282022025
5,3,b21_ctx1,fusion_lda,1,4,b21_ctx1_smooth4,0.3298152949929231
5,3,b21_ctx8,fusion_lda,8,1,b21_ctx8_smooth1,0.3174693046050807
5,3,b21_ctx8,fusion_lda,8,4,b21_ctx8_smooth4,0.3200021722232022
