task,kind,subset,architecture,seed,split,scope,macro_score,rows,participants,balanced_accuracy,macro_f1,r2,mae,mse
attention_primary,classification,full,TCN,20260907,validation,all,0.35037424678578716,4662,8,0.35255891380863863,0.3329028906955736,,,
attention_primary,classification,full,TCN,20260907,validation,history_8,0.35199185576258396,1591,8,0.34467330307394534,0.32616962783706155,,,
attention_primary,classification,full,TCN,20260907,test,all,0.33370134000333723,4025,8,0.33361357736976616,0.313363508605119,,,
attention_primary,classification,full,TCN,20260907,test,history_8,0.30421142614810426,1375,8,0.30699496130071163,0.28588971060784824,,,
attention_primary,classification,full,TCN,20260908,validation,all,0.3405110387980022,4662,8,0.34173636894839904,0.34041780836008434,,,
attention_primary,classification,full,TCN,20260908,validation,history_8,0.3283246533523808,1591,8,0.33377009739981545,0.3322872803051831,,,
attention_primary,classification,full,TCN,20260908,test,all,0.3372217690754962,4025,8,0.33761701068335465,0.33366707464610146,,,
attention_primary,classification,full,TCN,20260908,test,history_8,0.30572017544321295,1375,8,0.31321749519505476,0.306276593576061,,,
attention_primary,classification,full,LSTM,20260907,validation,all,0.3420152170522497,4662,8,0.3418133407932569,0.32759065496141454,,,
attention_primary,classification,full,LSTM,20260907,validation,history_8,0.34499736231000044,1591,8,0.3497602405458695,0.3345631690258693,,,
attention_primary,classification,full,LSTM,20260907,test,all,0.33798125221101005,4025,8,0.3373512141253367,0.3251112599187361,,,
attention_primary,classification,full,LSTM,20260907,test,history_8,0.32522981159752257,1375,8,0.32765362838294115,0.32367020604083885,,,
attention_primary,classification,full,LSTM,20260908,validation,all,0.3395474486107551,4662,8,0.33830422473350913,0.3356149628405505,,,
attention_primary,classification,full,LSTM,20260908,validation,history_8,0.3376853803933125,1591,8,0.33547192723259406,0.3257663194737809,,,
attention_primary,classification,full,LSTM,20260908,test,all,0.32944868872172706,4025,8,0.32916319834572666,0.31693097412135285,,,
attention_primary,classification,full,LSTM,20260908,test,history_8,0.278864214791011,1375,8,0.27900992156251625,0.24336587765060788,,,
attention_primary,classification,full,BiLSTM,20260907,validation,all,0.335918697906043,4662,8,0.3359978282352591,0.3227514683512959,,,
attention_primary,classification,full,BiLSTM,20260907,validation,history_8,0.3272770072193038,1591,8,0.33078301993252923,0.32408219484107864,,,
attention_primary,classification,full,BiLSTM,20260907,test,all,0.3280313160310434,4025,8,0.32815317142525857,0.29901390287646984,,,
attention_primary,classification,full,BiLSTM,20260907,test,history_8,0.31218039715648427,1375,8,0.31052880369850916,0.2952215007576145,,,
attention_primary,classification,full,BiLSTM,20260908,validation,all,0.34533507356191584,4662,8,0.3454150161861582,0.34062109503303645,,,
attention_primary,classification,full,BiLSTM,20260908,validation,history_8,0.3600793528226944,1591,8,0.3660339359220654,0.36594430469287587,,,
attention_primary,classification,full,BiLSTM,20260908,test,all,0.32879864570175177,4025,8,0.3286477197248459,0.3101880090995362,,,
attention_primary,classification,full,BiLSTM,20260908,test,history_8,0.3070174262215918,1375,8,0.306218897719599,0.28754162845216413,,,
attention_primary,classification,full,MLP_current,20260907,validation,all,0.3504623166311293,4662,8,0.3517387084510671,0.3502869600335079,,,
attention_primary,classification,full,MLP_current,20260907,validation,history_8,0.3509851219936339,1591,8,0.34842106057427774,0.3454644721423245,,,
attention_primary,classification,full,MLP_current,20260907,test,all,0.3148071418793672,4025,8,0.3145532784106885,0.31274301096120477,,,
attention_primary,classification,full,MLP_current,20260907,test,history_8,0.3256532474709715,1375,8,0.3279351721988468,0.32462960520715733,,,
attention_primary,classification,full,MLP_current,20260908,validation,all,0.34647237420861804,4662,8,0.3463927517351771,0.3014152579291553,,,
attention_primary,classification,full,MLP_current,20260908,validation,history_8,0.35236727921849775,1591,8,0.35166577377494,0.3041235358757922,,,
attention_primary,classification,full,MLP_current,20260908,test,all,0.3295308339920535,4025,8,0.32937916962562136,0.29483322751582564,,,
attention_primary,classification,full,MLP_current,20260908,test,history_8,0.3073250070545307,1375,8,0.30521167731546417,0.2702934123625816,,,
attention_primary,regression,full,TCN,20260907,validation,all,-1.001684365034056,4662,8,,,-0.0013002463962443755,0.7373481111063074,1.0013002467676133
attention_primary,regression,full,TCN,20260907,validation,history_8,-0.9551270495127149,1591,8,,,0.0013254419736598022,0.7207365599416019,0.9345807771603575
attention_primary,regression,full,TCN,20260907,test,all,-1.0052210227961091,4025,8,,,-0.005544574983008088,0.7355054572964714,1.0055445761667428
attention_primary,regression,full,TCN,20260907,test,history_8,-0.9785026542100395,1375,8,,,-0.009587439158092792,0.731092263577755,0.9795113944727909
attention_primary,regression,full,TCN,20260908,validation,all,-1.0042544246590608,4662,8,,,-0.003181341093694945,0.7432413081625323,1.0031813414657615
attention_primary,regression,full,TCN,20260908,validation,history_8,-0.9640531599123067,1591,8,,,-0.006860702154621201,0.7309224619468886,0.9422415440036375
attention_primary,regression,full,TCN,20260908,test,all,-1.0034345509455729,4025,8,,,-0.003481476274853401,0.7388303840233225,1.0034814774561596
attention_primary,regression,full,TCN,20260908,test,history_8,-0.9751010318740045,1375,8,,,-0.006458621804984688,0.7343600642308894,0.9764757859363483
attention_primary,regression,full,LSTM,20260907,validation,all,-1.002852861609811,4662,8,,,-0.0029406274260792564,0.7392157749229155,1.0029406277980564
attention_primary,regression,full,LSTM,20260907,validation,history_8,-0.9571656689045901,1591,8,,,-0.0004995737002311262,0.7258600886882589,0.9362886654339964
attention_primary,regression,full,LSTM,20260907,test,all,-1.0044577739089966,4025,8,,,-0.004821786566030717,0.7367595104033577,1.0048217877489147
attention_primary,regression,full,LSTM,20260907,test,history_8,-0.9781817320832736,1375,8,,,-0.01020499222564597,0.7348144590744053,0.9801105503684551
attention_primary,regression,full,LSTM,20260908,validation,all,-1.001460675148903,4662,8,,,-0.0017066708719946089,0.7392487842754615,1.001706671243514
attention_primary,regression,full,LSTM,20260908,validation,history_8,-0.955284713197266,1591,8,,,0.001667861939193216,0.7223737826325043,0.9342603333131286
attention_primary,regression,full,LSTM,20260908,test,all,-1.000946878878474,4025,8,,,-0.00121873162609476,0.7356466528138867,1.001218732804737
attention_primary,regression,full,LSTM,20260908,test,history_8,-0.9740786452013726,1375,8,,,-0.005332430541582944,0.729707466975439,0.9753831443957822
attention_primary,regression,full,BiLSTM,20260907,validation,all,-1.0019132111735751,4662,8,,,-0.0017203527252078743,0.7391730400777666,1.0017203530967325
attention_primary,regression,full,BiLSTM,20260907,validation,history_8,-0.9577582153861093,1591,8,,,-0.0008160824726106686,0.7238979776871826,0.9365848610385517
attention_primary,regression,full,BiLSTM,20260907,test,all,-1.0042105217987585,4025,8,,,-0.004582685348302862,0.7359262898924157,1.0045826865309053
attention_primary,regression,full,BiLSTM,20260907,test,history_8,-0.9769413945436324,1375,8,,,-0.008713932378948241,0.7316112968055623,0.9786639098368541
attention_primary,regression,full,BiLSTM,20260908,validation,all,-0.9997699198009993,4662,8,,,0.00027743127922907895,0.7379542471426621,0.9997225690915545
attention_primary,regression,full,BiLSTM,20260908,validation,history_8,-0.9573651385943585,1591,8,,,-0.0010695830736002776,0.7244411576393884,0.936822092263458
attention_primary,regression,full,BiLSTM,20260908,test,all,-1.002389645622943,4025,8,,,-0.002841346535607414,0.7349196357443325,1.0028413477161597
attention_primary,regression,full,BiLSTM,20260908,test,history_8,-0.9794705144263576,1375,8,,,-0.010813812390971123,0.7324487731165821,0.9807012335188101
attention_primary,regression,full,MLP_current,20260907,validation,all,-1.0014247870166102,4662,8,,,-0.0016649485351420967,0.7381247502059761,1.0016649489066463
attention_primary,regression,full,MLP_current,20260907,validation,history_8,-0.9549538560859514,1591,8,,,0.002431584011979848,0.7216529059183406,0.9335456260417929
attention_primary,regression,full,MLP_current,20260907,test,all,-1.000053652170215,4025,8,,,-0.00020350298971827385,0.7347225333373397,1.0002035041671653
attention_primary,regression,full,MLP_current,20260907,test,history_8,-0.9726882698180277,1375,8,,,-0.0035129426976003852,0.7303201392588943,0.9736178598784039
attention_primary,regression,full,MLP_current,20260908,validation,all,-1.0011497031915138,4662,8,,,-0.0010037912630136425,0.7406389908545657,1.0010037916342724
attention_primary,regression,full,MLP_current,20260908,validation,history_8,-0.9621993896504095,1591,8,,,-0.004673848581211448,0.7256459052363712,0.9401950401693832
attention_primary,regression,full,MLP_current,20260908,test,all,-1.0013000680908957,4025,8,,,-0.0012642165097909164,0.7364192112130639,1.0012642176884867
attention_primary,regression,full,MLP_current,20260908,test,history_8,-0.971969802430411,1375,8,,,-0.002388138589211941,0.7297989916493347,0.9725265641689057
attention_primary,classification,EEG,TCN,20260907,validation,all,0.35410729952457265,4662,8,0.3524451113498434,0.3517317636163085,,,
attention_primary,classification,EEG,TCN,20260907,validation,history_8,0.3591438532720663,1591,8,0.3599281125744475,0.35678157324127174,,,
attention_primary,classification,EEG,TCN,20260907,test,all,0.3213794635151725,4025,8,0.32122949523103556,0.318028732954812,,,
attention_primary,classification,EEG,TCN,20260907,test,history_8,0.3143235682671291,1375,8,0.3148781881460703,0.312128519204808,,,
attention_primary,classification,EEG,TCN,20260908,validation,all,0.33821787750451765,4662,8,0.3375696815903763,0.3321847533199646,,,
attention_primary,classification,EEG,TCN,20260908,validation,history_8,0.3442304563096392,1591,8,0.353013123077034,0.34257872122045346,,,
attention_primary,classification,EEG,TCN,20260908,test,all,0.3285168019964519,4025,8,0.32922728587818256,0.32165341587987706,,,
attention_primary,classification,EEG,TCN,20260908,test,history_8,0.33483952821871565,1375,8,0.3430143888629162,0.33610137520154887,,,
attention_primary,classification,EEG,LSTM,20260907,validation,all,0.34751343057779743,4662,8,0.34537777174509793,0.3434437166281808,,,
attention_primary,classification,EEG,LSTM,20260907,validation,history_8,0.3535371946142172,1591,8,0.35999505681725763,0.3446877443226241,,,
attention_primary,classification,EEG,LSTM,20260907,test,all,0.3221811646068259,4025,8,0.3217234878583762,0.319834460863746,,,
attention_primary,classification,EEG,LSTM,20260907,test,history_8,0.3178545356388863,1375,8,0.3332112617526362,0.32167201418876723,,,
attention_primary,classification,EEG,LSTM,20260908,validation,all,0.35132630476153065,4662,8,0.3486267284869211,0.33958593367228335,,,
attention_primary,classification,EEG,LSTM,20260908,validation,history_8,0.3507050692247996,1591,8,0.35406382105007755,0.3440054435514071,,,
attention_primary,classification,EEG,LSTM,20260908,test,all,0.3318322643878065,4025,8,0.3311536163335041,0.32249302131779745,,,
attention_primary,classification,EEG,LSTM,20260908,test,history_8,0.323726776805181,1375,8,0.33626720689834294,0.33067364004689953,,,
attention_primary,classification,EEG,BiLSTM,20260907,validation,all,0.35058941312652203,4662,8,0.34746042571223784,0.34563692367365206,,,
attention_primary,classification,EEG,BiLSTM,20260907,validation,history_8,0.35610149317499346,1591,8,0.3581830952875606,0.35713380874671197,,,
attention_primary,classification,EEG,BiLSTM,20260907,test,all,0.3389260850349468,4025,8,0.3388869069912089,0.33607229135593514,,,
attention_primary,classification,EEG,BiLSTM,20260907,test,history_8,0.3242445394979779,1375,8,0.33116565373227363,0.3304388370646389,,,
attention_primary,classification,EEG,BiLSTM,20260908,validation,all,0.34402630716452953,4662,8,0.34263009759147095,0.33722844035016425,,,
attention_primary,classification,EEG,BiLSTM,20260908,validation,history_8,0.3561124320436852,1591,8,0.34519651582749095,0.3451176510847349,,,
attention_primary,classification,EEG,BiLSTM,20260908,test,all,0.3303381371048576,4025,8,0.32992780335722355,0.32823130289391,,,
attention_primary,classification,EEG,BiLSTM,20260908,test,history_8,0.3232529769108507,1375,8,0.3264235624123422,0.3214493840027121,,,
attention_primary,regression,EEG,TCN,20260907,validation,all,-1.0013166386049037,4662,8,,,-0.0011741551221962077,0.7376149572813914,1.0011741554935183
attention_primary,regression,EEG,TCN,20260907,validation,history_8,-0.9562908009210073,1591,8,,,0.0016487223799096506,0.7217145970771816,0.9342782445175806
attention_primary,regression,EEG,TCN,20260907,test,all,-1.0033492841331535,4025,8,,,-0.00347224159554238,0.7349539756198965,1.0034722427768374
attention_primary,regression,EEG,TCN,20260907,test,history_8,-0.9739913446868198,1375,8,,,-0.004878853040454656,0.7295605904884952,0.974943079163788
attention_primary,regression,EEG,TCN,20260908,validation,all,-0.9980794995046209,4662,8,,,0.002161349307009397,0.7375155046304369,0.9978386510630756
attention_primary,regression,EEG,TCN,20260908,validation,history_8,-0.9550146111287892,1591,8,,,0.0020191494912064067,0.7212008625496601,0.933931590990889
attention_primary,regression,EEG,TCN,20260908,test,all,-1.001670362930426,4025,8,,,-0.0018385434683383384,0.7354554945339176,1.0018385446477103
attention_primary,regression,EEG,TCN,20260908,test,history_8,-0.9748441076019241,1375,8,,,-0.005486492948477473,0.7291462450594678,0.9755326172172142
attention_primary,regression,EEG,LSTM,20260907,validation,all,-0.9991425918228083,4662,8,,,0.0009215387315284485,0.735954711717098,0.9990784616390164
attention_primary,regression,EEG,LSTM,20260907,validation,history_8,-0.9524701463533974,1591,8,,,0.005351249852327933,0.7192100479035569,0.9308133409863754
attention_primary,regression,EEG,LSTM,20260907,test,all,-1.003091356639211,4025,8,,,-0.0032758325559285595,0.7348102086455348,1.0032758337369925
attention_primary,regression,EEG,LSTM,20260907,test,history_8,-0.9719623685019056,1375,8,,,-0.002349952882302775,0.7278307722019455,0.9724895160306537
attention_primary,regression,EEG,LSTM,20260908,validation,all,-0.9990255110847398,4662,8,,,0.001215608654361322,0.7373048426299873,0.9987843917160745
attention_primary,regression,EEG,LSTM,20260908,validation,history_8,-0.9530684124252047,1591,8,,,0.004888089142094931,0.7193165749898308,0.9312467765766194
attention_primary,regression,EEG,LSTM,20260908,test,all,-1.0023127728631571,4025,8,,,-0.002487618438527628,0.7356328219832821,1.0024876196186638
attention_primary,regression,EEG,LSTM,20260908,test,history_8,-0.9726432976697034,1375,8,,,-0.0032052153829016383,0.7289512121341624,0.9733192998929613
attention_primary,regression,EEG,BiLSTM,20260907,validation,all,-0.9990326319089768,4662,8,,,0.0009842726682011138,0.7368331390884528,0.9990157277023204
attention_primary,regression,EEG,BiLSTM,20260907,validation,history_8,-0.9516059859859058,1591,8,,,0.006132533359743841,0.7194149667010323,0.9300821993530226
attention_primary,regression,EEG,BiLSTM,20260907,test,all,-1.0048571121960461,4025,8,,,-0.005085181467673339,0.7363865918263542,1.0050851826508673
attention_primary,regression,EEG,BiLSTM,20260907,test,history_8,-0.9742644664891529,1375,8,,,-0.004785840416571485,0.7293864607095158,0.974852837426035
attention_primary,regression,EEG,BiLSTM,20260908,validation,all,-1.0004518456744131,4662,8,,,-0.0009826144595859176,0.7364063023135817,1.000982614830837
attention_primary,regression,EEG,BiLSTM,20260908,validation,history_8,-0.9532097209360472,1591,8,,,0.004725484816206493,0.7197950676042519,0.9313989451444847
attention_primary,regression,EEG,BiLSTM,20260908,test,all,-1.003402061369727,4025,8,,,-0.0035563624054091303,0.7353398245323863,1.0035563635868032
attention_primary,regression,EEG,BiLSTM,20260908,test,history_8,-0.9722783100113157,1375,8,,,-0.002630383820437565,0.7288148968641018,0.9727615928103478
attention_primary,classification,compact_no_noise,TCN,20260907,validation,all,0.34031318096958296,4662,8,0.33855403837336145,0.3221319239862291,,,
attention_primary,classification,compact_no_noise,TCN,20260907,validation,history_8,0.34737906683510544,1591,8,0.34694771041601374,0.3411091246670696,,,
attention_primary,classification,compact_no_noise,TCN,20260907,test,all,0.34235910636293515,4025,8,0.3410836646066044,0.31874145029128403,,,
attention_primary,classification,compact_no_noise,TCN,20260907,test,history_8,0.33925399507045784,1375,8,0.3397594930133499,0.32776975613470755,,,
attention_primary,classification,compact_no_noise,TCN,20260908,validation,all,0.33642950854279596,4662,8,0.3381388318267267,0.33075234334726583,,,
attention_primary,classification,compact_no_noise,TCN,20260908,validation,history_8,0.34721721045878523,1591,8,0.3538276750826532,0.3342992574418453,,,
attention_primary,classification,compact_no_noise,TCN,20260908,test,all,0.33330065381082596,4025,8,0.33313847759881426,0.3229605424873833,,,
attention_primary,classification,compact_no_noise,TCN,20260908,test,history_8,0.30843686277323584,1375,8,0.31053036205911383,0.27976427327968684,,,
attention_primary,classification,compact_no_noise,LSTM,20260907,validation,all,0.33185493641563113,4662,8,0.33243988057501,0.3281562200856527,,,
attention_primary,classification,compact_no_noise,LSTM,20260907,validation,history_8,0.3340529798891788,1591,8,0.33627310514542064,0.33519727174777864,,,
attention_primary,classification,compact_no_noise,LSTM,20260907,test,all,0.3236448345839708,4025,8,0.32324362190134004,0.31518162922834486,,,
attention_primary,classification,compact_no_noise,LSTM,20260907,test,history_8,0.31551251442366557,1375,8,0.31224092254947794,0.3121568238406666,,,
attention_primary,classification,compact_no_noise,LSTM,20260908,validation,all,0.33250397752227323,4662,8,0.3330094446384834,0.31411606298945616,,,
attention_primary,classification,compact_no_noise,LSTM,20260908,validation,history_8,0.3240929090140736,1591,8,0.31834094848408784,0.301463759029493,,,
attention_primary,classification,compact_no_noise,LSTM,20260908,test,all,0.3316884013332053,4025,8,0.33090782397636836,0.3133838616806139,,,
attention_primary,classification,compact_no_noise,LSTM,20260908,test,history_8,0.3301340368649942,1375,8,0.33077710248818243,0.32953080861581924,,,
attention_primary,classification,compact_no_noise,BiLSTM,20260907,validation,all,0.3425577159135722,4662,8,0.3419795613542851,0.33650120373119136,,,
attention_primary,classification,compact_no_noise,BiLSTM,20260907,validation,history_8,0.35069726584868566,1591,8,0.35314821885287645,0.33400574352078466,,,
attention_primary,classification,compact_no_noise,BiLSTM,20260907,test,all,0.3135562792108875,4025,8,0.31402668634487313,0.31329975423257955,,,
attention_primary,classification,compact_no_noise,BiLSTM,20260907,test,history_8,0.30215549674966496,1375,8,0.29965871902758295,0.28563481662951606,,,
attention_primary,classification,compact_no_noise,BiLSTM,20260908,validation,all,0.3349776359439114,4662,8,0.33530011570606355,0.3178735473932452,,,
attention_primary,classification,compact_no_noise,BiLSTM,20260908,validation,history_8,0.3501439369263478,1591,8,0.3433851378214012,0.34112302477511475,,,
attention_primary,classification,compact_no_noise,BiLSTM,20260908,test,all,0.3311950204897478,4025,8,0.3306696258066046,0.31590328743167423,,,
attention_primary,classification,compact_no_noise,BiLSTM,20260908,test,history_8,0.3351420449693592,1375,8,0.32764791439405744,0.3263987924276504,,,
attention_primary,regression,compact_no_noise,TCN,20260907,validation,all,-1.0007601413697378,4662,8,,,-0.0005889693076885916,0.7398966473621564,1.0005889696787937
attention_primary,regression,compact_no_noise,TCN,20260907,validation,history_8,-0.9570626042190113,1591,8,,,0.0003082961966870412,0.7246723119580597,0.9355326436949443
attention_primary,regression,compact_no_noise,TCN,20260907,test,all,-1.0001843279347835,4025,8,,,-0.00045846846335040325,0.7364075262766855,1.0004584696410976
attention_primary,regression,compact_no_noise,TCN,20260907,test,history_8,-0.9701396159726219,1375,8,,,-0.0008594984595657884,0.7317168153401571,0.9710434628871728
attention_primary,regression,compact_no_noise,TCN,20260908,validation,all,-1.004452279548505,4662,8,,,-0.003934716246585257,0.7405445584709749,1.0039347166189312
attention_primary,regression,compact_no_noise,TCN,20260908,validation,history_8,-0.9620239315867827,1591,8,,,-0.005367798884473363,0.7265911536921105,0.9408444535428597
attention_primary,regression,compact_no_noise,TCN,20260908,test,all,-0.9971298079169678,4025,8,,,0.002509684573929527,0.7333199933376299,0.9974903166003236
attention_primary,regression,compact_no_noise,TCN,20260908,test,history_8,-0.9663264859359681,1375,8,,,0.0025994112804064162,0.727050115538709,0.9676875955582559
attention_primary,regression,compact_no_noise,LSTM,20260907,validation,all,-1.0006655880827056,4662,8,,,-0.0003240707977445467,0.7379949882145248,1.0003240711687513
attention_primary,regression,compact_no_noise,LSTM,20260907,validation,history_8,-0.9589948636215037,1591,8,,,-0.0008653349541689614,0.7234797048384853,0.9366309525526709
attention_primary,regression,compact_no_noise,LSTM,20260907,test,all,-1.0023155592421185,4025,8,,,-0.0023673300334359215,0.7355010796644124,1.0023673312134302
attention_primary,regression,compact_no_noise,LSTM,20260907,test,history_8,-0.9718600840036125,1375,8,,,-0.002458908107796365,0.7302023754781831,0.9725952254330481
attention_primary,regression,compact_no_noise,LSTM,20260908,validation,all,-1.0032997955538714,4662,8,,,-0.0029506415698561383,0.7376848208444287,1.002950641941837
attention_primary,regression,compact_no_noise,LSTM,20260908,validation,history_8,-0.95710008545927,1591,8,,,0.0007440521391808286,0.7242854354421142,0.9351248540660656
attention_primary,regression,compact_no_noise,LSTM,20260908,test,all,-1.0045991346661554,4025,8,,,-0.005023302407505703,0.7363447879888614,1.0050233035906269
attention_primary,regression,compact_no_noise,LSTM,20260908,test,history_8,-0.9754797916068879,1375,8,,,-0.0068381238980901315,0.7338798676932894,0.9768439824986321
attention_primary,regression,compact_no_noise,BiLSTM,20260907,validation,all,-1.0028843366360634,4662,8,,,-0.0030577642474287625,0.7393517881863485,1.0030577646194494
attention_primary,regression,compact_no_noise,BiLSTM,20260907,validation,history_8,-0.9622350952920424,1591,8,,,-0.004491017162969735,0.7263667728400651,0.9400239426606138
attention_primary,regression,compact_no_noise,BiLSTM,20260907,test,all,-0.9991783164268215,4025,8,,,0.0007899698338438288,0.734413894966102,0.9992100313424338
attention_primary,regression,compact_no_noise,BiLSTM,20260907,test,history_8,-0.9731015639509657,1375,8,,,-0.0038001089779835517,0.731508702379963,0.9738964713515994
attention_primary,regression,compact_no_noise,BiLSTM,20260908,validation,all,-1.0026804246703964,4662,8,,,-0.0025955371250867554,0.7403930061622134,1.002595537496936
attention_primary,regression,compact_no_noise,BiLSTM,20260908,validation,history_8,-0.9613097156763104,1591,8,,,-0.0033320295898009444,0.7271591508861746,0.938939337572654
attention_primary,regression,compact_no_noise,BiLSTM,20260908,test,all,-1.001267078844833,4025,8,,,-0.0013992588946036832,0.7368607764271919,1.0013992600734585
attention_primary,regression,compact_no_noise,BiLSTM,20260908,test,history_8,-0.9731744106539302,1375,8,,,-0.004028926648903752,0.7330599038434025,0.9741184724455412
arousal_primary_6s,classification,full,TCN,20260907,validation,all,0.35902645504378594,4662,8,0.356600648277221,0.3446084960674647,,,
arousal_primary_6s,classification,full,TCN,20260907,validation,history_8,0.3100102895275285,1591,8,0.31723185404239934,0.29938256092518145,,,
arousal_primary_6s,classification,full,TCN,20260907,test,all,0.38248703451356875,4025,8,0.35798866751881436,0.3472767400459174,,,
arousal_primary_6s,classification,full,TCN,20260907,test,history_8,0.38118901306404623,1375,8,0.3678100553303209,0.3562901470614055,,,
arousal_primary_6s,classification,full,TCN,20260908,validation,all,0.3607459130377358,4662,8,0.3668688164273861,0.35988650337191674,,,
arousal_primary_6s,classification,full,TCN,20260908,validation,history_8,0.3273407186648321,1591,8,0.3462330725189345,0.3426207067422342,,,
arousal_primary_6s,classification,full,TCN,20260908,test,all,0.3532610322009152,4025,8,0.3521656148786716,0.3437801036082789,,,
arousal_primary_6s,classification,full,TCN,20260908,test,history_8,0.32527758520292344,1375,8,0.3377324836573799,0.3179297497814538,,,
arousal_primary_6s,classification,full,LSTM,20260907,validation,all,0.3652676814475775,4662,8,0.36241266420222323,0.34401820171563474,,,
arousal_primary_6s,classification,full,LSTM,20260907,validation,history_8,0.3401525582611836,1591,8,0.3378889810112348,0.32348900641735123,,,
arousal_primary_6s,classification,full,LSTM,20260907,test,all,0.36383277345282594,4025,8,0.3416005177213937,0.3367541657227718,,,
arousal_primary_6s,classification,full,LSTM,20260907,test,history_8,0.3406741024082718,1375,8,0.32871396384072593,0.32439781303612397,,,
arousal_primary_6s,classification,full,LSTM,20260908,validation,all,0.3797912328487752,4662,8,0.37698021921441666,0.3644696255255691,,,
arousal_primary_6s,classification,full,LSTM,20260908,validation,history_8,0.36194459832407017,1591,8,0.3582092758624162,0.351186359104988,,,
arousal_primary_6s,classification,full,LSTM,20260908,test,all,0.34181127037963926,4025,8,0.3292183977833502,0.32746711907373455,,,
arousal_primary_6s,classification,full,LSTM,20260908,test,history_8,0.33039114999624497,1375,8,0.32635232297178624,0.32050244389910937,,,
arousal_primary_6s,classification,full,BiLSTM,20260907,validation,all,0.3507977480838711,4662,8,0.3587189381894476,0.34736708643336334,,,
arousal_primary_6s,classification,full,BiLSTM,20260907,validation,history_8,0.3246553360178821,1591,8,0.3434333513475411,0.34145144372431685,,,
arousal_primary_6s,classification,full,BiLSTM,20260907,test,all,0.387827822644634,4025,8,0.3562134261884105,0.3527568512027601,,,
arousal_primary_6s,classification,full,BiLSTM,20260907,test,history_8,0.3750928367694375,1375,8,0.36401222328494237,0.356141361194761,,,
arousal_primary_6s,classification,full,BiLSTM,20260908,validation,all,0.37261664606899947,4662,8,0.3651477045187061,0.35599455771079475,,,
arousal_primary_6s,classification,full,BiLSTM,20260908,validation,history_8,0.3685029257126022,1591,8,0.3624228326166812,0.36085526094053416,,,
arousal_primary_6s,classification,full,BiLSTM,20260908,test,all,0.37554164690919,4025,8,0.36260744035526765,0.3530967281268505,,,
arousal_primary_6s,classification,full,BiLSTM,20260908,test,history_8,0.34145201051768703,1375,8,0.33266312306663653,0.3264243440534494,,,
arousal_primary_6s,classification,full,MLP_current,20260907,validation,all,0.3758887949282317,4662,8,0.3727847733021064,0.36648904334687155,,,
arousal_primary_6s,classification,full,MLP_current,20260907,validation,history_8,0.3401585627018422,1591,8,0.3476211735193384,0.3449909559201087,,,
arousal_primary_6s,classification,full,MLP_current,20260907,test,all,0.3562297028507688,4025,8,0.35056469365655607,0.34787408523106383,,,
arousal_primary_6s,classification,full,MLP_current,20260907,test,history_8,0.3406915953050315,1375,8,0.3548219184052231,0.35137541170935,,,
arousal_primary_6s,classification,full,MLP_current,20260908,validation,all,0.3742779284444053,4662,8,0.37957233143043734,0.3771217493897505,,,
arousal_primary_6s,classification,full,MLP_current,20260908,validation,history_8,0.35621834384998685,1591,8,0.35987600406830184,0.3595202631775279,,,
arousal_primary_6s,classification,full,MLP_current,20260908,test,all,0.35574255116335435,4025,8,0.3499961032578221,0.337907498147777,,,
arousal_primary_6s,classification,full,MLP_current,20260908,test,history_8,0.3064228330321254,1375,8,0.31999148553826245,0.29095284618256273,,,
arousal_primary_6s,regression,full,TCN,20260907,validation,all,-0.999562980240243,4662,8,,,0.0005130175336256482,0.6687482817943372,0.9994869820876078
arousal_primary_6s,regression,full,TCN,20260907,validation,history_8,-0.9114621629923605,1591,8,,,0.004034554191899242,0.6656731218050412,0.9322247585313581
arousal_primary_6s,regression,full,TCN,20260907,test,all,-1.005822353486237,4025,8,,,-0.005416139380762797,0.6534038874205533,1.005416136839703
arousal_primary_6s,regression,full,TCN,20260907,test,history_8,-1.0885273463046294,1375,8,,,-0.010193757497367617,0.7185986306705677,1.088515500669442
arousal_primary_6s,regression,full,TCN,20260908,validation,all,-1.0001293014991517,4662,8,,,-0.001432927759757785,0.6632247165115671,1.0014329273802536
arousal_primary_6s,regression,full,TCN,20260908,validation,history_8,-0.9257748148448972,1591,8,,,-0.017133286757478716,0.6640590517915224,0.9520378810655974
arousal_primary_6s,regression,full,TCN,20260908,test,all,-1.0011123627313403,4025,8,,,-0.000858628528731975,0.6459804781020594,1.0008586259991905
arousal_primary_6s,regression,full,TCN,20260908,test,history_8,-1.0823639956761373,1375,8,,,-0.0031611199574230753,0.7161702906545058,1.0809376128474226
arousal_primary_6s,regression,full,LSTM,20260907,validation,all,-1.0048583871183303,4662,8,,,-0.005577694898794894,0.6663192547576388,1.0055776945177202
arousal_primary_6s,regression,full,LSTM,20260907,validation,history_8,-0.9197116600621672,1591,8,,,-0.009556403145224657,0.654846225581674,0.9449459096266458
arousal_primary_6s,regression,full,LSTM,20260907,test,all,-1.005035811106989,4025,8,,,-0.004577672412097611,0.6493037242043496,1.004577669873157
arousal_primary_6s,regression,full,LSTM,20260907,test,history_8,-1.084179322080447,1375,8,,,-0.004957929922381199,0.7139757640641425,1.0828737320167388
arousal_primary_6s,regression,full,LSTM,20260908,validation,all,-1.0054318298594016,4662,8,,,-0.005664869417437934,0.6645806634289767,1.0056648690363301
arousal_primary_6s,regression,full,LSTM,20260908,validation,history_8,-0.9303233642295289,1591,8,,,-0.02065265786680781,0.6642281513671248,0.9553320163153545
arousal_primary_6s,regression,full,LSTM,20260908,test,all,-0.9949795547199589,4025,8,,,0.00513559754825188,0.6457286032905789,0.9948643999373564
arousal_primary_6s,regression,full,LSTM,20260908,test,history_8,-1.0732624600558078,1375,8,,,0.004572923834124443,0.7191151335280828,1.072603937760366
arousal_primary_6s,regression,full,BiLSTM,20260907,validation,all,-0.9943252831773075,4662,8,,,0.004183355347366247,0.6722931237201558,0.9958166442752581
arousal_primary_6s,regression,full,BiLSTM,20260907,validation,history_8,-0.9022221574955163,1591,8,,,0.014313570699725497,0.6695961559365893,0.9226035877143592
arousal_primary_6s,regression,full,BiLSTM,20260907,test,all,-0.999460955425899,4025,8,,,0.0013228400993513523,0.6423711922286093,0.9986771573766208
arousal_primary_6s,regression,full,BiLSTM,20260907,test,history_8,-1.0816838948246623,1375,8,,,-0.00284456867956262,0.7159730242442368,1.0805965189036613
arousal_primary_6s,regression,full,BiLSTM,20260908,validation,all,-1.0027190539270694,4662,8,,,-0.00521261640652515,0.6657331197885012,1.0052126160255888
arousal_primary_6s,regression,full,BiLSTM,20260908,validation,history_8,-0.9242242323049024,1591,8,,,-0.016443549471335306,0.665601204388767,0.9513922862031136
arousal_primary_6s,regression,full,BiLSTM,20260908,test,all,-1.003741066109321,4025,8,,,-0.0032746915949362077,0.6430289671667845,1.0032746890592885
arousal_primary_6s,regression,full,BiLSTM,20260908,test,history_8,-1.0848928491939236,1375,8,,,-0.004504078958124991,0.7132478533474109,1.0823846933487407
arousal_primary_6s,regression,full,MLP_current,20260907,validation,all,-0.9965857463086767,4662,8,,,0.003294967315388697,0.6675855739920595,0.996705032306899
arousal_primary_6s,regression,full,MLP_current,20260907,validation,history_8,-0.9134103148829993,1591,8,,,2.3278294119855047e-05,0.6638092058146319,0.9359793172070118
arousal_primary_6s,regression,full,MLP_current,20260907,test,all,-0.9953576538767046,4025,8,,,0.004514858430548552,0.6440968997128587,0.9954851390534909
arousal_primary_6s,regression,full,MLP_current,20260907,test,history_8,-1.0732913980433987,1375,8,,,0.005195176200240015,0.7123688037653377,1.0719334412929131
arousal_primary_6s,regression,full,MLP_current,20260908,validation,all,-1.0007943930017182,4662,8,,,-0.0016318645988420144,0.6681621066703397,1.0016318642192628
arousal_primary_6s,regression,full,MLP_current,20260908,validation,history_8,-0.9263233720768823,1591,8,,,-0.014940396308374071,0.6663235282941454,0.9499853331805211
arousal_primary_6s,regression,full,MLP_current,20260908,test,all,-0.9989157703443179,4025,8,,,0.0013348781775061047,0.648121511686925,0.9986651192984963
arousal_primary_6s,regression,full,MLP_current,20260908,test,history_8,-1.078882126211604,1375,8,,,-0.0007368185649978543,0.7161967083293044,1.0783253519575047
arousal_primary_6s,classification,Pupil,TCN,20260907,validation,all,0.37427545996211414,4662,8,0.37859642541631544,0.3758537502460877,,,
arousal_primary_6s,classification,Pupil,TCN,20260907,validation,history_8,0.35364767449584633,1591,8,0.3740899524357782,0.37119695301748307,,,
arousal_primary_6s,classification,Pupil,TCN,20260907,test,all,0.37091081669434167,4025,8,0.3602228904852698,0.35234640115941235,,,
arousal_primary_6s,classification,Pupil,TCN,20260907,test,history_8,0.363635383747494,1375,8,0.35795601583478526,0.3503432215807398,,,
arousal_primary_6s,classification,Pupil,TCN,20260908,validation,all,0.37204537065364784,4662,8,0.3748800190570418,0.35648488325020306,,,
arousal_primary_6s,classification,Pupil,TCN,20260908,validation,history_8,0.3534259261417916,1591,8,0.3671179169757614,0.3455989381436307,,,
arousal_primary_6s,classification,Pupil,TCN,20260908,test,all,0.35692903542395565,4025,8,0.35710174035416303,0.3527786229138712,,,
arousal_primary_6s,classification,Pupil,TCN,20260908,test,history_8,0.350875633044383,1375,8,0.3494720664861504,0.3318392876806607,,,
arousal_primary_6s,classification,Pupil,LSTM,20260907,validation,all,0.3661516660125744,4662,8,0.36358915189073043,0.351648409621764,,,
arousal_primary_6s,classification,Pupil,LSTM,20260907,validation,history_8,0.3567923922062346,1591,8,0.3654601623068927,0.35074043113019976,,,
arousal_primary_6s,classification,Pupil,LSTM,20260907,test,all,0.38036412795702174,4025,8,0.36681671199332316,0.3520886725933885,,,
arousal_primary_6s,classification,Pupil,LSTM,20260907,test,history_8,0.3603655007771912,1375,8,0.3397115123404013,0.338023873441151,,,
arousal_primary_6s,classification,Pupil,LSTM,20260908,validation,all,0.36064911491871166,4662,8,0.3554797559127039,0.35156327805537774,,,
arousal_primary_6s,classification,Pupil,LSTM,20260908,validation,history_8,0.3515622453552244,1591,8,0.3569715990910098,0.31991422982745,,,
arousal_primary_6s,classification,Pupil,LSTM,20260908,test,all,0.3491908287830521,4025,8,0.3546515359081994,0.3531488115722063,,,
arousal_primary_6s,classification,Pupil,LSTM,20260908,test,history_8,0.36131848354839513,1375,8,0.3665694468419444,0.33445374788671806,,,
arousal_primary_6s,classification,Pupil,BiLSTM,20260907,validation,all,0.3651596303045255,4662,8,0.36042482576761126,0.3516802740247955,,,
arousal_primary_6s,classification,Pupil,BiLSTM,20260907,validation,history_8,0.345257796089088,1591,8,0.3524381502877238,0.324617202119945,,,
arousal_primary_6s,classification,Pupil,BiLSTM,20260907,test,all,0.36366488308975187,4025,8,0.3663129878248852,0.36036530247553816,,,
arousal_primary_6s,classification,Pupil,BiLSTM,20260907,test,history_8,0.3703855227509828,1375,8,0.37120584823713987,0.36087535536660437,,,
arousal_primary_6s,classification,Pupil,BiLSTM,20260908,validation,all,0.3562338073297486,4662,8,0.35873966635643345,0.34562830744699297,,,
arousal_primary_6s,classification,Pupil,BiLSTM,20260908,validation,history_8,0.3369237204131732,1591,8,0.3504880060062278,0.3265317428637422,,,
arousal_primary_6s,classification,Pupil,BiLSTM,20260908,test,all,0.35878805177921425,4025,8,0.3643459035328831,0.3641369128664973,,,
arousal_primary_6s,classification,Pupil,BiLSTM,20260908,test,history_8,0.3663773286595582,1375,8,0.36911760370373675,0.359925641919368,,,
arousal_primary_6s,regression,Pupil,TCN,20260907,validation,all,-1.001204563923638,4662,8,,,-0.0015626143924201141,0.670060309110591,1.001562614012867
arousal_primary_6s,regression,Pupil,TCN,20260907,validation,history_8,-0.9139866726199621,1591,8,,,-0.0021703632018172936,0.6625729020456305,0.9380325680727536
arousal_primary_6s,regression,Pupil,TCN,20260907,test,all,-1.0003169277456072,4025,8,,,-0.00039240789347472216,0.6469021613444734,1.0003924053651119
arousal_primary_6s,regression,Pupil,TCN,20260907,test,history_8,-1.080201404950372,1375,8,,,-0.0012543977531667139,0.7154803434547428,1.0788830597882695
arousal_primary_6s,regression,Pupil,TCN,20260908,validation,all,-1.0030112015191972,4662,8,,,-0.0030178467030912426,0.672108877569339,1.0030178463229866
arousal_primary_6s,regression,Pupil,TCN,20260908,validation,history_8,-0.9159142750935672,1591,8,,,-0.0022079727002439764,0.6651936762295192,0.9380677706048663
arousal_primary_6s,regression,Pupil,TCN,20260908,test,all,-1.0044602516201946,4025,8,,,-0.004533123569241848,0.6494669263442902,1.0045331210304138
arousal_primary_6s,regression,Pupil,TCN,20260908,test,history_8,-1.0835936398669879,1375,8,,,-0.004225989512794737,0.7169394764087821,1.082085043237494
arousal_primary_6s,regression,Pupil,LSTM,20260907,validation,all,-1.003926256442751,4662,8,,,-0.004748277345126839,0.6717860222310174,1.0047482769643663
arousal_primary_6s,regression,Pupil,LSTM,20260907,validation,history_8,-0.9155701484469907,1591,8,,,-0.0046526824652335375,0.6616990251724021,0.9403560216480513
arousal_primary_6s,regression,Pupil,LSTM,20260907,test,all,-1.0021575612676232,4025,8,,,-0.0022060490289108614,0.6503981625695262,1.0022060464959641
arousal_primary_6s,regression,Pupil,LSTM,20260907,test,history_8,-1.0814501216976806,1375,8,,,-0.0023692526102285782,0.7165736337842384,1.0800843509107911
arousal_primary_6s,regression,Pupil,LSTM,20260908,validation,all,-1.0003408498650355,4662,8,,,-0.0006731768399490523,0.6677260626049991,1.000673176460733
arousal_primary_6s,regression,Pupil,LSTM,20260908,validation,history_8,-0.915278569130035,1591,8,,,-0.003429599525118565,0.6622004479800895,0.9392112146637214
arousal_primary_6s,regression,Pupil,LSTM,20260908,test,all,-0.999292340963223,4025,8,,,0.0005687264690255045,0.6441150182584255,0.9994312710050406
arousal_primary_6s,regression,Pupil,LSTM,20260908,test,history_8,-1.079338214439021,1375,8,,,-0.0005441024077472711,0.7160362654437461,1.078117694245467
arousal_primary_6s,regression,Pupil,BiLSTM,20260907,validation,all,-1.0002394074264687,4662,8,,,-0.0007507272705939982,0.6643766362940365,1.0007507268913485
arousal_primary_6s,regression,Pupil,BiLSTM,20260907,validation,history_8,-0.9165406170187774,1591,8,,,-0.006466837028476835,0.6584398278228625,0.9420540723251869
arousal_primary_6s,regression,Pupil,BiLSTM,20260907,test,all,-0.9981246864138275,4025,8,,,0.0021998740467141786,0.6424469584030252,0.9978001234314745
arousal_primary_6s,regression,Pupil,BiLSTM,20260907,test,history_8,-1.0831539087988515,1375,8,,,-0.0018433217992728235,0.7135423505860164,1.0795176439441758
arousal_primary_6s,regression,Pupil,BiLSTM,20260908,validation,all,-0.9984125001135318,4662,8,,,-0.00010175970763115494,0.6646954616383446,1.0001017593286317
arousal_primary_6s,regression,Pupil,BiLSTM,20260908,validation,history_8,-0.9152681485452157,1591,8,,,-0.007060859888199378,0.6578902754596532,0.9426100783787078
arousal_primary_6s,regression,Pupil,BiLSTM,20260908,test,all,-1.0000683308169935,4025,8,,,0.00032638984948540894,0.6456971852846711,0.9996736076239683
arousal_primary_6s,regression,Pupil,BiLSTM,20260908,test,history_8,-1.0883265278971552,1375,8,,,-0.006552680803404876,0.7171246209008368,1.084592126177084
arousal_primary_6s,classification,Eye_Pupil,TCN,20260907,validation,all,0.36096492812453684,4662,8,0.3725557745198431,0.3642793254229358,,,
arousal_primary_6s,classification,Eye_Pupil,TCN,20260907,validation,history_8,0.35530080101367895,1591,8,0.36617589699006087,0.36135329062228744,,,
arousal_primary_6s,classification,Eye_Pupil,TCN,20260907,test,all,0.37347903721913944,4025,8,0.3512422210708895,0.31703864821792777,,,
arousal_primary_6s,classification,Eye_Pupil,TCN,20260907,test,history_8,0.34745305270045285,1375,8,0.32912382315089955,0.2833265303553324,,,
arousal_primary_6s,classification,Eye_Pupil,TCN,20260908,validation,all,0.3635878566577221,4662,8,0.3598443571808467,0.3197127179996318,,,
arousal_primary_6s,classification,Eye_Pupil,TCN,20260908,validation,history_8,0.36603060059764053,1591,8,0.36253203675793494,0.3169460003173093,,,
arousal_primary_6s,classification,Eye_Pupil,TCN,20260908,test,all,0.34853779038507526,4025,8,0.35659796223712514,0.3331018275264073,,,
arousal_primary_6s,classification,Eye_Pupil,TCN,20260908,test,history_8,0.3278776638934361,1375,8,0.3464030979545171,0.3122575244051594,,,
arousal_primary_6s,classification,Eye_Pupil,LSTM,20260907,validation,all,0.36233360465340947,4662,8,0.37002435026222785,0.36504519782935096,,,
arousal_primary_6s,classification,Eye_Pupil,LSTM,20260907,validation,history_8,0.36327688371548594,1591,8,0.3747631914910281,0.3666569885100947,,,
arousal_primary_6s,classification,Eye_Pupil,LSTM,20260907,test,all,0.36109334394531956,4025,8,0.3420105253405197,0.34077465969137793,,,
arousal_primary_6s,classification,Eye_Pupil,LSTM,20260907,test,history_8,0.3291079449978219,1375,8,0.3322300345148664,0.32932906891241626,,,
arousal_primary_6s,classification,Eye_Pupil,LSTM,20260908,validation,all,0.3629902241646864,4662,8,0.3623577309224988,0.3514131563383595,,,
arousal_primary_6s,classification,Eye_Pupil,LSTM,20260908,validation,history_8,0.3508281036742333,1591,8,0.3589163055433409,0.33899229195508757,,,
arousal_primary_6s,classification,Eye_Pupil,LSTM,20260908,test,all,0.372161754442892,4025,8,0.3580711035899105,0.35745603679359644,,,
arousal_primary_6s,classification,Eye_Pupil,LSTM,20260908,test,history_8,0.3406719161671178,1375,8,0.3471316361177641,0.34672335568053064,,,
arousal_primary_6s,classification,Eye_Pupil,BiLSTM,20260907,validation,all,0.37234273177692745,4662,8,0.3765347507704287,0.3661483733172431,,,
arousal_primary_6s,classification,Eye_Pupil,BiLSTM,20260907,validation,history_8,0.3626748049468595,1591,8,0.36742762708128435,0.33845923120543425,,,
arousal_primary_6s,classification,Eye_Pupil,BiLSTM,20260907,test,all,0.3729200541488541,4025,8,0.3666302508396364,0.3649250423189907,,,
arousal_primary_6s,classification,Eye_Pupil,BiLSTM,20260907,test,history_8,0.36064057229528024,1375,8,0.35507105848915677,0.3456483811950369,,,
arousal_primary_6s,classification,Eye_Pupil,BiLSTM,20260908,validation,all,0.36381630616879834,4662,8,0.37232982544135423,0.35449148411419723,,,
arousal_primary_6s,classification,Eye_Pupil,BiLSTM,20260908,validation,history_8,0.3701333097826197,1591,8,0.3843939002326182,0.36998098058045725,,,
arousal_primary_6s,classification,Eye_Pupil,BiLSTM,20260908,test,all,0.3846021127058612,4025,8,0.3617398041657817,0.36089518379363356,,,
arousal_primary_6s,classification,Eye_Pupil,BiLSTM,20260908,test,history_8,0.3670267692521775,1375,8,0.36121373469401813,0.358350311362366,,,
arousal_primary_6s,regression,Eye_Pupil,TCN,20260907,validation,all,-1.001425922184497,4662,8,,,-0.0029551529832976264,0.6642790665319704,1.0029551526032165
arousal_primary_6s,regression,Eye_Pupil,TCN,20260907,validation,history_8,-0.9249153333803208,1591,8,,,-0.015667858408503932,0.6590857488623678,0.9506662385106093
arousal_primary_6s,regression,Eye_Pupil,TCN,20260907,test,all,-0.9997068821831632,4025,8,,,0.00040390956796043653,0.6470276887993099,0.9995960879056891
arousal_primary_6s,regression,Eye_Pupil,TCN,20260907,test,history_8,-1.0794622912004355,1375,8,,,-0.0002355477578261933,0.7175022775661305,1.077785216919459
arousal_primary_6s,regression,Eye_Pupil,TCN,20260908,validation,all,-1.0023354282372319,4662,8,,,-0.002711988465620152,0.6691302262906902,1.0027119880856314
arousal_primary_6s,regression,Eye_Pupil,TCN,20260908,validation,history_8,-0.914550684795863,1591,8,,,-0.001560841495072518,0.6627086354174409,0.9374620550812826
arousal_primary_6s,regression,Eye_Pupil,TCN,20260908,test,all,-0.9961883688871807,4025,8,,,0.003888131938167616,0.6441425506584191,0.996111865544288
arousal_primary_6s,regression,Eye_Pupil,TCN,20260908,test,history_8,-1.0731076285035432,1375,8,,,0.0060488226572004145,0.7155688368567363,1.071013610425224
arousal_primary_6s,regression,Eye_Pupil,LSTM,20260907,validation,all,-0.9943786590090105,4662,8,,,0.004966975324017353,0.6672775269001765,0.995033024298904
arousal_primary_6s,regression,Eye_Pupil,LSTM,20260907,validation,history_8,-0.900930635697863,1591,8,,,0.013395633819059505,0.6598317562477021,0.9234627776496401
arousal_primary_6s,regression,Eye_Pupil,LSTM,20260907,test,all,-1.0016893808656118,4025,8,,,-0.0013944659379085955,0.6516178238225515,1.001394463407013
arousal_primary_6s,regression,Eye_Pupil,LSTM,20260907,test,history_8,-1.0817958995382484,1375,8,,,-0.0029686012662353267,0.722364560222571,1.0807301679112693
arousal_primary_6s,regression,Eye_Pupil,LSTM,20260908,validation,all,-1.0044367431405061,4662,8,,,-0.0038782278693332284,0.665617984053558,1.0038782274889027
arousal_primary_6s,regression,Eye_Pupil,LSTM,20260908,validation,history_8,-0.9227367124081568,1591,8,,,-0.010659133824703071,0.6569019745498518,0.9459780667619446
arousal_primary_6s,regression,Eye_Pupil,LSTM,20260908,test,all,-1.003146382743875,4025,8,,,-0.002928652743435345,0.6476196220540833,1.0029286502086623
arousal_primary_6s,regression,Eye_Pupil,LSTM,20260908,test,history_8,-1.0766065920527348,1375,8,,,0.0018468867432744895,0.7099939066625358,1.0755413283418929
arousal_primary_6s,regression,Eye_Pupil,BiLSTM,20260907,validation,all,-0.9994523941299738,4662,8,,,-0.0011924167243362316,0.6636581271779699,1.0011924163449233
arousal_primary_6s,regression,Eye_Pupil,BiLSTM,20260907,validation,history_8,-0.9223851592290372,1591,8,,,-0.013942767413296808,0.654752401485489,0.9490515514316346
arousal_primary_6s,regression,Eye_Pupil,BiLSTM,20260907,test,all,-1.0044912483309647,4025,8,,,-0.003729370805952259,0.6505634975216852,1.0037293682691555
arousal_primary_6s,regression,Eye_Pupil,BiLSTM,20260907,test,history_8,-1.080284852112217,1375,8,,,-0.0008337622515652843,0.7182309970238334,1.0784298118244735
arousal_primary_6s,regression,Eye_Pupil,BiLSTM,20260908,validation,all,-0.9949049560065478,4662,8,,,0.003733759032711892,0.6619256740086186,0.9962662405897421
arousal_primary_6s,regression,Eye_Pupil,BiLSTM,20260908,validation,history_8,-0.9117841264954398,1591,8,,,-0.001853346859830074,0.6542137595141071,0.9377358404261235
arousal_primary_6s,regression,Eye_Pupil,BiLSTM,20260908,test,all,-0.9980412103619124,4025,8,,,0.0024418313355281107,0.647048922384326,0.9975581661432721
arousal_primary_6s,regression,Eye_Pupil,BiLSTM,20260908,test,history_8,-1.0838792823449648,1375,8,,,-0.00351924888039834,0.7211948557099991,1.0813235080096164
arousal_primary_6s,classification,Pupil_no_quality,TCN,20260907,validation,all,0.3722492476066844,4662,8,0.37746587777672636,0.37527849871013114,,,
arousal_primary_6s,classification,Pupil_no_quality,TCN,20260907,validation,history_8,0.3559226112924298,1591,8,0.36834861184305484,0.35964353902594676,,,
arousal_primary_6s,classification,Pupil_no_quality,TCN,20260907,test,all,0.3646811068975092,4025,8,0.34346836269370157,0.3397304851545455,,,
arousal_primary_6s,classification,Pupil_no_quality,TCN,20260907,test,history_8,0.3590128001792095,1375,8,0.32950704683895904,0.3294948925273359,,,
arousal_primary_6s,classification,Pupil_no_quality,TCN,20260908,validation,all,0.3669218549849007,4662,8,0.36794127671519883,0.3515218606854142,,,
arousal_primary_6s,classification,Pupil_no_quality,TCN,20260908,validation,history_8,0.3483880922457243,1591,8,0.3586463833401026,0.33903103548336366,,,
arousal_primary_6s,classification,Pupil_no_quality,TCN,20260908,test,all,0.35198279768355833,4025,8,0.34321073550547004,0.33861800574344225,,,
arousal_primary_6s,classification,Pupil_no_quality,TCN,20260908,test,history_8,0.3494968977817698,1375,8,0.33711010775369393,0.3273117449636273,,,
arousal_primary_6s,classification,Pupil_no_quality,LSTM,20260907,validation,all,0.3802554469538806,4662,8,0.3823010601089427,0.3820403607403268,,,
arousal_primary_6s,classification,Pupil_no_quality,LSTM,20260907,validation,history_8,0.35035320925246527,1591,8,0.37229887025182967,0.3672818330279551,,,
arousal_primary_6s,classification,Pupil_no_quality,LSTM,20260907,test,all,0.37727037149866405,4025,8,0.35598726756656857,0.3471334045370611,,,
arousal_primary_6s,classification,Pupil_no_quality,LSTM,20260907,test,history_8,0.369403837337088,1375,8,0.3473281007800686,0.34441652777965914,,,
arousal_primary_6s,classification,Pupil_no_quality,LSTM,20260908,validation,all,0.38000647548293576,4662,8,0.38420009180033005,0.3829606503925154,,,
arousal_primary_6s,classification,Pupil_no_quality,LSTM,20260908,validation,history_8,0.37523487516749365,1591,8,0.3926021355227869,0.3915649362394447,,,
arousal_primary_6s,classification,Pupil_no_quality,LSTM,20260908,test,all,0.3599988586991052,4025,8,0.3441788196373161,0.3421284721163847,,,
arousal_primary_6s,classification,Pupil_no_quality,LSTM,20260908,test,history_8,0.36419805499489794,1375,8,0.34318275520372543,0.34025531477552434,,,
arousal_primary_6s,classification,Pupil_no_quality,BiLSTM,20260907,validation,all,0.3906857353112961,4662,8,0.39202362656058815,0.3891405052136216,,,
arousal_primary_6s,classification,Pupil_no_quality,BiLSTM,20260907,validation,history_8,0.3811305319861782,1591,8,0.39687577693263915,0.39163072973444896,,,
arousal_primary_6s,classification,Pupil_no_quality,BiLSTM,20260907,test,all,0.36081698446293686,4025,8,0.3461948936087405,0.3414691064501863,,,
arousal_primary_6s,classification,Pupil_no_quality,BiLSTM,20260907,test,history_8,0.3600940788245415,1375,8,0.33631500601441755,0.334807448972083,,,
arousal_primary_6s,classification,Pupil_no_quality,BiLSTM,20260908,validation,all,0.3904194110168665,4662,8,0.39382386440526734,0.390674886916262,,,
arousal_primary_6s,classification,Pupil_no_quality,BiLSTM,20260908,validation,history_8,0.36345183403537845,1591,8,0.3823533044882231,0.380121492300151,,,
arousal_primary_6s,classification,Pupil_no_quality,BiLSTM,20260908,test,all,0.3659070655020331,4025,8,0.3481599600490779,0.3433244536917837,,,
arousal_primary_6s,classification,Pupil_no_quality,BiLSTM,20260908,test,history_8,0.3600218958690845,1375,8,0.3348433555535572,0.332884736274758,,,
arousal_primary_6s,regression,Pupil_no_quality,TCN,20260907,validation,all,-0.9989064056911057,4662,8,,,0.0005478153466842439,0.6666138703978839,0.9994521842745624
arousal_primary_6s,regression,Pupil_no_quality,TCN,20260907,validation,history_8,-0.9146540011268314,1591,8,,,-0.0030778772298072354,0.661880383559011,0.9388820022064048
arousal_primary_6s,regression,Pupil_no_quality,TCN,20260907,test,all,-1.0019638629999998,4025,8,,,-0.0018699968863626903,0.6464475620221083,1.0018699943542653
arousal_primary_6s,regression,Pupil_no_quality,TCN,20260907,test,history_8,-1.0808301131836395,1375,8,,,-0.0015983433638788735,0.7148765114966993,1.079253671986047
arousal_primary_6s,regression,Pupil_no_quality,TCN,20260908,validation,all,-1.0009175111215254,4662,8,,,-0.001494152144177363,0.6686016302615372,1.00149415176465
arousal_primary_6s,regression,Pupil_no_quality,TCN,20260908,validation,history_8,-0.9155031869391974,1591,8,,,-0.0042444470846887405,0.6637253985500935,0.9399739128804689
arousal_primary_6s,regression,Pupil_no_quality,TCN,20260908,test,all,-1.0008126299800866,4025,8,,,-0.0009234132348276969,0.6458183746982477,1.0009234107051228
arousal_primary_6s,regression,Pupil_no_quality,TCN,20260908,test,history_8,-1.0814399924062572,1375,8,,,-0.0023860253952423527,0.7143454448488159,1.080102424113423
arousal_primary_6s,regression,Pupil_no_quality,LSTM,20260907,validation,all,-1.0025338190699475,4662,8,,,-0.0029465444937128993,0.6724090880441331,1.0029465441136354
arousal_primary_6s,regression,Pupil_no_quality,LSTM,20260907,validation,history_8,-0.9148346806180654,1591,8,,,-0.0024342915886592653,0.6651404044379272,0.9382796053346675
arousal_primary_6s,regression,Pupil_no_quality,LSTM,20260907,test,all,-1.0015391194767655,4025,8,,,-0.0016193744473484983,0.6469010895890216,1.0016193719158843
arousal_primary_6s,regression,Pupil_no_quality,LSTM,20260907,test,history_8,-1.081316977496228,1375,8,,,-0.0020824055389012663,0.7154146246986514,1.0797752641824838
arousal_primary_6s,regression,Pupil_no_quality,LSTM,20260908,validation,all,-0.9985508723622685,4662,8,,,0.0014303744905677096,0.6689809288973955,0.9985696251310133
arousal_primary_6s,regression,Pupil_no_quality,LSTM,20260908,validation,history_8,-0.9130665671785306,1591,8,,,0.0003649619200493115,0.6654059298034828,0.9356595009553367
arousal_primary_6s,regression,Pupil_no_quality,LSTM,20260908,test,all,-1.0002036993528132,4025,8,,,-0.00032736788125808935,0.6465250004080173,1.0003273653530595
arousal_primary_6s,regression,Pupil_no_quality,LSTM,20260908,test,history_8,-1.083488535815341,1375,8,,,-0.004784029510847443,0.7188815630498105,1.0826863488616536
arousal_primary_6s,regression,Pupil_no_quality,BiLSTM,20260907,validation,all,-1.0013409571160266,4662,8,,,-0.0011833700592331908,0.6700709147936252,1.0011833696798238
arousal_primary_6s,regression,Pupil_no_quality,BiLSTM,20260907,validation,history_8,-0.9151189337483936,1591,8,,,-0.002343017114245116,0.665705398144839,0.9381941723256921
arousal_primary_6s,regression,Pupil_no_quality,BiLSTM,20260907,test,all,-0.9998490807907838,4025,8,,,0.0002073458700747599,0.645372459624221,0.9997926516030781
arousal_primary_6s,regression,Pupil_no_quality,BiLSTM,20260907,test,history_8,-1.082480709404776,1375,8,,,-0.002434507303732847,0.713902119326905,1.0801546648924838
arousal_primary_6s,regression,Pupil_no_quality,BiLSTM,20260908,validation,all,-0.9988550982726703,4662,8,,,0.0012677434156804779,0.6679212136430152,0.9987322562058389
arousal_primary_6s,regression,Pupil_no_quality,BiLSTM,20260908,validation,history_8,-0.9121376975405026,1591,8,,,0.0007000822222269498,0.6648214457251505,0.9353458279819505
arousal_primary_6s,regression,Pupil_no_quality,BiLSTM,20260908,test,all,-0.9999538095427454,4025,8,,,-5.1169999621736295e-05,0.6454377954100932,1.000051167472121
arousal_primary_6s,regression,Pupil_no_quality,BiLSTM,20260908,test,history_8,-1.08236043208105,1375,8,,,-0.003190252289200446,0.7173817515373913,1.0809690038498665
arousal_primary_6s,classification,Eye_Pupil_no_quality,TCN,20260907,validation,all,0.37100383547193805,4662,8,0.38295016082695543,0.37621914725841626,,,
arousal_primary_6s,classification,Eye_Pupil_no_quality,TCN,20260907,validation,history_8,0.363457572551099,1591,8,0.37985776608159655,0.3784448640976148,,,
arousal_primary_6s,classification,Eye_Pupil_no_quality,TCN,20260907,test,all,0.36739945423462295,4025,8,0.3442656559998607,0.3415936208935264,,,
arousal_primary_6s,classification,Eye_Pupil_no_quality,TCN,20260907,test,history_8,0.3397455316971848,1375,8,0.3314790314876995,0.316852543874218,,,
arousal_primary_6s,classification,Eye_Pupil_no_quality,TCN,20260908,validation,all,0.3614007570688098,4662,8,0.36694751270651116,0.34518717363125834,,,
arousal_primary_6s,classification,Eye_Pupil_no_quality,TCN,20260908,validation,history_8,0.3488382732802003,1591,8,0.3512715457197235,0.3439612521582323,,,
arousal_primary_6s,classification,Eye_Pupil_no_quality,TCN,20260908,test,all,0.3692382736641082,4025,8,0.3531800652217341,0.34639681948241957,,,
arousal_primary_6s,classification,Eye_Pupil_no_quality,TCN,20260908,test,history_8,0.33777039218768135,1375,8,0.34385824555621886,0.3332934855508311,,,
arousal_primary_6s,classification,Eye_Pupil_no_quality,LSTM,20260907,validation,all,0.36919338029084786,4662,8,0.3773143102225629,0.3665080975539879,,,
arousal_primary_6s,classification,Eye_Pupil_no_quality,LSTM,20260907,validation,history_8,0.3634276335360959,1591,8,0.36636290908195795,0.3621933222827374,,,
arousal_primary_6s,classification,Eye_Pupil_no_quality,LSTM,20260907,test,all,0.39013426833953885,4025,8,0.3561453839518289,0.3539451176829648,,,
arousal_primary_6s,classification,Eye_Pupil_no_quality,LSTM,20260907,test,history_8,0.35598124367767564,1375,8,0.3364188790608343,0.3295123350545037,,,
arousal_primary_6s,classification,Eye_Pupil_no_quality,LSTM,20260908,validation,all,0.37812069469664433,4662,8,0.388833030807682,0.37707352816098877,,,
arousal_primary_6s,classification,Eye_Pupil_no_quality,LSTM,20260908,validation,history_8,0.3714336468006506,1591,8,0.37963300247611437,0.3699514107676705,,,
arousal_primary_6s,classification,Eye_Pupil_no_quality,LSTM,20260908,test,all,0.3772184664844518,4025,8,0.3476286220287284,0.3477103504745216,,,
arousal_primary_6s,classification,Eye_Pupil_no_quality,LSTM,20260908,test,history_8,0.34567969083179434,1375,8,0.3357986042157875,0.33030943534531204,,,
arousal_primary_6s,classification,Eye_Pupil_no_quality,BiLSTM,20260907,validation,all,0.38250324704959054,4662,8,0.39643478521824926,0.3880424946217305,,,
arousal_primary_6s,classification,Eye_Pupil_no_quality,BiLSTM,20260907,validation,history_8,0.3635878157104203,1591,8,0.37596983011818885,0.3754445647131592,,,
arousal_primary_6s,classification,Eye_Pupil_no_quality,BiLSTM,20260907,test,all,0.4079532850381784,4025,8,0.3713909084938832,0.36870899541062757,,,
arousal_primary_6s,classification,Eye_Pupil_no_quality,BiLSTM,20260907,test,history_8,0.3841211904386438,1375,8,0.35989827599162116,0.3540365969872344,,,
arousal_primary_6s,classification,Eye_Pupil_no_quality,BiLSTM,20260908,validation,all,0.3735539640876382,4662,8,0.38282759896400237,0.37831705508422836,,,
arousal_primary_6s,classification,Eye_Pupil_no_quality,BiLSTM,20260908,validation,history_8,0.38528563375057245,1591,8,0.3948201432409238,0.3919792360796843,,,
arousal_primary_6s,classification,Eye_Pupil_no_quality,BiLSTM,20260908,test,all,0.38800059486969374,4025,8,0.35105090106265496,0.34375334609343966,,,
arousal_primary_6s,classification,Eye_Pupil_no_quality,BiLSTM,20260908,test,history_8,0.35702180212025947,1375,8,0.3452175560179374,0.30353012921328265,,,
arousal_primary_6s,regression,Eye_Pupil_no_quality,TCN,20260907,validation,all,-1.0046265622766275,4662,8,,,-0.005411803854111108,0.664651892374167,1.0054118034730992
arousal_primary_6s,regression,Eye_Pupil_no_quality,TCN,20260907,validation,history_8,-0.9307332624669127,1591,8,,,-0.021536105306041886,0.6613075242224935,0.9561589240953196
arousal_primary_6s,regression,Eye_Pupil_no_quality,TCN,20260907,test,all,-1.0004953396318592,4025,8,,,-0.00045082628161985383,0.6494199435690597,1.0004508237531091
arousal_primary_6s,regression,Eye_Pupil_no_quality,TCN,20260907,test,history_8,-1.0788227837131175,1375,8,,,0.000350695893762909,0.7207449921323613,1.0771535209728273
arousal_primary_6s,regression,Eye_Pupil_no_quality,TCN,20260908,validation,all,-1.0071241444177437,4662,8,,,-0.00765159579106478,0.6699310945895974,1.007651595409204
arousal_primary_6s,regression,Eye_Pupil_no_quality,TCN,20260908,validation,history_8,-0.9306684429664792,1591,8,,,-0.020580399852454523,0.6648916948859609,0.9552643827340228
arousal_primary_6s,regression,Eye_Pupil_no_quality,TCN,20260908,test,all,-1.007594281887797,4025,8,,,-0.00753673668210153,0.6538424960275356,1.0075367341356822
arousal_primary_6s,regression,Eye_Pupil_no_quality,TCN,20260908,test,history_8,-1.0785635475935242,1375,8,,,-0.0005580842273784636,0.719299367275852,1.078132760095244
arousal_primary_6s,regression,Eye_Pupil_no_quality,LSTM,20260907,validation,all,-0.9971077160801436,4662,8,,,0.003083275449460743,0.6665612426421089,0.9969167241727467
arousal_primary_6s,regression,Eye_Pupil_no_quality,LSTM,20260907,validation,history_8,-0.9072223689164932,1591,8,,,0.0070566371272247075,0.6592184220648819,0.9293960855623279
arousal_primary_6s,regression,Eye_Pupil_no_quality,LSTM,20260907,test,all,-1.0042893127066894,4025,8,,,-0.0043377382662006525,0.6490038931719291,1.0043377357278664
arousal_primary_6s,regression,Eye_Pupil_no_quality,LSTM,20260907,test,history_8,-1.0825934725946822,1375,8,,,-0.004313297376284053,0.7177389732260531,1.0821791202024655
arousal_primary_6s,regression,Eye_Pupil_no_quality,LSTM,20260908,validation,all,-1.0029277774407264,4662,8,,,-0.003772806826991104,0.6644832384486409,1.0037728064466003
arousal_primary_6s,regression,Eye_Pupil_no_quality,LSTM,20260908,validation,history_8,-0.9214234022402712,1591,8,,,-0.01282477393235637,0.6578312827550726,0.9480051082972909
arousal_primary_6s,regression,Eye_Pupil_no_quality,LSTM,20260908,test,all,-0.9970933543026312,4025,8,,,0.002870655245824194,0.6487551825636477,0.9971293422340598
arousal_primary_6s,regression,Eye_Pupil_no_quality,LSTM,20260908,test,history_8,-1.077504693601011,1375,8,,,0.0008926439620281501,0.7221811662694879,1.0765695549084102
arousal_primary_6s,regression,Eye_Pupil_no_quality,BiLSTM,20260907,validation,all,-1.0074468086268173,4662,8,,,-0.008394492666206288,0.6604439242897147,1.0083944922840642
arousal_primary_6s,regression,Eye_Pupil_no_quality,BiLSTM,20260907,validation,history_8,-0.9330704230470261,1591,8,,,-0.027602033847094365,0.6521595463841381,0.9618366399169392
arousal_primary_6s,regression,Eye_Pupil_no_quality,BiLSTM,20260907,test,all,-1.0055600986526034,4025,8,,,-0.0052297973976875856,0.649909719781435,1.0052297948570987
arousal_primary_6s,regression,Eye_Pupil_no_quality,BiLSTM,20260907,test,history_8,-1.0883219762136536,1375,8,,,-0.0088805052520875,0.7186795394238696,1.0871004301300855
arousal_primary_6s,regression,Eye_Pupil_no_quality,BiLSTM,20260908,validation,all,-0.9981681712968552,4662,8,,,0.0011510699011098025,0.6590398690276552,0.9988489297203654
arousal_primary_6s,regression,Eye_Pupil_no_quality,BiLSTM,20260908,validation,history_8,-0.9173611870655107,1591,8,,,-0.007638245862176429,0.6562984052519863,0.9431505122887752
arousal_primary_6s,regression,Eye_Pupil_no_quality,BiLSTM,20260908,test,all,-1.0017661513224598,4025,8,,,-0.0014997523845976524,0.6459373622525968,1.0014997498534361
arousal_primary_6s,regression,Eye_Pupil_no_quality,BiLSTM,20260908,test,history_8,-1.0845217240403549,1375,8,,,-0.004252761999310906,0.7188845956982599,1.0821138914325537
