fold,inner,candidate_id,family,score
1,1,both_h0.0_mean_s1,both,0.35354079922047277
1,1,both_h0.0_mean_s4,both,0.3534993480154766
1,1,both_h0.0_geometric_s1,both,0.35385292096116594
1,1,both_h0.0_geometric_s4,both,0.3537308797142376
1,1,both_h0.25_mean_s1,both,0.3505808197269271
1,1,both_h0.25_mean_s4,both,0.3550119930478194
1,1,both_h0.25_geometric_s1,both,0.35115072932329905
1,1,both_h0.25_geometric_s4,both,0.3558632612453883
1,1,both_h0.5_mean_s1,both,0.3420924608102288
1,1,both_h0.5_mean_s4,both,0.35156890742439023
1,1,both_h0.5_geometric_s1,both,0.34187212136829975
1,1,both_h0.5_geometric_s4,both,0.3513184272142861
1,1,both_h0.75_mean_s1,both,0.34601584579733236
1,1,both_h0.75_mean_s4,both,0.3515771844668395
1,1,both_h0.75_geometric_s1,both,0.3454786358616262
1,1,both_h0.75_geometric_s4,both,0.35270990435232374
1,1,both_h1.0_mean_s1,both,0.34334667644968975
1,1,both_h1.0_mean_s4,both,0.3507253546803577
1,1,both_h1.0_geometric_s1,both,0.3436287834273782
1,1,both_h1.0_geometric_s4,both,0.3498558193387727
1,1,logistic_h0.0_mean_s1,logistic,0.35679398471989715
1,1,logistic_h0.0_mean_s4,logistic,0.35232393170891263
1,1,logistic_h0.0_geometric_s1,logistic,0.35710120438195553
1,1,logistic_h0.0_geometric_s4,logistic,0.3517189466318779
1,1,logistic_h0.25_mean_s1,logistic,0.35043905249222945
1,1,logistic_h0.25_mean_s4,logistic,0.34208208367183635
1,1,logistic_h0.25_geometric_s1,logistic,0.3498353364788256
1,1,logistic_h0.25_geometric_s4,logistic,0.3434663301688648
1,1,logistic_h0.5_mean_s1,logistic,0.3434879191933856
1,1,logistic_h0.5_mean_s4,logistic,0.3440309288666647
1,1,logistic_h0.5_geometric_s1,logistic,0.3436073853517217
1,1,logistic_h0.5_geometric_s4,logistic,0.34464974098481344
1,1,logistic_h0.75_mean_s1,logistic,0.3455898356796149
1,1,logistic_h0.75_mean_s4,logistic,0.34846941906174383
1,1,logistic_h0.75_geometric_s1,logistic,0.3455095025608032
1,1,logistic_h0.75_geometric_s4,logistic,0.34808477342663807
1,1,logistic_h1.0_mean_s1,logistic,0.34533810840054074
1,1,logistic_h1.0_mean_s4,logistic,0.34986759448583454
1,1,logistic_h1.0_geometric_s1,logistic,0.34533810840054074
1,1,logistic_h1.0_geometric_s4,logistic,0.3496030442212843
1,1,lda_h0.0_mean_s1,lda,0.3421479328282629
1,1,lda_h0.0_mean_s4,lda,0.3494771946769916
1,1,lda_h0.0_geometric_s1,lda,0.34275070358083276
1,1,lda_h0.0_geometric_s4,lda,0.3488488055771867
1,1,lda_h0.25_mean_s1,lda,0.3482475997777427
1,1,lda_h0.25_mean_s4,lda,0.347769648796839
1,1,lda_h0.25_geometric_s1,lda,0.34735949885310546
1,1,lda_h0.25_geometric_s4,lda,0.3484123751151933
1,1,lda_h0.5_mean_s1,lda,0.34287469456356917
1,1,lda_h0.5_mean_s4,lda,0.34403033701596064
1,1,lda_h0.5_geometric_s1,lda,0.34555298094605247
1,1,lda_h0.5_geometric_s4,lda,0.3440397651854888
1,1,lda_h0.75_mean_s1,lda,0.3497865492270444
1,1,lda_h0.75_mean_s4,lda,0.3472159643297575
1,1,lda_h0.75_geometric_s1,lda,0.3512446853391366
1,1,lda_h0.75_geometric_s4,lda,0.345745173583162
1,1,lda_h1.0_mean_s1,lda,0.3483031683013545
1,1,lda_h1.0_mean_s4,lda,0.3484860349043036
1,1,lda_h1.0_geometric_s1,lda,0.3477450358016094
1,1,lda_h1.0_geometric_s4,lda,0.34908101556947874
1,2,both_h0.0_mean_s1,both,0.34324011568064006
1,2,both_h0.0_mean_s4,both,0.345893059413109
1,2,both_h0.0_geometric_s1,both,0.3437400668572829
1,2,both_h0.0_geometric_s4,both,0.34538782808081
1,2,both_h0.25_mean_s1,both,0.34393863573877875
1,2,both_h0.25_mean_s4,both,0.35118787935373014
1,2,both_h0.25_geometric_s1,both,0.342505910267476
1,2,both_h0.25_geometric_s4,both,0.35011844335033104
1,2,both_h0.5_mean_s1,both,0.3517616548897283
1,2,both_h0.5_mean_s4,both,0.356783631144622
1,2,both_h0.5_geometric_s1,both,0.3514440939798482
1,2,both_h0.5_geometric_s4,both,0.3565077153634674
1,2,both_h0.75_mean_s1,both,0.35188481965406165
1,2,both_h0.75_mean_s4,both,0.3580063311907308
1,2,both_h0.75_geometric_s1,both,0.3521315430093241
1,2,both_h0.75_geometric_s4,both,0.35774278448571234
1,2,both_h1.0_mean_s1,both,0.3565701614638678
1,2,both_h1.0_mean_s4,both,0.36061313883611307
1,2,both_h1.0_geometric_s1,both,0.35632905376414103
1,2,both_h1.0_geometric_s4,both,0.3610918461636253
1,2,logistic_h0.0_mean_s1,logistic,0.34528110734960427
1,2,logistic_h0.0_mean_s4,logistic,0.34947392429250557
1,2,logistic_h0.0_geometric_s1,logistic,0.34550259129201843
1,2,logistic_h0.0_geometric_s4,logistic,0.34999302728253884
1,2,logistic_h0.25_mean_s1,logistic,0.35258254174448084
1,2,logistic_h0.25_mean_s4,logistic,0.3664416529258912
1,2,logistic_h0.25_geometric_s1,logistic,0.3517477539851551
1,2,logistic_h0.25_geometric_s4,logistic,0.3661785642650125
1,2,logistic_h0.5_mean_s1,logistic,0.35810666505503946
1,2,logistic_h0.5_mean_s4,logistic,0.37425728210595477
1,2,logistic_h0.5_geometric_s1,logistic,0.35807026285038956
1,2,logistic_h0.5_geometric_s4,logistic,0.374580694461875
1,2,logistic_h0.75_mean_s1,logistic,0.3606559172969059
1,2,logistic_h0.75_mean_s4,logistic,0.37064974577263604
1,2,logistic_h0.75_geometric_s1,logistic,0.361662744616437
1,2,logistic_h0.75_geometric_s4,logistic,0.370155661286636
1,2,logistic_h1.0_mean_s1,logistic,0.3627040544741828
1,2,logistic_h1.0_mean_s4,logistic,0.37034855061728916
1,2,logistic_h1.0_geometric_s1,logistic,0.3627040544741828
1,2,logistic_h1.0_geometric_s4,logistic,0.37034855061728916
1,2,lda_h0.0_mean_s1,lda,0.33792662283518404
1,2,lda_h0.0_mean_s4,lda,0.33655920631575764
1,2,lda_h0.0_geometric_s1,lda,0.3376998654655695
1,2,lda_h0.0_geometric_s4,lda,0.3368513477121935
1,2,lda_h0.25_mean_s1,lda,0.3423802901789413
1,2,lda_h0.25_mean_s4,lda,0.3349754072935853
1,2,lda_h0.25_geometric_s1,lda,0.3430032681228499
1,2,lda_h0.25_geometric_s4,lda,0.33644669143145595
1,2,lda_h0.5_mean_s1,lda,0.34523842859793974
1,2,lda_h0.5_mean_s4,lda,0.3343546991806341
1,2,lda_h0.5_geometric_s1,lda,0.34464265469683086
1,2,lda_h0.5_geometric_s4,lda,0.3359720487324623
1,2,lda_h0.75_mean_s1,lda,0.34818722591707313
1,2,lda_h0.75_mean_s4,lda,0.33864595156678284
1,2,lda_h0.75_geometric_s1,lda,0.34866467243103355
1,2,lda_h0.75_geometric_s4,lda,0.33891528601373067
1,2,lda_h1.0_mean_s1,lda,0.3456060764825866
1,2,lda_h1.0_mean_s4,lda,0.34256646717029554
1,2,lda_h1.0_geometric_s1,lda,0.3457168706505379
1,2,lda_h1.0_geometric_s4,lda,0.34239274147464666
1,3,both_h0.0_mean_s1,both,0.3515955827365725
1,3,both_h0.0_mean_s4,both,0.35183683677412864
1,3,both_h0.0_geometric_s1,both,0.35126964090130397
1,3,both_h0.0_geometric_s4,both,0.3512451306485845
1,3,both_h0.25_mean_s1,both,0.340177131483718
1,3,both_h0.25_mean_s4,both,0.3200324074668494
1,3,both_h0.25_geometric_s1,both,0.3396530100181745
1,3,both_h0.25_geometric_s4,both,0.31996093861459235
1,3,both_h0.5_mean_s1,both,0.3372218993857841
1,3,both_h0.5_mean_s4,both,0.30826689428658055
1,3,both_h0.5_geometric_s1,both,0.33635188551296213
1,3,both_h0.5_geometric_s4,both,0.30914374776834613
1,3,both_h0.75_mean_s1,both,0.333868829318849
1,3,both_h0.75_mean_s4,both,0.31357644303598725
1,3,both_h0.75_geometric_s1,both,0.3317427930567579
1,3,both_h0.75_geometric_s4,both,0.31353097193826646
1,3,both_h1.0_mean_s1,both,0.3386890814360388
1,3,both_h1.0_mean_s4,both,0.31252720545138396
1,3,both_h1.0_geometric_s1,both,0.33963431474506667
1,3,both_h1.0_geometric_s4,both,0.3129196544207132
1,3,logistic_h0.0_mean_s1,logistic,0.34652441267708894
1,3,logistic_h0.0_mean_s4,logistic,0.34484587076559964
1,3,logistic_h0.0_geometric_s1,logistic,0.34652441267708894
1,3,logistic_h0.0_geometric_s4,logistic,0.34484587076559964
1,3,logistic_h0.25_mean_s1,logistic,0.3409050897557221
1,3,logistic_h0.25_mean_s4,logistic,0.31719227109963155
1,3,logistic_h0.25_geometric_s1,logistic,0.3422818707491504
1,3,logistic_h0.25_geometric_s4,logistic,0.31736214273026486
1,3,logistic_h0.5_mean_s1,logistic,0.3292320120497905
1,3,logistic_h0.5_mean_s4,logistic,0.30680411456433987
1,3,logistic_h0.5_geometric_s1,logistic,0.3289348662339915
1,3,logistic_h0.5_geometric_s4,logistic,0.3077441045153561
1,3,logistic_h0.75_mean_s1,logistic,0.33012208622444283
1,3,logistic_h0.75_mean_s4,logistic,0.30775596592286464
1,3,logistic_h0.75_geometric_s1,logistic,0.3296131137059725
1,3,logistic_h0.75_geometric_s4,logistic,0.3074003562573838
1,3,logistic_h1.0_mean_s1,logistic,0.32801695818462967
1,3,logistic_h1.0_mean_s4,logistic,0.30338007461130967
1,3,logistic_h1.0_geometric_s1,logistic,0.32801695818462967
1,3,logistic_h1.0_geometric_s4,logistic,0.3027848365160716
1,3,lda_h0.0_mean_s1,lda,0.3575756664529149
1,3,lda_h0.0_mean_s4,lda,0.3536550983377482
1,3,lda_h0.0_geometric_s1,lda,0.35816898709620254
1,3,lda_h0.0_geometric_s4,lda,0.35431781455535766
1,3,lda_h0.25_mean_s1,lda,0.347059623432048
1,3,lda_h0.25_mean_s4,lda,0.3235876712173296
1,3,lda_h0.25_geometric_s1,lda,0.3473113598037779
1,3,lda_h0.25_geometric_s4,lda,0.32309572758463834
1,3,lda_h0.5_mean_s1,lda,0.34624360942449384
1,3,lda_h0.5_mean_s4,lda,0.31423718355280456
1,3,lda_h0.5_geometric_s1,lda,0.3450394122466843
1,3,lda_h0.5_geometric_s4,lda,0.3142088908611251
1,3,lda_h0.75_mean_s1,lda,0.34246797624008496
1,3,lda_h0.75_mean_s4,lda,0.3115884615088667
1,3,lda_h0.75_geometric_s1,lda,0.3421301399561461
1,3,lda_h0.75_geometric_s4,lda,0.3105511778737669
1,3,lda_h1.0_mean_s1,lda,0.34321322646961777
1,3,lda_h1.0_mean_s4,lda,0.3171758215843401
1,3,lda_h1.0_geometric_s1,lda,0.3431563188470842
1,3,lda_h1.0_geometric_s4,lda,0.3166522788339067
2,1,both_h0.0_mean_s1,both,0.33922111935379917
2,1,both_h0.0_mean_s4,both,0.34434316232253226
2,1,both_h0.0_geometric_s1,both,0.33944896168690464
2,1,both_h0.0_geometric_s4,both,0.34509118095506225
2,1,both_h0.25_mean_s1,both,0.34195434131301466
2,1,both_h0.25_mean_s4,both,0.3415486688590635
2,1,both_h0.25_geometric_s1,both,0.33978512763030116
2,1,both_h0.25_geometric_s4,both,0.3411480804880945
2,1,both_h0.5_mean_s1,both,0.3427884376213325
2,1,both_h0.5_mean_s4,both,0.3407169907539768
2,1,both_h0.5_geometric_s1,both,0.3430891328813609
2,1,both_h0.5_geometric_s4,both,0.34016473398013114
2,1,both_h0.75_mean_s1,both,0.3409990077731022
2,1,both_h0.75_mean_s4,both,0.33748149659365023
2,1,both_h0.75_geometric_s1,both,0.34009697919288195
2,1,both_h0.75_geometric_s4,both,0.33741029523376204
2,1,both_h1.0_mean_s1,both,0.3403986881099367
2,1,both_h1.0_mean_s4,both,0.33578187412231303
2,1,both_h1.0_geometric_s1,both,0.3413850929840013
2,1,both_h1.0_geometric_s4,both,0.3368940050222924
2,1,logistic_h0.0_mean_s1,logistic,0.34309236630944806
2,1,logistic_h0.0_mean_s4,logistic,0.3564352069368444
2,1,logistic_h0.0_geometric_s1,logistic,0.34309236630944806
2,1,logistic_h0.0_geometric_s4,logistic,0.3564352069368444
2,1,logistic_h0.25_mean_s1,logistic,0.3465398279468691
2,1,logistic_h0.25_mean_s4,logistic,0.3532462108492118
2,1,logistic_h0.25_geometric_s1,logistic,0.34603037683436194
2,1,logistic_h0.25_geometric_s4,logistic,0.35346426643994105
2,1,logistic_h0.5_mean_s1,logistic,0.3474569352767592
2,1,logistic_h0.5_mean_s4,logistic,0.3540104231188339
2,1,logistic_h0.5_geometric_s1,logistic,0.34704905764424254
2,1,logistic_h0.5_geometric_s4,logistic,0.3536034092431378
2,1,logistic_h0.75_mean_s1,logistic,0.34663553918006
2,1,logistic_h0.75_mean_s4,logistic,0.356202200199145
2,1,logistic_h0.75_geometric_s1,logistic,0.3465387160864753
2,1,logistic_h0.75_geometric_s4,logistic,0.35668991073712303
2,1,logistic_h1.0_mean_s1,logistic,0.3487569419563488
2,1,logistic_h1.0_mean_s4,logistic,0.35222063277848825
2,1,logistic_h1.0_geometric_s1,logistic,0.34792624710530895
2,1,logistic_h1.0_geometric_s4,logistic,0.35172231968397877
2,1,lda_h0.0_mean_s1,lda,0.33155862524417257
2,1,lda_h0.0_mean_s4,lda,0.3352858653973907
2,1,lda_h0.0_geometric_s1,lda,0.3315202342532584
2,1,lda_h0.0_geometric_s4,lda,0.3355659774422086
2,1,lda_h0.25_mean_s1,lda,0.33393748572478554
2,1,lda_h0.25_mean_s4,lda,0.32757639696352503
2,1,lda_h0.25_geometric_s1,lda,0.33470058672319086
2,1,lda_h0.25_geometric_s4,lda,0.3275184234676977
2,1,lda_h0.5_mean_s1,lda,0.33270855148822964
2,1,lda_h0.5_mean_s4,lda,0.326598900280395
2,1,lda_h0.5_geometric_s1,lda,0.33212697954769077
2,1,lda_h0.5_geometric_s4,lda,0.32804931301841045
2,1,lda_h0.75_mean_s1,lda,0.3347768878891462
2,1,lda_h0.75_mean_s4,lda,0.32465870049831136
2,1,lda_h0.75_geometric_s1,lda,0.3337266846954903
2,1,lda_h0.75_geometric_s4,lda,0.3242112025872766
2,1,lda_h1.0_mean_s1,lda,0.33393843089833347
2,1,lda_h1.0_mean_s4,lda,0.32328433089321623
2,1,lda_h1.0_geometric_s1,lda,0.33518577622999873
2,1,lda_h1.0_geometric_s4,lda,0.32433216087792327
2,2,both_h0.0_mean_s1,both,0.337448222301129
2,2,both_h0.0_mean_s4,both,0.34549919977560434
2,2,both_h0.0_geometric_s1,both,0.3378126537880094
2,2,both_h0.0_geometric_s4,both,0.34495763715204114
2,2,both_h0.25_mean_s1,both,0.3510486835722747
2,2,both_h0.25_mean_s4,both,0.3554125931641937
2,2,both_h0.25_geometric_s1,both,0.34956626046991984
2,2,both_h0.25_geometric_s4,both,0.35455728412179743
2,2,both_h0.5_mean_s1,both,0.3584860465475563
2,2,both_h0.5_mean_s4,both,0.3635847793051431
2,2,both_h0.5_geometric_s1,both,0.3573454047471488
2,2,both_h0.5_geometric_s4,both,0.3637827639751774
2,2,both_h0.75_mean_s1,both,0.35880818703450273
2,2,both_h0.75_mean_s4,both,0.37144392429071305
2,2,both_h0.75_geometric_s1,both,0.3577611744592838
2,2,both_h0.75_geometric_s4,both,0.37105462773714437
2,2,both_h1.0_mean_s1,both,0.3568473809498688
2,2,both_h1.0_mean_s4,both,0.376586207872872
2,2,both_h1.0_geometric_s1,both,0.3577474141076669
2,2,both_h1.0_geometric_s4,both,0.375248469932232
2,2,logistic_h0.0_mean_s1,logistic,0.3354358785154552
2,2,logistic_h0.0_mean_s4,logistic,0.33939268380956195
2,2,logistic_h0.0_geometric_s1,logistic,0.3349751888093305
2,2,logistic_h0.0_geometric_s4,logistic,0.3389146975840159
2,2,logistic_h0.25_mean_s1,logistic,0.34853635404225913
2,2,logistic_h0.25_mean_s4,logistic,0.3534423290584611
2,2,logistic_h0.25_geometric_s1,logistic,0.3501524494579712
2,2,logistic_h0.25_geometric_s4,logistic,0.35298000127020296
2,2,logistic_h0.5_mean_s1,logistic,0.36021481941300304
2,2,logistic_h0.5_mean_s4,logistic,0.37181024847592375
2,2,logistic_h0.5_geometric_s1,logistic,0.35863379315741883
2,2,logistic_h0.5_geometric_s4,logistic,0.37091947386916446
2,2,logistic_h0.75_mean_s1,logistic,0.3599205351765417
2,2,logistic_h0.75_mean_s4,logistic,0.3728526038405691
2,2,logistic_h0.75_geometric_s1,logistic,0.35871113163761126
2,2,logistic_h0.75_geometric_s4,logistic,0.37359569973741835
2,2,logistic_h1.0_mean_s1,logistic,0.3586636810230897
2,2,logistic_h1.0_mean_s4,logistic,0.37369780580996176
2,2,logistic_h1.0_geometric_s1,logistic,0.3586636810230897
2,2,logistic_h1.0_geometric_s4,logistic,0.37437347290219547
2,2,lda_h0.0_mean_s1,lda,0.3366512438655089
2,2,lda_h0.0_mean_s4,lda,0.3465283680483674
2,2,lda_h0.0_geometric_s1,lda,0.33660619418024545
2,2,lda_h0.0_geometric_s4,lda,0.3464366191900151
2,2,lda_h0.25_mean_s1,lda,0.35108028241491757
2,2,lda_h0.25_mean_s4,lda,0.3614083776812996
2,2,lda_h0.25_geometric_s1,lda,0.3500777074477568
2,2,lda_h0.25_geometric_s4,lda,0.36051510828562916
2,2,lda_h0.5_mean_s1,lda,0.3554500286946786
2,2,lda_h0.5_mean_s4,lda,0.3687375030458481
2,2,lda_h0.5_geometric_s1,lda,0.35529492056847883
2,2,lda_h0.5_geometric_s4,lda,0.36943292508021214
2,2,lda_h0.75_mean_s1,lda,0.3541868105234821
2,2,lda_h0.75_mean_s4,lda,0.3682691971249055
2,2,lda_h0.75_geometric_s1,lda,0.35436845302788367
2,2,lda_h0.75_geometric_s4,lda,0.3690427605185169
2,2,lda_h1.0_mean_s1,lda,0.3567847452195902
2,2,lda_h1.0_mean_s4,lda,0.3656806030649066
2,2,lda_h1.0_geometric_s1,lda,0.3567044455411904
2,2,lda_h1.0_geometric_s4,lda,0.3657941578035723
2,3,both_h0.0_mean_s1,both,0.358105300077414
2,3,both_h0.0_mean_s4,both,0.35971977181999226
2,3,both_h0.0_geometric_s1,both,0.3577514430356588
2,3,both_h0.0_geometric_s4,both,0.35971977181999226
2,3,both_h0.25_mean_s1,both,0.36975384317321514
2,3,both_h0.25_mean_s4,both,0.368136086810708
2,3,both_h0.25_geometric_s1,both,0.3694024970865283
2,3,both_h0.25_geometric_s4,both,0.36861856160780904
2,3,both_h0.5_mean_s1,both,0.3728849346542862
2,3,both_h0.5_mean_s4,both,0.3702520502654784
2,3,both_h0.5_geometric_s1,both,0.37309656808123615
2,3,both_h0.5_geometric_s4,both,0.3705345895393898
2,3,both_h0.75_mean_s1,both,0.37227895793315746
2,3,both_h0.75_mean_s4,both,0.3754369052611292
2,3,both_h0.75_geometric_s1,both,0.3715990740242298
2,3,both_h0.75_geometric_s4,both,0.3757937765857424
2,3,both_h1.0_mean_s1,both,0.3775110738031691
2,3,both_h1.0_mean_s4,both,0.3806483458003195
2,3,both_h1.0_geometric_s1,both,0.37766990726626803
2,3,both_h1.0_geometric_s4,both,0.37815519965403843
2,3,logistic_h0.0_mean_s1,logistic,0.3598152372682437
2,3,logistic_h0.0_mean_s4,logistic,0.3587950505597829
2,3,logistic_h0.0_geometric_s1,logistic,0.3601690943099988
2,3,logistic_h0.0_geometric_s4,logistic,0.3589461129115058
2,3,logistic_h0.25_mean_s1,logistic,0.3669048585963084
2,3,logistic_h0.25_mean_s4,logistic,0.3649264449573067
2,3,logistic_h0.25_geometric_s1,logistic,0.36680684965825033
2,3,logistic_h0.25_geometric_s4,logistic,0.365310785434233
2,3,logistic_h0.5_mean_s1,logistic,0.37656961452017196
2,3,logistic_h0.5_mean_s4,logistic,0.3832129469699072
2,3,logistic_h0.5_geometric_s1,logistic,0.37668812015878844
2,3,logistic_h0.5_geometric_s4,logistic,0.38313067619299307
2,3,logistic_h0.75_mean_s1,logistic,0.38261710032323143
2,3,logistic_h0.75_mean_s4,logistic,0.3858562370219782
2,3,logistic_h0.75_geometric_s1,logistic,0.3831241788030596
2,3,logistic_h0.75_geometric_s4,logistic,0.38546749423105164
2,3,logistic_h1.0_mean_s1,logistic,0.38477158638287345
2,3,logistic_h1.0_mean_s4,logistic,0.3872974908626602
2,3,logistic_h1.0_geometric_s1,logistic,0.3844177293411184
2,3,logistic_h1.0_geometric_s4,logistic,0.3872393053206037
2,3,lda_h0.0_mean_s1,lda,0.3512060932017604
2,3,lda_h0.0_mean_s4,lda,0.35437478405157175
2,3,lda_h0.0_geometric_s1,lda,0.3512060932017604
2,3,lda_h0.0_geometric_s4,lda,0.35413428381107154
2,3,lda_h0.25_mean_s1,lda,0.37184487016715745
2,3,lda_h0.25_mean_s4,lda,0.3669736226036732
2,3,lda_h0.25_geometric_s1,lda,0.37068736670855074
2,3,lda_h0.25_geometric_s4,lda,0.367079711621342
2,3,lda_h0.5_mean_s1,lda,0.37129986417191446
2,3,lda_h0.5_mean_s4,lda,0.3692882617336719
2,3,lda_h0.5_geometric_s1,lda,0.3723534537418437
2,3,lda_h0.5_geometric_s4,lda,0.37102942372328107
2,3,lda_h0.75_mean_s1,lda,0.3646919815553727
2,3,lda_h0.75_mean_s4,lda,0.362602597328004
2,3,lda_h0.75_geometric_s1,lda,0.36521486998537106
2,3,lda_h0.75_geometric_s4,lda,0.362545886102048
2,3,lda_h1.0_mean_s1,lda,0.36428201089286627
2,3,lda_h1.0_mean_s4,lda,0.36340552472542875
2,3,lda_h1.0_geometric_s1,lda,0.36517150636364254
2,3,lda_h1.0_geometric_s4,lda,0.36399884536871635
3,1,both_h0.0_mean_s1,both,0.3446997350383388
3,1,both_h0.0_mean_s4,both,0.3551652613419239
3,1,both_h0.0_geometric_s1,both,0.3447013731204722
3,1,both_h0.0_geometric_s4,both,0.3546089413139483
3,1,both_h0.25_mean_s1,both,0.35376826588732
3,1,both_h0.25_mean_s4,both,0.35440189484385953
3,1,both_h0.25_geometric_s1,both,0.3537775406728981
3,1,both_h0.25_geometric_s4,both,0.3541792111731011
3,1,both_h0.5_mean_s1,both,0.3466185364513076
3,1,both_h0.5_mean_s4,both,0.3432721808164727
3,1,both_h0.5_geometric_s1,both,0.34729446571015316
3,1,both_h0.5_geometric_s4,both,0.3428695585640786
3,1,both_h0.75_mean_s1,both,0.34404474097083915
3,1,both_h0.75_mean_s4,both,0.34310029068688
3,1,both_h0.75_geometric_s1,both,0.34525211213827656
3,1,both_h0.75_geometric_s4,both,0.3435622285319954
3,1,both_h1.0_mean_s1,both,0.3444914314936603
3,1,both_h1.0_mean_s4,both,0.33843671821743293
3,1,both_h1.0_geometric_s1,both,0.3451614305631364
3,1,both_h1.0_geometric_s4,both,0.33818460589404464
3,1,logistic_h0.0_mean_s1,logistic,0.3439483876489915
3,1,logistic_h0.0_mean_s4,logistic,0.35048944187756575
3,1,logistic_h0.0_geometric_s1,logistic,0.34422686161167604
3,1,logistic_h0.0_geometric_s4,logistic,0.35048944187756575
3,1,logistic_h0.25_mean_s1,logistic,0.35220629036479567
3,1,logistic_h0.25_mean_s4,logistic,0.3571205702913947
3,1,logistic_h0.25_geometric_s1,logistic,0.3523354853560664
3,1,logistic_h0.25_geometric_s4,logistic,0.3578860167757169
3,1,logistic_h0.5_mean_s1,logistic,0.35918856256437587
3,1,logistic_h0.5_mean_s4,logistic,0.35725253283029823
3,1,logistic_h0.5_geometric_s1,logistic,0.35973220425828073
3,1,logistic_h0.5_geometric_s4,logistic,0.35799108535552243
3,1,logistic_h0.75_mean_s1,logistic,0.3491355165495959
3,1,logistic_h0.75_mean_s4,logistic,0.35046539612649097
3,1,logistic_h0.75_geometric_s1,logistic,0.34913387846746247
3,1,logistic_h0.75_geometric_s4,logistic,0.3509956294911606
3,1,logistic_h1.0_mean_s1,logistic,0.3473026538677559
3,1,logistic_h1.0_mean_s4,logistic,0.3457953575155556
3,1,logistic_h1.0_geometric_s1,logistic,0.34728345172795977
3,1,logistic_h1.0_geometric_s4,logistic,0.3457953575155556
3,1,lda_h0.0_mean_s1,lda,0.34462613095877875
3,1,lda_h0.0_mean_s4,lda,0.35276108998559336
3,1,lda_h0.0_geometric_s1,lda,0.34462613095877875
3,1,lda_h0.0_geometric_s4,lda,0.35250121505226506
3,1,lda_h0.25_mean_s1,lda,0.3445743174951328
3,1,lda_h0.25_mean_s4,lda,0.34440094322900433
3,1,lda_h0.25_geometric_s1,lda,0.3448748609898775
3,1,lda_h0.25_geometric_s4,lda,0.3438672772558256
3,1,lda_h0.5_mean_s1,lda,0.34319172154372307
3,1,lda_h0.5_mean_s4,lda,0.3367848129471413
3,1,lda_h0.5_geometric_s1,lda,0.34350151238098353
3,1,lda_h0.5_geometric_s4,lda,0.33752509752051163
3,1,lda_h0.75_mean_s1,lda,0.3342852190878184
3,1,lda_h0.75_mean_s4,lda,0.3357436652466565
3,1,lda_h0.75_geometric_s1,lda,0.3342478630685978
3,1,lda_h0.75_geometric_s4,lda,0.33470457772341466
3,1,lda_h1.0_mean_s1,lda,0.3351376159740719
3,1,lda_h1.0_mean_s4,lda,0.3373513998425673
3,1,lda_h1.0_geometric_s1,lda,0.3345965913073327
3,1,lda_h1.0_geometric_s4,lda,0.3366033523404062
3,2,both_h0.0_mean_s1,both,0.32743903431329563
3,2,both_h0.0_mean_s4,both,0.3319555052624426
3,2,both_h0.0_geometric_s1,both,0.32742931058389535
3,2,both_h0.0_geometric_s4,both,0.3322297892837514
3,2,both_h0.25_mean_s1,both,0.331896523104885
3,2,both_h0.25_mean_s4,both,0.3253547346871809
3,2,both_h0.25_geometric_s1,both,0.3329454373886716
3,2,both_h0.25_geometric_s4,both,0.3257170641324368
3,2,both_h0.5_mean_s1,both,0.33278004163296016
3,2,both_h0.5_mean_s4,both,0.32613681179737364
3,2,both_h0.5_geometric_s1,both,0.3317583931226904
3,2,both_h0.5_geometric_s4,both,0.3269914361379929
3,2,both_h0.75_mean_s1,both,0.3302656732037821
3,2,both_h0.75_mean_s4,both,0.32916252412034613
3,2,both_h0.75_geometric_s1,both,0.33165987493706256
3,2,both_h0.75_geometric_s4,both,0.3289969199863524
3,2,both_h1.0_mean_s1,both,0.33342630268864293
3,2,both_h1.0_mean_s4,both,0.33306713726437664
3,2,both_h1.0_geometric_s1,both,0.3340115189554431
3,2,both_h1.0_geometric_s4,both,0.33484036240567205
3,2,logistic_h0.0_mean_s1,logistic,0.32815836921303043
3,2,logistic_h0.0_mean_s4,logistic,0.3331643463847518
3,2,logistic_h0.0_geometric_s1,logistic,0.32846558887508875
3,2,logistic_h0.0_geometric_s4,logistic,0.33346196543237083
3,2,logistic_h0.25_mean_s1,logistic,0.3308957619525785
3,2,logistic_h0.25_mean_s4,logistic,0.3357252214143017
3,2,logistic_h0.25_geometric_s1,logistic,0.3317285057223033
3,2,logistic_h0.25_geometric_s4,logistic,0.33657087739213704
3,2,logistic_h0.5_mean_s1,logistic,0.33761033603070895
3,2,logistic_h0.5_mean_s4,logistic,0.3359424809835812
3,2,logistic_h0.5_geometric_s1,logistic,0.3372462668728553
3,2,logistic_h0.5_geometric_s4,logistic,0.33403892168556826
3,2,logistic_h0.75_mean_s1,logistic,0.33185577122491217
3,2,logistic_h0.75_mean_s4,logistic,0.3377417935359004
3,2,logistic_h0.75_geometric_s1,logistic,0.33220613359208123
3,2,logistic_h0.75_geometric_s4,logistic,0.338682474389279
3,2,logistic_h1.0_mean_s1,logistic,0.33393482508545386
3,2,logistic_h1.0_mean_s4,logistic,0.3370356117803653
3,2,logistic_h1.0_geometric_s1,logistic,0.33365471304063593
3,2,logistic_h1.0_geometric_s4,logistic,0.3367607517852181
3,2,lda_h0.0_mean_s1,lda,0.32406648438106694
3,2,lda_h0.0_mean_s4,lda,0.32576593491782274
3,2,lda_h0.0_geometric_s1,lda,0.32406648438106694
3,2,lda_h0.0_geometric_s4,lda,0.325490680307308
3,2,lda_h0.25_mean_s1,lda,0.32999116223607383
3,2,lda_h0.25_mean_s4,lda,0.32523653296179683
3,2,lda_h0.25_geometric_s1,lda,0.329220475111932
3,2,lda_h0.25_geometric_s4,lda,0.32449049576172134
3,2,lda_h0.5_mean_s1,lda,0.32902547983794683
3,2,lda_h0.5_mean_s4,lda,0.31925768693393486
3,2,lda_h0.5_geometric_s1,lda,0.32905986051528235
3,2,lda_h0.5_geometric_s4,lda,0.3200302028031871
3,2,lda_h0.75_mean_s1,lda,0.3296265296405658
3,2,lda_h0.75_mean_s4,lda,0.3211208126912387
3,2,lda_h0.75_geometric_s1,lda,0.33077858289777257
3,2,lda_h0.75_geometric_s4,lda,0.3221054828718502
3,2,lda_h1.0_mean_s1,lda,0.3322265163406261
3,2,lda_h1.0_mean_s4,lda,0.32274508758125336
3,2,lda_h1.0_geometric_s1,lda,0.33195126173011147
3,2,lda_h1.0_geometric_s4,lda,0.322981173312046
3,3,both_h0.0_mean_s1,both,0.34835308392908565
3,3,both_h0.0_mean_s4,both,0.35238394394382555
3,3,both_h0.0_geometric_s1,both,0.3486760813451063
3,3,both_h0.0_geometric_s4,both,0.35279347557256896
3,3,both_h0.25_mean_s1,both,0.3454576968111305
3,3,both_h0.25_mean_s4,both,0.35511569147988276
3,3,both_h0.25_geometric_s1,both,0.3459383104799705
3,3,both_h0.25_geometric_s4,both,0.35655240676163885
3,3,both_h0.5_mean_s1,both,0.3495301579508966
3,3,both_h0.5_mean_s4,both,0.3458705025975381
3,3,both_h0.5_geometric_s1,both,0.34885152033079186
3,3,both_h0.5_geometric_s4,both,0.34658424789256415
3,3,both_h0.75_mean_s1,both,0.35326756142598226
3,3,both_h0.75_mean_s4,both,0.34178545713903374
3,3,both_h0.75_geometric_s1,both,0.35543203637385923
3,3,both_h0.75_geometric_s4,both,0.3423650567949881
3,3,both_h1.0_mean_s1,both,0.3510028587395538
3,3,both_h1.0_mean_s4,both,0.34040956698209507
3,3,both_h1.0_geometric_s1,both,0.3516165338195671
3,3,both_h1.0_geometric_s4,both,0.3410549533417672
3,3,logistic_h0.0_mean_s1,logistic,0.34614312769118205
3,3,logistic_h0.0_mean_s4,logistic,0.35375630345346387
3,3,logistic_h0.0_geometric_s1,logistic,0.34614312769118205
3,3,logistic_h0.0_geometric_s4,logistic,0.35375630345346387
3,3,logistic_h0.25_mean_s1,logistic,0.3503759961902373
3,3,logistic_h0.25_mean_s4,logistic,0.3538336860303052
3,3,logistic_h0.25_geometric_s1,logistic,0.350848207352214
3,3,logistic_h0.25_geometric_s4,logistic,0.35351761535588466
3,3,logistic_h0.5_mean_s1,logistic,0.34980141458881864
3,3,logistic_h0.5_mean_s4,logistic,0.3474496541321218
3,3,logistic_h0.5_geometric_s1,logistic,0.3486195927401626
3,3,logistic_h0.5_geometric_s4,logistic,0.3466364541708205
3,3,logistic_h0.75_mean_s1,logistic,0.3457507092781209
3,3,logistic_h0.75_mean_s4,logistic,0.34497680838950034
3,3,logistic_h0.75_geometric_s1,logistic,0.34592077730533183
3,3,logistic_h0.75_geometric_s4,logistic,0.345623719382144
3,3,logistic_h1.0_mean_s1,logistic,0.35234493171131875
3,3,logistic_h1.0_mean_s4,logistic,0.34858494176010973
3,3,logistic_h1.0_geometric_s1,logistic,0.3517991811655683
3,3,logistic_h1.0_geometric_s4,logistic,0.34858494176010973
3,3,lda_h0.0_mean_s1,lda,0.34042513929248647
3,3,lda_h0.0_mean_s4,lda,0.3419993578208495
3,3,lda_h0.0_geometric_s1,lda,0.34042513929248647
3,3,lda_h0.0_geometric_s4,lda,0.3419993578208495
3,3,lda_h0.25_mean_s1,lda,0.3483152031005465
3,3,lda_h0.25_mean_s4,lda,0.3545712819310229
3,3,lda_h0.25_geometric_s1,lda,0.3479689340815589
3,3,lda_h0.25_geometric_s4,lda,0.3541601283891143
3,3,lda_h0.5_mean_s1,lda,0.3492063607875081
3,3,lda_h0.5_mean_s4,lda,0.3473086722942864
3,3,lda_h0.5_geometric_s1,lda,0.3483955194655725
3,3,lda_h0.5_geometric_s4,lda,0.34800240094439344
3,3,lda_h0.75_mean_s1,lda,0.34959107759570346
3,3,lda_h0.75_mean_s4,lda,0.345680641653207
3,3,lda_h0.75_geometric_s1,lda,0.3501629061402818
3,3,lda_h0.75_geometric_s4,lda,0.3458463302391002
3,3,lda_h1.0_mean_s1,lda,0.34865527619190223
3,3,lda_h1.0_mean_s4,lda,0.33951339058768065
3,3,lda_h1.0_geometric_s1,lda,0.3520614914531942
3,3,lda_h1.0_geometric_s4,lda,0.3403506858247767
4,1,both_h0.0_mean_s1,both,0.3325013118712535
4,1,both_h0.0_mean_s4,both,0.3405283879159727
4,1,both_h0.0_geometric_s1,both,0.331376861233234
4,1,both_h0.0_geometric_s4,both,0.3417666760395067
4,1,both_h0.25_mean_s1,both,0.3356328673676843
4,1,both_h0.25_mean_s4,both,0.34712777099701464
4,1,both_h0.25_geometric_s1,both,0.33634492048055503
4,1,both_h0.25_geometric_s4,both,0.3480447020908742
4,1,both_h0.5_mean_s1,both,0.33757579866869913
4,1,both_h0.5_mean_s4,both,0.33875625498769046
4,1,both_h0.5_geometric_s1,both,0.33621688417683226
4,1,both_h0.5_geometric_s4,both,0.3394166959952104
4,1,both_h0.75_mean_s1,both,0.3365763020824068
4,1,both_h0.75_mean_s4,both,0.3340802703279841
4,1,both_h0.75_geometric_s1,both,0.3364458761076292
4,1,both_h0.75_geometric_s4,both,0.33385235857261986
4,1,both_h1.0_mean_s1,both,0.3326437681084743
4,1,both_h1.0_mean_s4,both,0.33313548346165417
4,1,both_h1.0_geometric_s1,both,0.3332331287645006
4,1,both_h1.0_geometric_s4,both,0.3323044608108735
4,1,logistic_h0.0_mean_s1,logistic,0.33685897042645757
4,1,logistic_h0.0_mean_s4,logistic,0.3540741992627817
4,1,logistic_h0.0_geometric_s1,logistic,0.33685897042645757
4,1,logistic_h0.0_geometric_s4,logistic,0.35407562900660017
4,1,logistic_h0.25_mean_s1,logistic,0.3392404835834917
4,1,logistic_h0.25_mean_s4,logistic,0.34919803967422225
4,1,logistic_h0.25_geometric_s1,logistic,0.33824908578520607
4,1,logistic_h0.25_geometric_s4,logistic,0.34953650145854626
4,1,logistic_h0.5_mean_s1,logistic,0.34042279604950126
4,1,logistic_h0.5_mean_s4,logistic,0.34409096347223034
4,1,logistic_h0.5_geometric_s1,logistic,0.3419898885028867
4,1,logistic_h0.5_geometric_s4,logistic,0.3453508570423846
4,1,logistic_h0.75_mean_s1,logistic,0.33708650421906966
4,1,logistic_h0.75_mean_s4,logistic,0.3423353668343918
4,1,logistic_h0.75_geometric_s1,logistic,0.3377943287310095
4,1,logistic_h0.75_geometric_s4,logistic,0.3423314532081236
4,1,logistic_h1.0_mean_s1,logistic,0.33587400159331715
4,1,logistic_h1.0_mean_s4,logistic,0.3389628034873363
4,1,logistic_h1.0_geometric_s1,logistic,0.33611255873422435
4,1,logistic_h1.0_geometric_s4,logistic,0.3389739681266905
4,1,lda_h0.0_mean_s1,lda,0.32828123192586367
4,1,lda_h0.0_mean_s4,lda,0.3345074826812197
4,1,lda_h0.0_geometric_s1,lda,0.3288721221924769
4,1,lda_h0.0_geometric_s4,lda,0.33424058348221825
4,1,lda_h0.25_mean_s1,lda,0.32636075774282447
4,1,lda_h0.25_mean_s4,lda,0.3290040409921114
4,1,lda_h0.25_geometric_s1,lda,0.32644753250918085
4,1,lda_h0.25_geometric_s4,lda,0.3296274510906436
4,1,lda_h0.5_mean_s1,lda,0.33292611328303506
4,1,lda_h0.5_mean_s4,lda,0.3320550051557741
4,1,lda_h0.5_geometric_s1,lda,0.3332401947156848
4,1,lda_h0.5_geometric_s4,lda,0.33280569347548633
4,1,lda_h0.75_mean_s1,lda,0.3314472631596723
4,1,lda_h0.75_mean_s4,lda,0.32682209347374175
4,1,lda_h0.75_geometric_s1,lda,0.33105927989634776
4,1,lda_h0.75_geometric_s4,lda,0.32763968018935924
4,1,lda_h1.0_mean_s1,lda,0.32887753666846214
4,1,lda_h1.0_mean_s4,lda,0.32766649198783
4,1,lda_h1.0_geometric_s1,lda,0.3300375772282295
4,1,lda_h1.0_geometric_s4,lda,0.3284898540544235
4,2,both_h0.0_mean_s1,both,0.34997452462813
4,2,both_h0.0_mean_s4,both,0.3480211258871661
4,2,both_h0.0_geometric_s1,both,0.35006728499885936
4,2,both_h0.0_geometric_s4,both,0.3481668984819183
4,2,both_h0.25_mean_s1,both,0.33376064506256614
4,2,both_h0.25_mean_s4,both,0.32832319534595666
4,2,both_h0.25_geometric_s1,both,0.3335845160665883
4,2,both_h0.25_geometric_s4,both,0.32733531866122045
4,2,both_h0.5_mean_s1,both,0.33254321686665594
4,2,both_h0.5_mean_s4,both,0.3181918266187126
4,2,both_h0.5_geometric_s1,both,0.3315959452249645
4,2,both_h0.5_geometric_s4,both,0.3178685950189505
4,2,both_h0.75_mean_s1,both,0.32987708710310043
4,2,both_h0.75_mean_s4,both,0.3160354805173708
4,2,both_h0.75_geometric_s1,both,0.32979621257516284
4,2,both_h0.75_geometric_s4,both,0.31577314897708947
4,2,both_h1.0_mean_s1,both,0.33221265136167893
4,2,both_h1.0_mean_s4,both,0.3160437683415909
4,2,both_h1.0_geometric_s1,both,0.3330335200194948
4,2,both_h1.0_geometric_s4,both,0.3158106404019418
4,2,logistic_h0.0_mean_s1,logistic,0.3425040052495661
4,2,logistic_h0.0_mean_s4,logistic,0.3340520914675643
4,2,logistic_h0.0_geometric_s1,logistic,0.3430311455403276
4,2,logistic_h0.0_geometric_s4,logistic,0.33366581863231193
4,2,logistic_h0.25_mean_s1,logistic,0.32425925313363413
4,2,logistic_h0.25_mean_s4,logistic,0.3166112836875629
4,2,logistic_h0.25_geometric_s1,logistic,0.3240090286326441
4,2,logistic_h0.25_geometric_s4,logistic,0.31669142180247634
4,2,logistic_h0.5_mean_s1,logistic,0.32339563643985714
4,2,logistic_h0.5_mean_s4,logistic,0.3104562567991073
4,2,logistic_h0.5_geometric_s1,logistic,0.32382985495340416
4,2,logistic_h0.5_geometric_s4,logistic,0.3095192697876905
4,2,logistic_h0.75_mean_s1,logistic,0.32653849637491694
4,2,logistic_h0.75_mean_s4,logistic,0.3078862209533685
4,2,logistic_h0.75_geometric_s1,logistic,0.32635857411711816
4,2,logistic_h0.75_geometric_s4,logistic,0.30803199354812066
4,2,logistic_h1.0_mean_s1,logistic,0.327657138375523
4,2,logistic_h1.0_mean_s4,logistic,0.305882260776878
4,2,logistic_h1.0_geometric_s1,logistic,0.327657138375523
4,2,logistic_h1.0_geometric_s4,logistic,0.305882260776878
4,2,lda_h0.0_mean_s1,lda,0.35509574020162377
4,2,lda_h0.0_mean_s4,lda,0.3572263724302602
4,2,lda_h0.0_geometric_s1,lda,0.35449277574926175
4,2,lda_h0.0_geometric_s4,lda,0.35722515161685664
4,2,lda_h0.25_mean_s1,lda,0.34170664775391946
4,2,lda_h0.25_mean_s4,lda,0.33283520458467486
4,2,lda_h0.25_geometric_s1,lda,0.3404183194216192
4,2,lda_h0.25_geometric_s4,lda,0.332460682282336
4,2,lda_h0.5_mean_s1,lda,0.3453617342088366
4,2,lda_h0.5_mean_s4,lda,0.33057717828107464
4,2,lda_h0.5_geometric_s1,lda,0.34156519175096
4,2,lda_h0.5_geometric_s4,lda,0.3304514002429896
4,2,lda_h0.75_mean_s1,lda,0.3421608315933327
4,2,lda_h0.75_mean_s4,lda,0.32407541196202844
4,2,lda_h0.75_geometric_s1,lda,0.3416623964448954
4,2,lda_h0.75_geometric_s4,lda,0.32410166221222614
4,2,lda_h1.0_mean_s1,lda,0.34707346060223543
4,2,lda_h1.0_mean_s4,lda,0.32767744476176475
4,2,lda_h1.0_geometric_s1,lda,0.3454314541594508
4,2,lda_h1.0_geometric_s4,lda,0.3277522983341595
4,3,both_h0.0_mean_s1,both,0.32751518061568063
4,3,both_h0.0_mean_s4,both,0.32133871245179474
4,3,both_h0.0_geometric_s1,both,0.32751518061568063
4,3,both_h0.0_geometric_s4,both,0.32123478668294414
4,3,both_h0.25_mean_s1,both,0.33466767552123017
4,3,both_h0.25_mean_s4,both,0.32405972074598277
4,3,both_h0.25_geometric_s1,both,0.33546136548461475
4,3,both_h0.25_geometric_s4,both,0.32398018161613723
4,3,both_h0.5_mean_s1,both,0.3343078096041401
4,3,both_h0.5_mean_s4,both,0.32727329354558155
4,3,both_h0.5_geometric_s1,both,0.3327652753500908
4,3,both_h0.5_geometric_s4,both,0.3276774126326617
4,3,both_h0.75_mean_s1,both,0.34138437665233107
4,3,both_h0.75_mean_s4,both,0.3381908506898963
4,3,both_h0.75_geometric_s1,both,0.34143969097597515
4,3,both_h0.75_geometric_s4,both,0.3382011159063802
4,3,both_h1.0_mean_s1,both,0.34701914345207047
4,3,both_h1.0_mean_s4,both,0.34604170714300586
4,3,both_h1.0_geometric_s1,both,0.34802492109534694
4,3,both_h1.0_geometric_s4,both,0.3470629153322459
4,3,logistic_h0.0_mean_s1,logistic,0.3257034818527603
4,3,logistic_h0.0_mean_s4,logistic,0.31624564487578705
4,3,logistic_h0.0_geometric_s1,logistic,0.32601041862378555
4,3,logistic_h0.0_geometric_s4,logistic,0.3165525816468123
4,3,logistic_h0.25_mean_s1,logistic,0.32914838674888725
4,3,logistic_h0.25_mean_s4,logistic,0.32192013747448867
4,3,logistic_h0.25_geometric_s1,logistic,0.32972284477948566
4,3,logistic_h0.25_geometric_s4,logistic,0.3219506368236857
4,3,logistic_h0.5_mean_s1,logistic,0.3380279373752062
4,3,logistic_h0.5_mean_s4,logistic,0.3414383623771847
4,3,logistic_h0.5_geometric_s1,logistic,0.3374719186256218
4,3,logistic_h0.5_geometric_s4,logistic,0.3408516107914185
4,3,logistic_h0.75_mean_s1,logistic,0.34437468176771585
4,3,logistic_h0.75_mean_s4,logistic,0.3474590012156656
4,3,logistic_h0.75_geometric_s1,logistic,0.3437167997783966
4,3,logistic_h0.75_geometric_s4,logistic,0.3468839419387199
4,3,logistic_h1.0_mean_s1,logistic,0.35376167606006
4,3,logistic_h1.0_mean_s4,logistic,0.3548052426304648
4,3,logistic_h1.0_geometric_s1,logistic,0.35323070849387256
4,3,logistic_h1.0_geometric_s4,logistic,0.3554493704254194
4,3,lda_h0.0_mean_s1,lda,0.32697018735301553
4,3,lda_h0.0_mean_s4,lda,0.3275096145593957
4,3,lda_h0.0_geometric_s1,lda,0.32674640112294
4,3,lda_h0.0_geometric_s4,lda,0.32681517011495126
4,3,lda_h0.25_mean_s1,lda,0.3377123709840276
4,3,lda_h0.25_mean_s4,lda,0.33735999022588403
4,3,lda_h0.25_geometric_s1,lda,0.33980782220327843
4,3,lda_h0.25_geometric_s4,lda,0.3366857197629931
4,3,lda_h0.5_mean_s1,lda,0.33652109359397553
4,3,lda_h0.5_mean_s4,lda,0.32962953616388607
4,3,lda_h0.5_geometric_s1,lda,0.33660844020376646
4,3,lda_h0.5_geometric_s4,lda,0.32934920283508096
4,3,lda_h0.75_mean_s1,lda,0.3367615714923042
4,3,lda_h0.75_mean_s4,lda,0.3358518433046846
4,3,lda_h0.75_geometric_s1,lda,0.3375181075149769
4,3,lda_h0.75_geometric_s4,lda,0.3354753986021067
4,3,lda_h1.0_mean_s1,lda,0.3367043223949249
4,3,lda_h1.0_mean_s4,lda,0.33801889594076406
4,3,lda_h1.0_geometric_s1,lda,0.3370548722934308
4,3,lda_h1.0_geometric_s4,lda,0.3383966064340815
5,1,both_h0.0_mean_s1,both,0.3298254372021576
5,1,both_h0.0_mean_s4,both,0.3288080955499914
5,1,both_h0.0_geometric_s1,both,0.3304111308269005
5,1,both_h0.0_geometric_s4,both,0.328233851105201
5,1,both_h0.25_mean_s1,both,0.3335576924828406
5,1,both_h0.25_mean_s4,both,0.32851240137238547
5,1,both_h0.25_geometric_s1,both,0.33328243787232587
5,1,both_h0.25_geometric_s4,both,0.3279071615220785
5,1,both_h0.5_mean_s1,both,0.33528112589148196
5,1,both_h0.5_mean_s4,both,0.3342190048712291
5,1,both_h0.5_geometric_s1,both,0.3358126303607276
5,1,both_h0.5_geometric_s4,both,0.3348099318284789
5,1,both_h0.75_mean_s1,both,0.3352186973310135
5,1,both_h0.75_mean_s4,both,0.3353218509441706
5,1,both_h0.75_geometric_s1,both,0.33492292684890757
5,1,both_h0.75_geometric_s4,both,0.3346019883048033
5,1,both_h1.0_mean_s1,both,0.33948539373094594
5,1,both_h1.0_mean_s4,both,0.3382763826169088
5,1,both_h1.0_geometric_s1,both,0.33918905790303056
5,1,both_h1.0_geometric_s4,both,0.33903142916450185
5,1,logistic_h0.0_mean_s1,logistic,0.33132619694602056
5,1,logistic_h0.0_mean_s4,logistic,0.332048155004233
5,1,logistic_h0.0_geometric_s1,logistic,0.33132619694602056
5,1,logistic_h0.0_geometric_s4,logistic,0.332048155004233
5,1,logistic_h0.25_mean_s1,logistic,0.3338092055142589
5,1,logistic_h0.25_mean_s4,logistic,0.3380622294960365
5,1,logistic_h0.25_geometric_s1,logistic,0.3336023450374392
5,1,logistic_h0.25_geometric_s4,logistic,0.3380683491142694
5,1,logistic_h0.5_mean_s1,logistic,0.3387628717148752
5,1,logistic_h0.5_mean_s4,logistic,0.34008274835760127
5,1,logistic_h0.5_geometric_s1,logistic,0.33896512391696465
5,1,logistic_h0.5_geometric_s4,logistic,0.34002841234369124
5,1,logistic_h0.75_mean_s1,logistic,0.3412965990790421
5,1,logistic_h0.75_mean_s4,logistic,0.34541209777544474
5,1,logistic_h0.75_geometric_s1,logistic,0.34130145651334526
5,1,logistic_h0.75_geometric_s4,logistic,0.3446185537687165
5,1,logistic_h1.0_mean_s1,logistic,0.346157290411787
5,1,logistic_h1.0_mean_s4,logistic,0.3500266066035226
5,1,logistic_h1.0_geometric_s1,logistic,0.346157290411787
5,1,logistic_h1.0_geometric_s4,logistic,0.3500266066035226
5,1,lda_h0.0_mean_s1,lda,0.32265604691372246
5,1,lda_h0.0_mean_s4,lda,0.3187580606673636
5,1,lda_h0.0_geometric_s1,lda,0.32215605124399344
5,1,lda_h0.0_geometric_s4,lda,0.3189832942441568
5,1,lda_h0.25_mean_s1,lda,0.3346113354154349
5,1,lda_h0.25_mean_s4,lda,0.3285651279645584
5,1,lda_h0.25_geometric_s1,lda,0.33458586588032785
5,1,lda_h0.25_geometric_s4,lda,0.32990241404688353
5,1,lda_h0.5_mean_s1,lda,0.33476150978670277
5,1,lda_h0.5_mean_s4,lda,0.3324692379745743
5,1,lda_h0.5_geometric_s1,lda,0.3347311450526621
5,1,lda_h0.5_geometric_s4,lda,0.3324500478431081
5,1,lda_h0.75_mean_s1,lda,0.33592343665554525
5,1,lda_h0.75_mean_s4,lda,0.33817727614171866
5,1,lda_h0.75_geometric_s1,lda,0.33558916871430405
5,1,lda_h0.75_geometric_s4,lda,0.33845251203506965
5,1,lda_h1.0_mean_s1,lda,0.3374572795898467
5,1,lda_h1.0_mean_s4,lda,0.33790448093006303
5,1,lda_h1.0_geometric_s1,lda,0.33766145919219775
5,1,lda_h1.0_geometric_s4,lda,0.3376599669517928
5,2,both_h0.0_mean_s1,both,0.35049186258812687
5,2,both_h0.0_mean_s4,both,0.34587572364067953
5,2,both_h0.0_geometric_s1,both,0.3512263410200121
5,2,both_h0.0_geometric_s4,both,0.3465731293607943
5,2,both_h0.25_mean_s1,both,0.33230049569548303
5,2,both_h0.25_mean_s4,both,0.3169720808332341
5,2,both_h0.25_geometric_s1,both,0.33179468914586624
5,2,both_h0.25_geometric_s4,both,0.3165001860975193
5,2,both_h0.5_mean_s1,both,0.32482453541559936
5,2,both_h0.5_mean_s4,both,0.3146314073507581
5,2,both_h0.5_geometric_s1,both,0.32406526690970544
5,2,both_h0.5_geometric_s4,both,0.31522370860589294
5,2,both_h0.75_mean_s1,both,0.3279534349429082
5,2,both_h0.75_mean_s4,both,0.3062561371371767
5,2,both_h0.75_geometric_s1,both,0.3275327221653717
5,2,both_h0.75_geometric_s4,both,0.30690224722096177
5,2,both_h1.0_mean_s1,both,0.3255363860831577
5,2,both_h1.0_mean_s4,both,0.30569570204116087
5,2,both_h1.0_geometric_s1,both,0.3255343453184961
5,2,both_h1.0_geometric_s4,both,0.30551866319030346
5,2,logistic_h0.0_mean_s1,logistic,0.3449417664236915
5,2,logistic_h0.0_mean_s4,logistic,0.3388926736211298
5,2,logistic_h0.0_geometric_s1,logistic,0.34446005981472266
5,2,logistic_h0.0_geometric_s4,logistic,0.33846873682378575
5,2,logistic_h0.25_mean_s1,logistic,0.31633706357296415
5,2,logistic_h0.25_mean_s4,logistic,0.31180282779389573
5,2,logistic_h0.25_geometric_s1,logistic,0.31658183840485027
5,2,logistic_h0.25_geometric_s4,logistic,0.31166362478434256
5,2,logistic_h0.5_mean_s1,logistic,0.31778451470811814
5,2,logistic_h0.5_mean_s4,logistic,0.3072893774942292
5,2,logistic_h0.5_geometric_s1,logistic,0.3169821392936039
5,2,logistic_h0.5_geometric_s4,logistic,0.30795711501689965
5,2,logistic_h0.75_mean_s1,logistic,0.3188350685626811
5,2,logistic_h0.75_mean_s4,logistic,0.30286628029956814
5,2,logistic_h0.75_geometric_s1,logistic,0.3186088836972965
5,2,logistic_h0.75_geometric_s4,logistic,0.3016683168374537
5,2,logistic_h1.0_mean_s1,logistic,0.321337966310547
5,2,logistic_h1.0_mean_s4,logistic,0.30477137750653804
5,2,logistic_h1.0_geometric_s1,logistic,0.320810633111913
5,2,logistic_h1.0_geometric_s4,logistic,0.3042634231286146
5,2,lda_h0.0_mean_s1,lda,0.36042012720405353
5,2,lda_h0.0_mean_s4,lda,0.35711711462606543
5,2,lda_h0.0_geometric_s1,lda,0.35990648583795903
5,2,lda_h0.0_geometric_s4,lda,0.3568892722929599
5,2,lda_h0.25_mean_s1,lda,0.3498895425139458
5,2,lda_h0.25_mean_s4,lda,0.33938226465428784
5,2,lda_h0.25_geometric_s1,lda,0.34962062305127223
5,2,lda_h0.25_geometric_s4,lda,0.33904217018051436
5,2,lda_h0.5_mean_s1,lda,0.34295106978714907
5,2,lda_h0.5_mean_s4,lda,0.3271753403533986
5,2,lda_h0.5_geometric_s1,lda,0.3443836797415888
5,2,lda_h0.5_geometric_s4,lda,0.32751506856561147
5,2,lda_h0.75_mean_s1,lda,0.3333607694190685
5,2,lda_h0.75_mean_s4,lda,0.3226350833989591
5,2,lda_h0.75_geometric_s1,lda,0.33256306792316354
5,2,lda_h0.75_geometric_s4,lda,0.32259054177278484
5,2,lda_h1.0_mean_s1,lda,0.33370533568368893
5,2,lda_h1.0_mean_s4,lda,0.318653409265081
5,2,lda_h1.0_geometric_s1,lda,0.3341606582046324
5,2,lda_h1.0_geometric_s4,lda,0.31876881256925976
5,3,both_h0.0_mean_s1,both,0.34018316018756845
5,3,both_h0.0_mean_s4,both,0.33699025292532725
5,3,both_h0.0_geometric_s1,both,0.3403068047922813
5,3,both_h0.0_geometric_s4,both,0.33699025292532725
5,3,both_h0.25_mean_s1,both,0.32178942372117025
5,3,both_h0.25_mean_s4,both,0.31733595814182125
5,3,both_h0.25_geometric_s1,both,0.320952073579037
5,3,both_h0.25_geometric_s4,both,0.3166170425476791
5,3,both_h0.5_mean_s1,both,0.31824347519087665
5,3,both_h0.5_mean_s4,both,0.3123956270621451
5,3,both_h0.5_geometric_s1,both,0.31755829417706244
5,3,both_h0.5_geometric_s4,both,0.3110593332096183
5,3,both_h0.75_mean_s1,both,0.3164594187637579
5,3,both_h0.75_mean_s4,both,0.3088203198110428
5,3,both_h0.75_geometric_s1,both,0.3162212459449399
5,3,both_h0.75_geometric_s4,both,0.30851418721549273
5,3,both_h1.0_mean_s1,both,0.3056889626798489
5,3,both_h1.0_mean_s4,both,0.30087216393291816
5,3,both_h1.0_geometric_s1,both,0.3065136100731238
5,3,both_h1.0_geometric_s4,both,0.3014866547434874
5,3,logistic_h0.0_mean_s1,logistic,0.34628652111492497
5,3,logistic_h0.0_mean_s4,logistic,0.34582488391015276
5,3,logistic_h0.0_geometric_s1,logistic,0.34628652111492497
5,3,logistic_h0.0_geometric_s4,logistic,0.3454617757039073
5,3,logistic_h0.25_mean_s1,logistic,0.3264512390705166
5,3,logistic_h0.25_mean_s4,logistic,0.3291499080304429
5,3,logistic_h0.25_geometric_s1,logistic,0.32666110161352707
5,3,logistic_h0.25_geometric_s4,logistic,0.32982450095108845
5,3,logistic_h0.5_mean_s1,logistic,0.3214196081571413
5,3,logistic_h0.5_mean_s4,logistic,0.31643626717384216
5,3,logistic_h0.5_geometric_s1,logistic,0.3223741516635944
5,3,logistic_h0.5_geometric_s4,logistic,0.3154123773928366
5,3,logistic_h0.75_mean_s1,logistic,0.3194354317386234
5,3,logistic_h0.75_mean_s4,logistic,0.3102893048869459
5,3,logistic_h0.75_geometric_s1,logistic,0.3200157269693311
5,3,logistic_h0.75_geometric_s4,logistic,0.31090379569751514
5,3,logistic_h1.0_mean_s1,logistic,0.31794013246859376
5,3,logistic_h1.0_mean_s4,logistic,0.3069195370595745
5,3,logistic_h1.0_geometric_s1,logistic,0.3178164878638809
5,3,logistic_h1.0_geometric_s4,logistic,0.3069195370595745
5,3,lda_h0.0_mean_s1,lda,0.334336175429692
5,3,lda_h0.0_mean_s4,lda,0.32934469935538063
5,3,lda_h0.0_geometric_s1,lda,0.334928389663191
5,3,lda_h0.0_geometric_s4,lda,0.32934469935538063
5,3,lda_h0.25_mean_s1,lda,0.318967984362319
5,3,lda_h0.25_mean_s4,lda,0.31549182932257724
5,3,lda_h0.25_geometric_s1,lda,0.3190356908025745
5,3,lda_h0.25_geometric_s4,lda,0.3171411785209461
5,3,lda_h0.5_mean_s1,lda,0.31590709916046206
5,3,lda_h0.5_mean_s4,lda,0.3167862527203021
5,3,lda_h0.5_geometric_s1,lda,0.31630048714054765
5,3,lda_h0.5_geometric_s4,lda,0.31642547193573883
5,3,lda_h0.75_mean_s1,lda,0.31293160111259094
5,3,lda_h0.75_mean_s4,lda,0.31706105824109165
5,3,lda_h0.75_geometric_s1,lda,0.31378555552469267
5,3,lda_h0.75_geometric_s4,lda,0.31696134735706705
5,3,lda_h1.0_mean_s1,lda,0.3084085075256273
5,3,lda_h1.0_mean_s4,lda,0.3114255122445245
5,3,lda_h1.0_geometric_s1,lda,0.30758639084789186
5,3,lda_h1.0_geometric_s4,lda,0.3115481202102698
