participant,recording,timeline,manifest_start_utc,n_valid,n_sensor_rows,n_missing,n_invalid,missing_rate,duration_s,sampling_hz_est,mean,sd,min,q25_approx,median_approx,q75_approx,max,iqr_approx,duplicate_timestamps,nonmonotonic_timestamps,quality_status,quality_reasons
P1,P1,SlowWeb G1,2025-08-08T16:22:37.297000+00:00,11322,11322,0,0,0,754.733334,14.999925,1.29570198,0.220003988,0.954851449,1.1271832,1.26485056,1.43303448,1.88827598,0.305851281,0,0,ok,
P10,P10,SlowWeb G2,2025-08-19T15:19:45.056000+00:00,10660,10660,0,0,0,710.6,14.999925,0.490989229,0.335862929,0.220002964,0.265891328,0.283097789,0.659100264,1.26942015,0.393208936,0,0,ok,
P11,P11,SlowWeb G3,2025-08-19T17:23:26.949000+00:00,10458,10458,0,0,0,697.133334,14.999925,1.2835044,0.399824654,0.760144472,0.966713414,1.12760735,1.60718784,2.18042922,0.640474424,0,0,ok,
P12,P12,SlowWeb G1,2025-08-19T17:59:14.923000+00:00,10323,10323,0,0,0,688.133334,14.999925,0.886215385,0.0985256723,0.586344302,0.829345375,0.886361718,0.922757715,1.11850727,0.0934123397,0,0,ok,
P13,P13,SlowWeb G2,2025-08-19T19:24:28.098000+00:00,11411,11411,0,0,0,760.666667,14.999925,0.848683278,0.476054191,0.387005597,0.447317719,0.590933651,1.21834403,1.91562569,0.771026313,0,0,ok,
P14,P14,SlowWeb G3,2025-08-19T20:12:44.403000+00:00,11482,11482,0,0,0,765.4,14.999925,0.172185197,0.0810250551,0.0837006196,0.0972655993,0.141745493,0.256200984,0.307911485,0.158935385,0,0,ok,
P15,P15,SlowWeb G4,2025-08-19T21:18:32.367000+00:00,10567,10567,0,0,0,704.4,14.999925,2.35214106,0.180202289,2.10157371,2.23521793,2.33590913,2.41212004,3.381145,0.176902115,0,0,ok,
P16,P16,SlowWeb G4,2025-08-19T22:29:41.942000+00:00,10357,10357,0,0,0,690.4,14.999925,1.30006621,0.319577796,0.736874402,1.09738091,1.30568987,1.5450457,1.96144438,0.447664797,0,0,ok,
P17,P17,SlowWeb G3,2025-08-20T12:21:26.433000+00:00,12513,12513,0,0,0,834.133334,14.999925,0.219890073,0.0179013952,0.193806246,0.206682712,0.215273462,0.234966848,0.262857169,0.0282841362,0,0,ok,
P18,P18,SlowWeb G2,2025-08-20T12:54:16.235000+00:00,10137,10137,0,0,0,675.733334,14.999925,0.787056256,0.171631489,0.403579146,0.714437097,0.823542178,0.895834506,1.22874618,0.181397408,0,0,ok,
P19,P19,SlowWeb G3,2025-08-20T15:19:07.399000+00:00,10735,10735,0,0,0,715.6,14.999925,2.2908114,0.481683576,1.61038029,2.14445823,2.22274089,2.35323,4.30668497,0.208771765,0,0,ok,
P2,P2,SlowWeb G2,2025-08-08T17:24:10.123000+00:00,13277,13277,0,0,0,885.066667,14.999925,3.53104478,0.866792036,1.66989672,2.90917826,3.44634223,4.31199491,5.9039197,1.40281665,0,0,ok,
P20,P20,SlowWeb G4,2025-08-20T17:15:02.851000+00:00,13591,13591,0,0,0,906,14.999925,4.26828431,1.26179834,1.72639894,3.65559083,4.46644807,5.14577651,7.47743893,1.49018568,0,0,ok,
P21,P21,SlowWeb G3,2025-08-20T18:14:06.184000+00:00,11671,11671,0,0,0,778,14.999925,1.38089337,0.144011887,1.15843332,1.27467343,1.32073063,1.48636276,1.75356328,0.211689323,0,0,ok,
P22,P22,SlowWeb G4,2025-08-20T19:55:56.361000+00:00,10928,10928,0,0,0,728.466667,14.999925,6.304883,0.948577528,3.88458562,5.99394262,6.4325335,6.99118876,8.34471512,0.997246146,0,0,ok,
P23,P23,SlowWeb G1,2025-08-20T21:44:15.962000+00:00,9514,9514,0,0,0,634.2,14.999925,1.58595391,0.435480731,1.0947541,1.25581321,1.37001127,1.91703278,2.61907864,0.661219567,0,0,ok,
P24,P24,SlowWeb G1,2025-08-21T14:30:17.387000+00:00,11166,11166,0,0,0,744.333334,14.999925,1.71086913,0.334256621,0.978340387,1.55086857,1.75970942,1.9196808,2.70546627,0.368812233,0,0,ok,
P25,P25,SlowWeb G1,2025-08-21T15:27:20.311000+00:00,12908,12908,0,0,0,860.466667,14.999925,11.6543523,1.28198237,8.56435966,10.9752266,11.7918596,12.4281702,14.8157635,1.45294356,0,0,ok,
P26,P26,SlowWeb G2,2025-08-21T18:49:35.752000+00:00,10991,10991,0,0,0,732.666667,14.999925,1.80463833,0.174332773,1.53336346,1.62859356,1.81885225,1.9382959,2.23252583,0.309702337,0,0,ok,
P27,P27,SlowWeb G1,2025-08-25T16:46:31.191000+00:00,10337,10337,0,0,0,689.066667,14.999925,0.847280795,0.181069744,0.500079334,0.748834684,0.8267712,0.977395996,1.31099629,0.228561312,0,0,ok,
P28,P28,SlowWeb G3,2025-08-25T17:38:31.120000+00:00,9607,9607,0,0,0,640.4,14.999925,7.10332894,0.745238395,4.91364813,6.5544076,7.18165541,7.66472268,8.52862263,1.11031508,0,0,ok,
P29,P29,SlowWeb G3,2025-08-26T14:25:47.650000+00:00,10389,10389,0,0,0,692.533333,14.999925,1.49964851,0.270391712,0.995062232,1.33848649,1.44885546,1.64511561,2.34765244,0.306629121,0,0,ok,
P3,P3,SlowWeb G3,2025-08-08T19:18:41.654000+00:00,10520,10520,0,0,0,701.266667,14.999925,1.71992846,0.196146263,1.41986001,1.55808511,1.64920789,1.90802619,2.10210943,0.349941075,0,0,ok,
P30,P30,SlowWeb G4,2025-08-26T15:46:25.593000+00:00,12206,12206,0,0,0,813.666666,14.999925,0.971865068,0.148218724,0.68628788,0.864471495,0.986799061,1.10140461,1.34150279,0.236933112,0,0,ok,
P31,P31,SlowWeb G2,2025-08-26T19:39:52.575000+00:00,12022,12022,0,0,0,801.4,14.999925,0.956267799,0.117130446,0.797787786,0.852175102,0.935461551,1.03207982,1.27716756,0.179904714,0,0,ok,
P32,P32,SlowWeb G1,2025-08-26T21:18:18.400000+00:00,11046,11046,0,0,0,736.333334,14.999925,1.33571449,0.189944273,0.980325997,1.18884113,1.32521081,1.49050382,1.82080925,0.301662683,0,0,ok,
P33,P33,SlowWeb G3,2025-08-27T13:32:13.082000+00:00,10832,10832,0,0,0,722.066667,14.999925,2.05302237,0.571385862,1.0398494,1.60749826,2.0514909,2.32636589,3.52859092,0.71886763,0,0,ok,
P34,P34,SlowWeb G2,2025-08-27T15:42:11.560000+00:00,11318,11318,0,0,0,754.466666,14.999925,0.131625929,0.00834757829,0.123543002,0.124544986,0.128096506,0.137076657,0.148963302,0.0125316717,0,0,ok,
P35,P35,SlowWeb G4,2025-08-27T16:16:07.732000+00:00,11415,11415,0,0,0,760.933333,14.999925,3.31724237,0.610279738,2.52119613,2.7507962,3.19929731,3.80058241,5.17609453,1.04978621,0,0,ok,
P36,P36,SlowWeb G2,2025-08-27T16:46:21.134000+00:00,10852,10852,0,0,0,723.4,14.999925,2.51942539,0.47129341,1.69832337,2.1894061,2.47988999,2.8067311,3.73130369,0.617325008,0,0,ok,
P37,P37,SlowWeb G2,2025-08-27T17:21:17.835000+00:00,11450,11450,0,0,0,763.266666,14.999925,2.98190133,0.372115891,2.17316079,2.68522447,3.09098017,3.24327421,3.66388965,0.558049738,0,0,ok,
P38,P38,SlowWeb G4,2025-08-27T18:05:07.891000+00:00,14601,14601,0,0,0,973.662997,14.999925,1.42837645,0.359804048,0.733883023,1.22107589,1.42353505,1.6653161,2.33853316,0.444240212,0,0,ok,
P39,P39,SlowWeb G1,2025-08-28T18:43:55.743000+00:00,10613,10613,0,0,0,707.466667,14.999925,1.3161204,0.181219073,1.11109185,1.18136236,1.25085849,1.37636477,1.82105291,0.195002407,0,0,ok,
P4,P4,SlowWeb G2,2025-08-12T14:53:49.865000+00:00,2040,2040,0,0,0,135.933334,14.999925,0.933071768,0.0329211335,0.866459489,0.91108124,0.933663428,0.954522595,1.00736952,0.0434413552,0,0,ok,
P40,P40,SlowWeb G3,2025-08-29T13:42:23.179000+00:00,10371,10371,0,0,0,691.333333,14.999925,1.9405428,0.271147228,1.2920953,1.72861615,1.94003624,2.16224688,2.41971254,0.433630735,0,0,ok,
P41,P41,SlowWeb G4,2025-08-29T14:29:42.173000+00:00,11151,11151,0,0,0,743.333333,14.999925,0.562405708,0.1855014,0.437129319,0.446438551,0.464423522,0.605014563,1.09241879,0.158576012,0,0,ok,
P43,P43,SlowWeb G2,2025-08-29T19:55:39.498000+00:00,13189,13189,0,0,0,879.2,14.999925,2.78010112,0.71366049,1.41494632,2.17982227,2.88237739,3.27098691,4.46412277,1.09116465,0,0,ok,
P44,P44,SlowWeb G1,2025-08-30T14:26:49.958000+00:00,11568,11568,0,0,0,771.804055,14.999925,0.102461091,0.0167708832,0.0881337672,0.0912419185,0.0939064845,0.114240622,0.160581887,0.0229987036,0,0,ok,
P45,P45,SlowWeb G3,2025-08-30T15:16:17.697000+00:00,11489,11489,0,0,0,766.233429,14.999925,1.80725111,0.269638046,1.39518321,1.59820402,1.77875328,1.96014169,2.83759284,0.361937672,0,0,ok,
P46,P46,SlowWeb G4,2025-08-30T15:52:11.188000+00:00,12074,12074,0,0,0,804.866667,14.999925,7.5595006,1.11914836,5.85049629,6.56478417,7.43993568,8.35102654,10.5297213,1.78624237,0,0,ok,
P47,P47,SlowWeb G2,2025-08-30T16:57:55.394000+00:00,14615,14615,0,0,0,974.266667,14.999925,0.272640797,0.0440798214,0.120964929,0.262831509,0.292366236,0.301682197,0.308346033,0.0388506874,0,0,ok,
P48,P48,SlowWeb G1,2025-08-30T18:17:25.775000+00:00,12313,12313,0,0,0,820.8,14.999925,1.39264477,0.173637102,0.946386695,1.27784947,1.41320217,1.52016404,1.79005897,0.242314577,0,0,ok,
P5,P5,SlowWeb G1,2025-08-12T16:09:33.654000+00:00,10319,10319,0,0,0,687.866667,14.999925,1.67392594,0.515429529,0.714467347,1.28323632,1.61505413,2.05314171,2.95480418,0.769905388,0,0,ok,
P6,P6,SlowWeb G3,2025-08-18T16:23:58.371000+00:00,13625,13625,0,0,0,908.266666,14.999925,7.80364165,0.647433277,6.69347572,7.17744172,7.87876558,8.4303875,8.95721531,1.25294578,0,0,ok,
P8,P8,SlowWeb G4,2025-08-18T22:11:35.099000+00:00,13380,13380,0,0,0,891.933334,14.999925,8.8002313,0.555046829,7.74443436,8.41470075,8.6628356,9.17294145,10.559701,0.7582407,0,0,ok,
P9,P9,SlowWeb G1,2025-08-18T23:09:25.535000+00:00,11278,11278,0,0,0,751.8,14.999925,2.61218062,0.842770573,1.11427951,2.01316345,2.63074863,3.27959609,4.51025295,1.26643264,0,0,ok,
Test_Participant,test,SlowWeb G1,2025-08-07T18:45:41.644000+00:00,11776,11776,0,0,0,785,14.999925,2.15516487,0.479700422,0.505748272,1.88880178,2.33025742,2.53059101,2.7910738,0.641789228,0,0,ok,
