task,kind,model,feature,importance
attention_primary,regression,ridge,eeg_rms_uv,0.090273749
attention_primary,regression,ridge,eeg_std_uv,0.18779488
attention_primary,regression,ridge,eeg_peak_to_peak_uv,0.098419659
attention_primary,regression,ridge,eeg_delta_relative,0.34860584
attention_primary,regression,ridge,eeg_theta_relative,0.14024959
attention_primary,regression,ridge,eeg_alpha_relative,0.075764921
attention_primary,regression,ridge,eeg_beta_relative,0.17704637
attention_primary,regression,ridge,eeg_gamma_relative,0.038320751
attention_primary,regression,ridge,eeg_line_noise_ratio,0.027708413
attention_primary,regression,ridge,gsr_mean_z,0.065125787
attention_primary,regression,ridge,gsr_std_z,0.019434041
attention_primary,regression,ridge,gsr_min_z,0.21671405
attention_primary,regression,ridge,gsr_max_z,0.094546039
attention_primary,regression,ridge,gsr_tonic_mean_z,0.065786591
attention_primary,regression,ridge,gsr_phasic_mean_z,0.0026217747
attention_primary,regression,ridge,gsr_slope_z_s,0.028546337
attention_primary,regression,ridge,gsr_scr_count,0.0087720278
attention_primary,regression,ridge,gsr_scr_mean_prominence_z,0.0073606284
attention_primary,regression,ridge,missingindicator_gsr_mean_z,0.00069640849
attention_primary,regression,ridge,missingindicator_gsr_std_z,0.00069640849
attention_primary,regression,ridge,missingindicator_gsr_min_z,0.00069640849
attention_primary,regression,ridge,missingindicator_gsr_max_z,0.00069640849
attention_primary,regression,ridge,missingindicator_gsr_tonic_mean_z,0.00069640849
attention_primary,regression,ridge,missingindicator_gsr_phasic_mean_z,0.00069640849
attention_primary,regression,ridge,missingindicator_gsr_slope_z_s,0.00069640849
attention_primary,regression,random_forest,eeg_rms_uv,0.077778464
attention_primary,regression,random_forest,eeg_std_uv,0.061972532
attention_primary,regression,random_forest,eeg_peak_to_peak_uv,0.071106678
attention_primary,regression,random_forest,eeg_delta_relative,0.046126066
attention_primary,regression,random_forest,eeg_theta_relative,0.060643664
attention_primary,regression,random_forest,eeg_alpha_relative,0.058609107
attention_primary,regression,random_forest,eeg_beta_relative,0.052560652
attention_primary,regression,random_forest,eeg_gamma_relative,0.059818061
attention_primary,regression,random_forest,eeg_line_noise_ratio,0.086021323
attention_primary,regression,random_forest,gsr_mean_z,0.038501133
attention_primary,regression,random_forest,gsr_std_z,0.058175992
attention_primary,regression,random_forest,gsr_min_z,0.060140087
attention_primary,regression,random_forest,gsr_max_z,0.05804384
attention_primary,regression,random_forest,gsr_tonic_mean_z,0.078224314
attention_primary,regression,random_forest,gsr_phasic_mean_z,0.074502905
attention_primary,regression,random_forest,gsr_slope_z_s,0.056626694
attention_primary,regression,random_forest,gsr_scr_count,8.3782824e-05
attention_primary,regression,random_forest,gsr_scr_mean_prominence_z,0.00078250653
attention_primary,regression,random_forest,missingindicator_gsr_mean_z,3.6573193e-05
attention_primary,regression,random_forest,missingindicator_gsr_std_z,3.5840382e-05
attention_primary,regression,random_forest,missingindicator_gsr_min_z,2.4360537e-05
attention_primary,regression,random_forest,missingindicator_gsr_max_z,5.6535005e-05
attention_primary,regression,random_forest,missingindicator_gsr_tonic_mean_z,4.2085384e-05
attention_primary,regression,random_forest,missingindicator_gsr_phasic_mean_z,3.3947354e-05
attention_primary,regression,random_forest,missingindicator_gsr_slope_z_s,5.2857547e-05
attention_primary,classification,logistic,eeg_rms_uv,0.066443522
attention_primary,classification,logistic,eeg_std_uv,0.19928655
attention_primary,classification,logistic,eeg_peak_to_peak_uv,0.15382377
attention_primary,classification,logistic,eeg_delta_relative,0.015092818
attention_primary,classification,logistic,eeg_theta_relative,0.018018721
attention_primary,classification,logistic,eeg_alpha_relative,0.016195954
attention_primary,classification,logistic,eeg_beta_relative,0.035023643
attention_primary,classification,logistic,eeg_gamma_relative,0.033097391
attention_primary,classification,logistic,eeg_line_noise_ratio,0.024273301
attention_primary,classification,logistic,gsr_mean_z,0.018624937
attention_primary,classification,logistic,gsr_std_z,0.031374139
attention_primary,classification,logistic,gsr_min_z,0.038607066
attention_primary,classification,logistic,gsr_max_z,0.013253171
attention_primary,classification,logistic,gsr_tonic_mean_z,0.019562835
attention_primary,classification,logistic,gsr_phasic_mean_z,0.007920623
attention_primary,classification,logistic,gsr_slope_z_s,0.024149922
attention_primary,classification,logistic,gsr_scr_count,0.015436078
attention_primary,classification,logistic,gsr_scr_mean_prominence_z,0.009749395
attention_primary,classification,logistic,missingindicator_gsr_mean_z,0.0012316384
attention_primary,classification,logistic,missingindicator_gsr_std_z,0.0012316384
attention_primary,classification,logistic,missingindicator_gsr_min_z,0.0012316384
attention_primary,classification,logistic,missingindicator_gsr_max_z,0.0012316384
attention_primary,classification,logistic,missingindicator_gsr_tonic_mean_z,0.0012316384
attention_primary,classification,logistic,missingindicator_gsr_phasic_mean_z,0.0012316384
attention_primary,classification,logistic,missingindicator_gsr_slope_z_s,0.0012316384
attention_primary,classification,random_forest,eeg_rms_uv,0.0681025
attention_primary,classification,random_forest,eeg_std_uv,0.065419774
attention_primary,classification,random_forest,eeg_peak_to_peak_uv,0.066427186
attention_primary,classification,random_forest,eeg_delta_relative,0.056868962
attention_primary,classification,random_forest,eeg_theta_relative,0.062107285
attention_primary,classification,random_forest,eeg_alpha_relative,0.059003271
attention_primary,classification,random_forest,eeg_beta_relative,0.058611529
attention_primary,classification,random_forest,eeg_gamma_relative,0.060573645
attention_primary,classification,random_forest,eeg_line_noise_ratio,0.06756733
attention_primary,classification,random_forest,gsr_mean_z,0.059492427
attention_primary,classification,random_forest,gsr_std_z,0.059294017
attention_primary,classification,random_forest,gsr_min_z,0.063212856
attention_primary,classification,random_forest,gsr_max_z,0.061296395
attention_primary,classification,random_forest,gsr_tonic_mean_z,0.0656252
attention_primary,classification,random_forest,gsr_phasic_mean_z,0.064600692
attention_primary,classification,random_forest,gsr_slope_z_s,0.059169044
attention_primary,classification,random_forest,gsr_scr_count,0.00052076509
attention_primary,classification,random_forest,gsr_scr_mean_prominence_z,0.00093605057
attention_primary,classification,random_forest,missingindicator_gsr_mean_z,0.00018821709
attention_primary,classification,random_forest,missingindicator_gsr_std_z,0.00016869788
attention_primary,classification,random_forest,missingindicator_gsr_min_z,0.0001664997
attention_primary,classification,random_forest,missingindicator_gsr_max_z,0.00015674958
attention_primary,classification,random_forest,missingindicator_gsr_tonic_mean_z,0.00015297058
attention_primary,classification,random_forest,missingindicator_gsr_phasic_mean_z,0.00013475536
attention_primary,classification,random_forest,missingindicator_gsr_slope_z_s,0.0002031804
attention_pca_sensitivity,regression,ridge,eeg_rms_uv,0.0085007492
attention_pca_sensitivity,regression,ridge,eeg_std_uv,0.035726312
attention_pca_sensitivity,regression,ridge,eeg_peak_to_peak_uv,0.020193804
attention_pca_sensitivity,regression,ridge,eeg_delta_relative,0.099510919
attention_pca_sensitivity,regression,ridge,eeg_theta_relative,0.045373387
attention_pca_sensitivity,regression,ridge,eeg_alpha_relative,0.02899337
attention_pca_sensitivity,regression,ridge,eeg_beta_relative,0.067131686
attention_pca_sensitivity,regression,ridge,eeg_gamma_relative,0.0064968614
attention_pca_sensitivity,regression,ridge,eeg_line_noise_ratio,0.0010576052
attention_pca_sensitivity,regression,ridge,gsr_mean_z,0.067290793
attention_pca_sensitivity,regression,ridge,gsr_std_z,0.018393853
attention_pca_sensitivity,regression,ridge,gsr_min_z,0.18855579
attention_pca_sensitivity,regression,ridge,gsr_max_z,0.036140153
attention_pca_sensitivity,regression,ridge,gsr_tonic_mean_z,0.068272047
attention_pca_sensitivity,regression,ridge,gsr_phasic_mean_z,0.00051507157
attention_pca_sensitivity,regression,ridge,gsr_slope_z_s,0.024126146
attention_pca_sensitivity,regression,ridge,gsr_scr_count,0.0048691668
attention_pca_sensitivity,regression,ridge,gsr_scr_mean_prominence_z,0.0089560287
attention_pca_sensitivity,regression,ridge,missingindicator_gsr_mean_z,0.0005373873
attention_pca_sensitivity,regression,ridge,missingindicator_gsr_std_z,0.0005373873
attention_pca_sensitivity,regression,ridge,missingindicator_gsr_min_z,0.0005373873
attention_pca_sensitivity,regression,ridge,missingindicator_gsr_max_z,0.0005373873
attention_pca_sensitivity,regression,ridge,missingindicator_gsr_tonic_mean_z,0.0005373873
attention_pca_sensitivity,regression,ridge,missingindicator_gsr_phasic_mean_z,0.0005373873
attention_pca_sensitivity,regression,ridge,missingindicator_gsr_slope_z_s,0.0005373873
attention_pca_sensitivity,regression,random_forest,eeg_rms_uv,0.072276465
attention_pca_sensitivity,regression,random_forest,eeg_std_uv,0.063284776
attention_pca_sensitivity,regression,random_forest,eeg_peak_to_peak_uv,0.066640721
attention_pca_sensitivity,regression,random_forest,eeg_delta_relative,0.050230959
attention_pca_sensitivity,regression,random_forest,eeg_theta_relative,0.069581209
attention_pca_sensitivity,regression,random_forest,eeg_alpha_relative,0.066252382
attention_pca_sensitivity,regression,random_forest,eeg_beta_relative,0.056696294
attention_pca_sensitivity,regression,random_forest,eeg_gamma_relative,0.066153595
attention_pca_sensitivity,regression,random_forest,eeg_line_noise_ratio,0.088044204
attention_pca_sensitivity,regression,random_forest,gsr_mean_z,0.033572329
attention_pca_sensitivity,regression,random_forest,gsr_std_z,0.065933531
attention_pca_sensitivity,regression,random_forest,gsr_min_z,0.044245556
attention_pca_sensitivity,regression,random_forest,gsr_max_z,0.049273396
attention_pca_sensitivity,regression,random_forest,gsr_tonic_mean_z,0.061937315
attention_pca_sensitivity,regression,random_forest,gsr_phasic_mean_z,0.081397154
attention_pca_sensitivity,regression,random_forest,gsr_slope_z_s,0.063058273
attention_pca_sensitivity,regression,random_forest,gsr_scr_count,9.3581535e-05
attention_pca_sensitivity,regression,random_forest,gsr_scr_mean_prominence_z,0.00090508727
attention_pca_sensitivity,regression,random_forest,missingindicator_gsr_mean_z,0.00012283438
attention_pca_sensitivity,regression,random_forest,missingindicator_gsr_std_z,7.5550946e-05
attention_pca_sensitivity,regression,random_forest,missingindicator_gsr_min_z,4.1915761e-05
attention_pca_sensitivity,regression,random_forest,missingindicator_gsr_max_z,6.9812045e-05
attention_pca_sensitivity,regression,random_forest,missingindicator_gsr_tonic_mean_z,2.0419017e-05
attention_pca_sensitivity,regression,random_forest,missingindicator_gsr_phasic_mean_z,5.3634966e-05
attention_pca_sensitivity,regression,random_forest,missingindicator_gsr_slope_z_s,3.9004641e-05
attention_pca_sensitivity,classification,logistic,eeg_rms_uv,0.033944186
attention_pca_sensitivity,classification,logistic,eeg_std_uv,0.13513997
attention_pca_sensitivity,classification,logistic,eeg_peak_to_peak_uv,0.11989623
attention_pca_sensitivity,classification,logistic,eeg_delta_relative,0.0070513162
attention_pca_sensitivity,classification,logistic,eeg_theta_relative,0.0099987516
attention_pca_sensitivity,classification,logistic,eeg_alpha_relative,0.0014186507
attention_pca_sensitivity,classification,logistic,eeg_beta_relative,0.030689463
attention_pca_sensitivity,classification,logistic,eeg_gamma_relative,0.023887454
attention_pca_sensitivity,classification,logistic,eeg_line_noise_ratio,0.0041119157
attention_pca_sensitivity,classification,logistic,gsr_mean_z,0.0018136518
attention_pca_sensitivity,classification,logistic,gsr_std_z,0.015121778
attention_pca_sensitivity,classification,logistic,gsr_min_z,0.014562437
attention_pca_sensitivity,classification,logistic,gsr_max_z,0.03085973
attention_pca_sensitivity,classification,logistic,gsr_tonic_mean_z,0.0019327477
attention_pca_sensitivity,classification,logistic,gsr_phasic_mean_z,0.0027926385
attention_pca_sensitivity,classification,logistic,gsr_slope_z_s,0.018835891
attention_pca_sensitivity,classification,logistic,gsr_scr_count,0.014120889
attention_pca_sensitivity,classification,logistic,gsr_scr_mean_prominence_z,0.029270113
attention_pca_sensitivity,classification,logistic,missingindicator_gsr_mean_z,0.00093919248
attention_pca_sensitivity,classification,logistic,missingindicator_gsr_std_z,0.00093919248
attention_pca_sensitivity,classification,logistic,missingindicator_gsr_min_z,0.00093919248
attention_pca_sensitivity,classification,logistic,missingindicator_gsr_max_z,0.00093919248
attention_pca_sensitivity,classification,logistic,missingindicator_gsr_tonic_mean_z,0.00093919248
attention_pca_sensitivity,classification,logistic,missingindicator_gsr_phasic_mean_z,0.00093919248
attention_pca_sensitivity,classification,logistic,missingindicator_gsr_slope_z_s,0.00093919248
attention_pca_sensitivity,classification,random_forest,eeg_rms_uv,0.065567699
attention_pca_sensitivity,classification,random_forest,eeg_std_uv,0.064060365
attention_pca_sensitivity,classification,random_forest,eeg_peak_to_peak_uv,0.063342643
attention_pca_sensitivity,classification,random_forest,eeg_delta_relative,0.059706739
attention_pca_sensitivity,classification,random_forest,eeg_theta_relative,0.064233091
attention_pca_sensitivity,classification,random_forest,eeg_alpha_relative,0.06282847
attention_pca_sensitivity,classification,random_forest,eeg_beta_relative,0.061276384
attention_pca_sensitivity,classification,random_forest,eeg_gamma_relative,0.062330781
attention_pca_sensitivity,classification,random_forest,eeg_line_noise_ratio,0.06995057
attention_pca_sensitivity,classification,random_forest,gsr_mean_z,0.056373126
attention_pca_sensitivity,classification,random_forest,gsr_std_z,0.062132351
attention_pca_sensitivity,classification,random_forest,gsr_min_z,0.056868793
attention_pca_sensitivity,classification,random_forest,gsr_max_z,0.057768789
attention_pca_sensitivity,classification,random_forest,gsr_tonic_mean_z,0.062037318
attention_pca_sensitivity,classification,random_forest,gsr_phasic_mean_z,0.068020456
attention_pca_sensitivity,classification,random_forest,gsr_slope_z_s,0.060080886
attention_pca_sensitivity,classification,random_forest,gsr_scr_count,0.00052353304
attention_pca_sensitivity,classification,random_forest,gsr_scr_mean_prominence_z,0.0015671223
attention_pca_sensitivity,classification,random_forest,missingindicator_gsr_mean_z,0.00018562115
attention_pca_sensitivity,classification,random_forest,missingindicator_gsr_std_z,0.00018264141
attention_pca_sensitivity,classification,random_forest,missingindicator_gsr_min_z,0.00019754028
attention_pca_sensitivity,classification,random_forest,missingindicator_gsr_max_z,0.00020884084
attention_pca_sensitivity,classification,random_forest,missingindicator_gsr_tonic_mean_z,0.00016909411
attention_pca_sensitivity,classification,random_forest,missingindicator_gsr_phasic_mean_z,0.00020627373
attention_pca_sensitivity,classification,random_forest,missingindicator_gsr_slope_z_s,0.00018087146
arousal_primary_6s,regression,ridge,eeg_rms_uv,0.031887963
arousal_primary_6s,regression,ridge,eeg_std_uv,0.062162189
arousal_primary_6s,regression,ridge,eeg_peak_to_peak_uv,0.014485345
arousal_primary_6s,regression,ridge,eeg_delta_relative,0.046719378
arousal_primary_6s,regression,ridge,eeg_theta_relative,0.047846476
arousal_primary_6s,regression,ridge,eeg_alpha_relative,0.024301743
arousal_primary_6s,regression,ridge,eeg_beta_relative,0.074074333
arousal_primary_6s,regression,ridge,eeg_gamma_relative,0.064179281
arousal_primary_6s,regression,ridge,eeg_line_noise_ratio,0.0064105658
arousal_primary_6s,regression,ridge,gaze_dispersion_x_px,0.00054735309
arousal_primary_6s,regression,ridge,gaze_dispersion_y_px,0.011511562
arousal_primary_6s,regression,ridge,gaze_dispersion_2d_px,0.0076119567
arousal_primary_6s,regression,ridge,gaze_path_length_px,0.018137997
arousal_primary_6s,regression,ridge,fixation_count,0.020192859
arousal_primary_6s,regression,ridge,fixation_total_ms,0.00040285461
arousal_primary_6s,regression,ridge,fixation_mean_ms,0.031643923
arousal_primary_6s,regression,ridge,fixation_median_ms,0.0055895058
arousal_primary_6s,regression,ridge,saccade_count,0.010932547
arousal_primary_6s,regression,ridge,saccade_mean_ms,0.0073137127
arousal_primary_6s,regression,ridge,pupil_both_valid_fraction,0.0069230615
arousal_primary_6s,regression,ridge,pupil_mean_z,0.035487299
arousal_primary_6s,regression,ridge,pupil_std_z,0.063219845
arousal_primary_6s,regression,ridge,pupil_min_z,0.041918077
arousal_primary_6s,regression,ridge,pupil_max_z,0.085749809
arousal_primary_6s,regression,ridge,pupil_slope_z_s,0.010209104
arousal_primary_6s,regression,ridge,missingindicator_gaze_dispersion_x_px,0.0016902385
arousal_primary_6s,regression,ridge,missingindicator_gaze_dispersion_y_px,0.0016902385
arousal_primary_6s,regression,ridge,missingindicator_gaze_dispersion_2d_px,0.0016902385
arousal_primary_6s,regression,ridge,missingindicator_gaze_path_length_px,0.0026169733
arousal_primary_6s,regression,ridge,missingindicator_fixation_mean_ms,0.0049378107
arousal_primary_6s,regression,ridge,missingindicator_fixation_median_ms,0.0049378107
arousal_primary_6s,regression,ridge,missingindicator_saccade_mean_ms,0.021376776
arousal_primary_6s,regression,ridge,missingindicator_pupil_mean_z,0.0010725888
arousal_primary_6s,regression,ridge,missingindicator_pupil_std_z,0.0010725888
arousal_primary_6s,regression,ridge,missingindicator_pupil_min_z,0.0010725888
arousal_primary_6s,regression,ridge,missingindicator_pupil_max_z,0.0010725888
arousal_primary_6s,regression,ridge,missingindicator_pupil_slope_z_s,0.0010725888
arousal_primary_6s,regression,random_forest,eeg_rms_uv,0.067507056
arousal_primary_6s,regression,random_forest,eeg_std_uv,0.048861036
arousal_primary_6s,regression,random_forest,eeg_peak_to_peak_uv,0.047087396
arousal_primary_6s,regression,random_forest,eeg_delta_relative,0.03055145
arousal_primary_6s,regression,random_forest,eeg_theta_relative,0.046506076
arousal_primary_6s,regression,random_forest,eeg_alpha_relative,0.036037375
arousal_primary_6s,regression,random_forest,eeg_beta_relative,0.040147553
arousal_primary_6s,regression,random_forest,eeg_gamma_relative,0.03768545
arousal_primary_6s,regression,random_forest,eeg_line_noise_ratio,0.055073822
arousal_primary_6s,regression,random_forest,gaze_dispersion_x_px,0.04188501
arousal_primary_6s,regression,random_forest,gaze_dispersion_y_px,0.044548031
arousal_primary_6s,regression,random_forest,gaze_dispersion_2d_px,0.031920416
arousal_primary_6s,regression,random_forest,gaze_path_length_px,0.042247875
arousal_primary_6s,regression,random_forest,fixation_count,0.0089549903
arousal_primary_6s,regression,random_forest,fixation_total_ms,0.037884642
arousal_primary_6s,regression,random_forest,fixation_mean_ms,0.039361667
arousal_primary_6s,regression,random_forest,fixation_median_ms,0.029503258
arousal_primary_6s,regression,random_forest,saccade_count,0.012814057
arousal_primary_6s,regression,random_forest,saccade_mean_ms,0.04019851
arousal_primary_6s,regression,random_forest,pupil_both_valid_fraction,0.046639614
arousal_primary_6s,regression,random_forest,pupil_mean_z,0.04184434
arousal_primary_6s,regression,random_forest,pupil_std_z,0.041506495
arousal_primary_6s,regression,random_forest,pupil_min_z,0.04613349
arousal_primary_6s,regression,random_forest,pupil_max_z,0.041978961
arousal_primary_6s,regression,random_forest,pupil_slope_z_s,0.043084116
arousal_primary_6s,regression,random_forest,missingindicator_gaze_dispersion_x_px,0
arousal_primary_6s,regression,random_forest,missingindicator_gaze_dispersion_y_px,2.0370297e-08
arousal_primary_6s,regression,random_forest,missingindicator_gaze_dispersion_2d_px,1.0655846e-06
arousal_primary_6s,regression,random_forest,missingindicator_gaze_path_length_px,8.9795721e-07
arousal_primary_6s,regression,random_forest,missingindicator_fixation_mean_ms,0
arousal_primary_6s,regression,random_forest,missingindicator_fixation_median_ms,0
arousal_primary_6s,regression,random_forest,missingindicator_saccade_mean_ms,3.5069324e-05
arousal_primary_6s,regression,random_forest,missingindicator_pupil_mean_z,1.2591711e-07
arousal_primary_6s,regression,random_forest,missingindicator_pupil_std_z,0
arousal_primary_6s,regression,random_forest,missingindicator_pupil_min_z,0
arousal_primary_6s,regression,random_forest,missingindicator_pupil_max_z,1.3528514e-07
arousal_primary_6s,regression,random_forest,missingindicator_pupil_slope_z_s,0
arousal_primary_6s,classification,logistic,eeg_rms_uv,0.046286713
arousal_primary_6s,classification,logistic,eeg_std_uv,0.038041377
arousal_primary_6s,classification,logistic,eeg_peak_to_peak_uv,0.028612198
arousal_primary_6s,classification,logistic,eeg_delta_relative,0.020216354
arousal_primary_6s,classification,logistic,eeg_theta_relative,0.061516354
arousal_primary_6s,classification,logistic,eeg_alpha_relative,0.044177101
arousal_primary_6s,classification,logistic,eeg_beta_relative,0.1136486
arousal_primary_6s,classification,logistic,eeg_gamma_relative,0.12365677
arousal_primary_6s,classification,logistic,eeg_line_noise_ratio,0.0088297247
arousal_primary_6s,classification,logistic,gaze_dispersion_x_px,0.037151196
arousal_primary_6s,classification,logistic,gaze_dispersion_y_px,0.01638066
arousal_primary_6s,classification,logistic,gaze_dispersion_2d_px,0.043591343
arousal_primary_6s,classification,logistic,gaze_path_length_px,0.030450741
arousal_primary_6s,classification,logistic,fixation_count,0.0084486395
arousal_primary_6s,classification,logistic,fixation_total_ms,0.028073006
arousal_primary_6s,classification,logistic,fixation_mean_ms,0.019175404
arousal_primary_6s,classification,logistic,fixation_median_ms,0.037657886
arousal_primary_6s,classification,logistic,saccade_count,0.03304729
arousal_primary_6s,classification,logistic,saccade_mean_ms,0.023035502
arousal_primary_6s,classification,logistic,pupil_both_valid_fraction,0.021336762
arousal_primary_6s,classification,logistic,pupil_mean_z,0.045681221
arousal_primary_6s,classification,logistic,pupil_std_z,0.054655748
arousal_primary_6s,classification,logistic,pupil_min_z,0.026555027
arousal_primary_6s,classification,logistic,pupil_max_z,0.069096303
arousal_primary_6s,classification,logistic,pupil_slope_z_s,0.014161728
arousal_primary_6s,classification,logistic,missingindicator_gaze_dispersion_x_px,0.028470744
arousal_primary_6s,classification,logistic,missingindicator_gaze_dispersion_y_px,0.028470744
arousal_primary_6s,classification,logistic,missingindicator_gaze_dispersion_2d_px,0.028470744
arousal_primary_6s,classification,logistic,missingindicator_gaze_path_length_px,0.085772681
arousal_primary_6s,classification,logistic,missingindicator_fixation_mean_ms,0.01652159
arousal_primary_6s,classification,logistic,missingindicator_fixation_median_ms,0.01652159
arousal_primary_6s,classification,logistic,missingindicator_saccade_mean_ms,0.050193548
arousal_primary_6s,classification,logistic,missingindicator_pupil_mean_z,0.027108592
arousal_primary_6s,classification,logistic,missingindicator_pupil_std_z,0.027108592
arousal_primary_6s,classification,logistic,missingindicator_pupil_min_z,0.027108592
arousal_primary_6s,classification,logistic,missingindicator_pupil_max_z,0.027108592
arousal_primary_6s,classification,logistic,missingindicator_pupil_slope_z_s,0.027108592
arousal_primary_6s,classification,random_forest,eeg_rms_uv,0.069700211
arousal_primary_6s,classification,random_forest,eeg_std_uv,0.054560284
arousal_primary_6s,classification,random_forest,eeg_peak_to_peak_uv,0.051547164
arousal_primary_6s,classification,random_forest,eeg_delta_relative,0.03875221
arousal_primary_6s,classification,random_forest,eeg_theta_relative,0.040405456
arousal_primary_6s,classification,random_forest,eeg_alpha_relative,0.037539395
arousal_primary_6s,classification,random_forest,eeg_beta_relative,0.040671897
arousal_primary_6s,classification,random_forest,eeg_gamma_relative,0.041362363
arousal_primary_6s,classification,random_forest,eeg_line_noise_ratio,0.050690745
arousal_primary_6s,classification,random_forest,gaze_dispersion_x_px,0.038305124
arousal_primary_6s,classification,random_forest,gaze_dispersion_y_px,0.040670036
arousal_primary_6s,classification,random_forest,gaze_dispersion_2d_px,0.036654682
arousal_primary_6s,classification,random_forest,gaze_path_length_px,0.038506686
arousal_primary_6s,classification,random_forest,fixation_count,0.014387747
arousal_primary_6s,classification,random_forest,fixation_total_ms,0.037828499
arousal_primary_6s,classification,random_forest,fixation_mean_ms,0.037700698
arousal_primary_6s,classification,random_forest,fixation_median_ms,0.028722063
arousal_primary_6s,classification,random_forest,saccade_count,0.016140916
arousal_primary_6s,classification,random_forest,saccade_mean_ms,0.03632929
arousal_primary_6s,classification,random_forest,pupil_both_valid_fraction,0.043724349
arousal_primary_6s,classification,random_forest,pupil_mean_z,0.044470988
arousal_primary_6s,classification,random_forest,pupil_std_z,0.038609131
arousal_primary_6s,classification,random_forest,pupil_min_z,0.042238288
arousal_primary_6s,classification,random_forest,pupil_max_z,0.044131203
arousal_primary_6s,classification,random_forest,pupil_slope_z_s,0.0356361
arousal_primary_6s,classification,random_forest,missingindicator_gaze_dispersion_x_px,3.7023138e-05
arousal_primary_6s,classification,random_forest,missingindicator_gaze_dispersion_y_px,6.0756292e-05
arousal_primary_6s,classification,random_forest,missingindicator_gaze_dispersion_2d_px,5.7181145e-06
arousal_primary_6s,classification,random_forest,missingindicator_gaze_path_length_px,0.00013767991
arousal_primary_6s,classification,random_forest,missingindicator_fixation_mean_ms,0.00012848262
arousal_primary_6s,classification,random_forest,missingindicator_fixation_median_ms,7.5559046e-05
arousal_primary_6s,classification,random_forest,missingindicator_saccade_mean_ms,0.00022035251
arousal_primary_6s,classification,random_forest,missingindicator_pupil_mean_z,0
arousal_primary_6s,classification,random_forest,missingindicator_pupil_std_z,2.0593216e-05
arousal_primary_6s,classification,random_forest,missingindicator_pupil_min_z,0
arousal_primary_6s,classification,random_forest,missingindicator_pupil_max_z,2.160443e-05
arousal_primary_6s,classification,random_forest,missingindicator_pupil_slope_z_s,6.7063281e-06
arousal_2s_sensitivity,regression,ridge,eeg_rms_uv,0.031899419
arousal_2s_sensitivity,regression,ridge,eeg_std_uv,0.026975297
arousal_2s_sensitivity,regression,ridge,eeg_peak_to_peak_uv,0.016160528
arousal_2s_sensitivity,regression,ridge,eeg_delta_relative,0.015415617
arousal_2s_sensitivity,regression,ridge,eeg_theta_relative,0.023395251
arousal_2s_sensitivity,regression,ridge,eeg_alpha_relative,0.00079371364
arousal_2s_sensitivity,regression,ridge,eeg_beta_relative,0.085785156
arousal_2s_sensitivity,regression,ridge,eeg_gamma_relative,0.047388631
arousal_2s_sensitivity,regression,ridge,eeg_line_noise_ratio,0.0018080437
arousal_2s_sensitivity,regression,ridge,gaze_dispersion_x_px,0.020414329
arousal_2s_sensitivity,regression,ridge,gaze_dispersion_y_px,0.027618198
arousal_2s_sensitivity,regression,ridge,gaze_dispersion_2d_px,0.027534686
arousal_2s_sensitivity,regression,ridge,gaze_path_length_px,0.031899782
arousal_2s_sensitivity,regression,ridge,fixation_count,0.0079126465
arousal_2s_sensitivity,regression,ridge,fixation_total_ms,0.007347016
arousal_2s_sensitivity,regression,ridge,fixation_mean_ms,0.028510533
arousal_2s_sensitivity,regression,ridge,fixation_median_ms,0.017753707
arousal_2s_sensitivity,regression,ridge,saccade_count,0.011069089
arousal_2s_sensitivity,regression,ridge,saccade_mean_ms,0.0021749048
arousal_2s_sensitivity,regression,ridge,pupil_both_valid_fraction,0.014272906
arousal_2s_sensitivity,regression,ridge,pupil_mean_z,0.0094975053
arousal_2s_sensitivity,regression,ridge,pupil_std_z,0.034734942
arousal_2s_sensitivity,regression,ridge,pupil_min_z,0.03527292
arousal_2s_sensitivity,regression,ridge,pupil_max_z,0.050114287
arousal_2s_sensitivity,regression,ridge,pupil_slope_z_s,0.0032921276
arousal_2s_sensitivity,regression,ridge,missingindicator_gaze_dispersion_x_px,4.3898994e-05
arousal_2s_sensitivity,regression,ridge,missingindicator_gaze_dispersion_y_px,4.3898994e-05
arousal_2s_sensitivity,regression,ridge,missingindicator_gaze_dispersion_2d_px,4.3898994e-05
arousal_2s_sensitivity,regression,ridge,missingindicator_gaze_path_length_px,0.0091187462
arousal_2s_sensitivity,regression,ridge,missingindicator_fixation_mean_ms,0.0087400856
arousal_2s_sensitivity,regression,ridge,missingindicator_fixation_median_ms,0.0087400856
arousal_2s_sensitivity,regression,ridge,missingindicator_saccade_mean_ms,0.016653513
arousal_2s_sensitivity,regression,ridge,missingindicator_pupil_mean_z,0.00035292835
arousal_2s_sensitivity,regression,ridge,missingindicator_pupil_std_z,0.00035292835
arousal_2s_sensitivity,regression,ridge,missingindicator_pupil_min_z,0.00035292835
arousal_2s_sensitivity,regression,ridge,missingindicator_pupil_max_z,0.00035292835
arousal_2s_sensitivity,regression,ridge,missingindicator_pupil_slope_z_s,0.00035292835
arousal_2s_sensitivity,regression,random_forest,eeg_rms_uv,0.050679178
arousal_2s_sensitivity,regression,random_forest,eeg_std_uv,0.039679703
arousal_2s_sensitivity,regression,random_forest,eeg_peak_to_peak_uv,0.040102884
arousal_2s_sensitivity,regression,random_forest,eeg_delta_relative,0.030579139
arousal_2s_sensitivity,regression,random_forest,eeg_theta_relative,0.049175464
arousal_2s_sensitivity,regression,random_forest,eeg_alpha_relative,0.037525681
arousal_2s_sensitivity,regression,random_forest,eeg_beta_relative,0.043975706
arousal_2s_sensitivity,regression,random_forest,eeg_gamma_relative,0.038949683
arousal_2s_sensitivity,regression,random_forest,eeg_line_noise_ratio,0.053080262
arousal_2s_sensitivity,regression,random_forest,gaze_dispersion_x_px,0.039598719
arousal_2s_sensitivity,regression,random_forest,gaze_dispersion_y_px,0.048591442
arousal_2s_sensitivity,regression,random_forest,gaze_dispersion_2d_px,0.036640893
arousal_2s_sensitivity,regression,random_forest,gaze_path_length_px,0.046909011
arousal_2s_sensitivity,regression,random_forest,fixation_count,0.010740581
arousal_2s_sensitivity,regression,random_forest,fixation_total_ms,0.041404262
arousal_2s_sensitivity,regression,random_forest,fixation_mean_ms,0.040307079
arousal_2s_sensitivity,regression,random_forest,fixation_median_ms,0.026268007
arousal_2s_sensitivity,regression,random_forest,saccade_count,0.011449342
arousal_2s_sensitivity,regression,random_forest,saccade_mean_ms,0.046382166
arousal_2s_sensitivity,regression,random_forest,pupil_both_valid_fraction,0.043396481
arousal_2s_sensitivity,regression,random_forest,pupil_mean_z,0.04174677
arousal_2s_sensitivity,regression,random_forest,pupil_std_z,0.043537893
arousal_2s_sensitivity,regression,random_forest,pupil_min_z,0.047695425
arousal_2s_sensitivity,regression,random_forest,pupil_max_z,0.046706618
arousal_2s_sensitivity,regression,random_forest,pupil_slope_z_s,0.044847366
arousal_2s_sensitivity,regression,random_forest,missingindicator_gaze_dispersion_x_px,0
arousal_2s_sensitivity,regression,random_forest,missingindicator_gaze_dispersion_y_px,0
arousal_2s_sensitivity,regression,random_forest,missingindicator_gaze_dispersion_2d_px,0
arousal_2s_sensitivity,regression,random_forest,missingindicator_gaze_path_length_px,1.496932e-06
arousal_2s_sensitivity,regression,random_forest,missingindicator_fixation_mean_ms,8.5291698e-06
arousal_2s_sensitivity,regression,random_forest,missingindicator_fixation_median_ms,1.6690102e-07
arousal_2s_sensitivity,regression,random_forest,missingindicator_saccade_mean_ms,2.0044207e-05
arousal_2s_sensitivity,regression,random_forest,missingindicator_pupil_mean_z,9.3426062e-09
arousal_2s_sensitivity,regression,random_forest,missingindicator_pupil_std_z,0
arousal_2s_sensitivity,regression,random_forest,missingindicator_pupil_min_z,0
arousal_2s_sensitivity,regression,random_forest,missingindicator_pupil_max_z,0
arousal_2s_sensitivity,regression,random_forest,missingindicator_pupil_slope_z_s,0
arousal_2s_sensitivity,classification,logistic,eeg_rms_uv,0.05369802
arousal_2s_sensitivity,classification,logistic,eeg_std_uv,0.06821232
arousal_2s_sensitivity,classification,logistic,eeg_peak_to_peak_uv,0.018899238
arousal_2s_sensitivity,classification,logistic,eeg_delta_relative,0.030705028
arousal_2s_sensitivity,classification,logistic,eeg_theta_relative,0.065934924
arousal_2s_sensitivity,classification,logistic,eeg_alpha_relative,0.048988999
arousal_2s_sensitivity,classification,logistic,eeg_beta_relative,0.11759465
arousal_2s_sensitivity,classification,logistic,eeg_gamma_relative,0.12845057
arousal_2s_sensitivity,classification,logistic,eeg_line_noise_ratio,0.008941712
arousal_2s_sensitivity,classification,logistic,gaze_dispersion_x_px,0.046156876
arousal_2s_sensitivity,classification,logistic,gaze_dispersion_y_px,0.053628032
arousal_2s_sensitivity,classification,logistic,gaze_dispersion_2d_px,0.066828215
arousal_2s_sensitivity,classification,logistic,gaze_path_length_px,0.034550167
arousal_2s_sensitivity,classification,logistic,fixation_count,0.014004615
arousal_2s_sensitivity,classification,logistic,fixation_total_ms,0.040490661
arousal_2s_sensitivity,classification,logistic,fixation_mean_ms,0.024821974
arousal_2s_sensitivity,classification,logistic,fixation_median_ms,0.033542226
arousal_2s_sensitivity,classification,logistic,saccade_count,0.033670341
arousal_2s_sensitivity,classification,logistic,saccade_mean_ms,0.023587736
arousal_2s_sensitivity,classification,logistic,pupil_both_valid_fraction,0.025525873
arousal_2s_sensitivity,classification,logistic,pupil_mean_z,0.020479547
arousal_2s_sensitivity,classification,logistic,pupil_std_z,0.063886201
arousal_2s_sensitivity,classification,logistic,pupil_min_z,0.028177231
arousal_2s_sensitivity,classification,logistic,pupil_max_z,0.068652267
arousal_2s_sensitivity,classification,logistic,pupil_slope_z_s,0.0049324813
arousal_2s_sensitivity,classification,logistic,missingindicator_gaze_dispersion_x_px,0.037378041
arousal_2s_sensitivity,classification,logistic,missingindicator_gaze_dispersion_y_px,0.037378041
arousal_2s_sensitivity,classification,logistic,missingindicator_gaze_dispersion_2d_px,0.037378041
arousal_2s_sensitivity,classification,logistic,missingindicator_gaze_path_length_px,0.093312126
arousal_2s_sensitivity,classification,logistic,missingindicator_fixation_mean_ms,0.017002162
arousal_2s_sensitivity,classification,logistic,missingindicator_fixation_median_ms,0.017002162
arousal_2s_sensitivity,classification,logistic,missingindicator_saccade_mean_ms,0.05499366
arousal_2s_sensitivity,classification,logistic,missingindicator_pupil_mean_z,0.03563345
arousal_2s_sensitivity,classification,logistic,missingindicator_pupil_std_z,0.03563345
arousal_2s_sensitivity,classification,logistic,missingindicator_pupil_min_z,0.03563345
arousal_2s_sensitivity,classification,logistic,missingindicator_pupil_max_z,0.03563345
arousal_2s_sensitivity,classification,logistic,missingindicator_pupil_slope_z_s,0.03563345
arousal_2s_sensitivity,classification,random_forest,eeg_rms_uv,0.068518747
arousal_2s_sensitivity,classification,random_forest,eeg_std_uv,0.054331767
arousal_2s_sensitivity,classification,random_forest,eeg_peak_to_peak_uv,0.049924567
arousal_2s_sensitivity,classification,random_forest,eeg_delta_relative,0.038123695
arousal_2s_sensitivity,classification,random_forest,eeg_theta_relative,0.042230882
arousal_2s_sensitivity,classification,random_forest,eeg_alpha_relative,0.037231879
arousal_2s_sensitivity,classification,random_forest,eeg_beta_relative,0.040633339
arousal_2s_sensitivity,classification,random_forest,eeg_gamma_relative,0.041857307
arousal_2s_sensitivity,classification,random_forest,eeg_line_noise_ratio,0.049668354
arousal_2s_sensitivity,classification,random_forest,gaze_dispersion_x_px,0.038944648
arousal_2s_sensitivity,classification,random_forest,gaze_dispersion_y_px,0.041683269
arousal_2s_sensitivity,classification,random_forest,gaze_dispersion_2d_px,0.036807024
arousal_2s_sensitivity,classification,random_forest,gaze_path_length_px,0.038851831
arousal_2s_sensitivity,classification,random_forest,fixation_count,0.01457119
arousal_2s_sensitivity,classification,random_forest,fixation_total_ms,0.038490499
arousal_2s_sensitivity,classification,random_forest,fixation_mean_ms,0.037323082
arousal_2s_sensitivity,classification,random_forest,fixation_median_ms,0.028306294
arousal_2s_sensitivity,classification,random_forest,saccade_count,0.015931726
arousal_2s_sensitivity,classification,random_forest,saccade_mean_ms,0.036913652
arousal_2s_sensitivity,classification,random_forest,pupil_both_valid_fraction,0.041406686
arousal_2s_sensitivity,classification,random_forest,pupil_mean_z,0.044086784
arousal_2s_sensitivity,classification,random_forest,pupil_std_z,0.039265837
arousal_2s_sensitivity,classification,random_forest,pupil_min_z,0.04213993
arousal_2s_sensitivity,classification,random_forest,pupil_max_z,0.044516267
arousal_2s_sensitivity,classification,random_forest,pupil_slope_z_s,0.037395838
arousal_2s_sensitivity,classification,random_forest,missingindicator_gaze_dispersion_x_px,3.9455251e-05
arousal_2s_sensitivity,classification,random_forest,missingindicator_gaze_dispersion_y_px,2.8178715e-05
arousal_2s_sensitivity,classification,random_forest,missingindicator_gaze_dispersion_2d_px,2.230963e-05
arousal_2s_sensitivity,classification,random_forest,missingindicator_gaze_path_length_px,0.00024890929
arousal_2s_sensitivity,classification,random_forest,missingindicator_fixation_mean_ms,7.8085861e-05
arousal_2s_sensitivity,classification,random_forest,missingindicator_fixation_median_ms,0.00011611805
arousal_2s_sensitivity,classification,random_forest,missingindicator_saccade_mean_ms,0.00019286664
arousal_2s_sensitivity,classification,random_forest,missingindicator_pupil_mean_z,3.384094e-05
arousal_2s_sensitivity,classification,random_forest,missingindicator_pupil_std_z,6.527782e-06
arousal_2s_sensitivity,classification,random_forest,missingindicator_pupil_min_z,9.7652868e-06
arousal_2s_sensitivity,classification,random_forest,missingindicator_pupil_max_z,2.7326265e-05
arousal_2s_sensitivity,classification,random_forest,missingindicator_pupil_slope_z_s,4.1521647e-05
arousal_pca_sensitivity,regression,ridge,eeg_rms_uv,0.020941575
arousal_pca_sensitivity,regression,ridge,eeg_std_uv,0.029093845
arousal_pca_sensitivity,regression,ridge,eeg_peak_to_peak_uv,0.00088540275
arousal_pca_sensitivity,regression,ridge,eeg_delta_relative,0.088426496
arousal_pca_sensitivity,regression,ridge,eeg_theta_relative,0.018938669
arousal_pca_sensitivity,regression,ridge,eeg_alpha_relative,0.018214968
arousal_pca_sensitivity,regression,ridge,eeg_beta_relative,0.071139252
arousal_pca_sensitivity,regression,ridge,eeg_gamma_relative,0.0031413089
arousal_pca_sensitivity,regression,ridge,eeg_line_noise_ratio,0.0057478241
arousal_pca_sensitivity,regression,ridge,gaze_dispersion_x_px,0.00047440504
arousal_pca_sensitivity,regression,ridge,gaze_dispersion_y_px,0.0047997995
arousal_pca_sensitivity,regression,ridge,gaze_dispersion_2d_px,0.0071819352
arousal_pca_sensitivity,regression,ridge,gaze_path_length_px,0.022973309
arousal_pca_sensitivity,regression,ridge,fixation_count,0.011700892
arousal_pca_sensitivity,regression,ridge,fixation_total_ms,0.0087136399
arousal_pca_sensitivity,regression,ridge,fixation_mean_ms,0.0029000581
arousal_pca_sensitivity,regression,ridge,fixation_median_ms,0.010348363
arousal_pca_sensitivity,regression,ridge,saccade_count,0.0028700294
arousal_pca_sensitivity,regression,ridge,saccade_mean_ms,0.0034687678
arousal_pca_sensitivity,regression,ridge,pupil_both_valid_fraction,0.0017044003
arousal_pca_sensitivity,regression,ridge,pupil_mean_z,0.003713454
arousal_pca_sensitivity,regression,ridge,pupil_std_z,0.020819549
arousal_pca_sensitivity,regression,ridge,pupil_min_z,0.033585305
arousal_pca_sensitivity,regression,ridge,pupil_max_z,0.046453054
arousal_pca_sensitivity,regression,ridge,pupil_slope_z_s,0.0093917704
arousal_pca_sensitivity,regression,ridge,missingindicator_gaze_dispersion_x_px,0.00055973688
arousal_pca_sensitivity,regression,ridge,missingindicator_gaze_dispersion_y_px,0.00055973688
arousal_pca_sensitivity,regression,ridge,missingindicator_gaze_dispersion_2d_px,0.00055973688
arousal_pca_sensitivity,regression,ridge,missingindicator_gaze_path_length_px,0.0092449117
arousal_pca_sensitivity,regression,ridge,missingindicator_fixation_mean_ms,0.0028761826
arousal_pca_sensitivity,regression,ridge,missingindicator_fixation_median_ms,0.0028761826
arousal_pca_sensitivity,regression,ridge,missingindicator_saccade_mean_ms,0.0042415689
arousal_pca_sensitivity,regression,ridge,missingindicator_pupil_mean_z,7.9433592e-05
arousal_pca_sensitivity,regression,ridge,missingindicator_pupil_std_z,7.9433592e-05
arousal_pca_sensitivity,regression,ridge,missingindicator_pupil_min_z,7.9433592e-05
arousal_pca_sensitivity,regression,ridge,missingindicator_pupil_max_z,7.9433592e-05
arousal_pca_sensitivity,regression,ridge,missingindicator_pupil_slope_z_s,7.9433592e-05
arousal_pca_sensitivity,regression,random_forest,eeg_rms_uv,0.038833451
arousal_pca_sensitivity,regression,random_forest,eeg_std_uv,0.036770614
arousal_pca_sensitivity,regression,random_forest,eeg_peak_to_peak_uv,0.036587303
arousal_pca_sensitivity,regression,random_forest,eeg_delta_relative,0.029596198
arousal_pca_sensitivity,regression,random_forest,eeg_theta_relative,0.051492392
arousal_pca_sensitivity,regression,random_forest,eeg_alpha_relative,0.039678545
arousal_pca_sensitivity,regression,random_forest,eeg_beta_relative,0.044247107
arousal_pca_sensitivity,regression,random_forest,eeg_gamma_relative,0.043008825
arousal_pca_sensitivity,regression,random_forest,eeg_line_noise_ratio,0.05415586
arousal_pca_sensitivity,regression,random_forest,gaze_dispersion_x_px,0.038337871
arousal_pca_sensitivity,regression,random_forest,gaze_dispersion_y_px,0.052818331
arousal_pca_sensitivity,regression,random_forest,gaze_dispersion_2d_px,0.034855001
arousal_pca_sensitivity,regression,random_forest,gaze_path_length_px,0.050014533
arousal_pca_sensitivity,regression,random_forest,fixation_count,0.010556281
arousal_pca_sensitivity,regression,random_forest,fixation_total_ms,0.039772541
arousal_pca_sensitivity,regression,random_forest,fixation_mean_ms,0.036658182
arousal_pca_sensitivity,regression,random_forest,fixation_median_ms,0.024729964
arousal_pca_sensitivity,regression,random_forest,saccade_count,0.010641427
arousal_pca_sensitivity,regression,random_forest,saccade_mean_ms,0.05110792
arousal_pca_sensitivity,regression,random_forest,pupil_both_valid_fraction,0.040907481
arousal_pca_sensitivity,regression,random_forest,pupil_mean_z,0.046913002
arousal_pca_sensitivity,regression,random_forest,pupil_std_z,0.050501685
arousal_pca_sensitivity,regression,random_forest,pupil_min_z,0.044117257
arousal_pca_sensitivity,regression,random_forest,pupil_max_z,0.046836275
arousal_pca_sensitivity,regression,random_forest,pupil_slope_z_s,0.046838371
arousal_pca_sensitivity,regression,random_forest,missingindicator_gaze_dispersion_x_px,0
arousal_pca_sensitivity,regression,random_forest,missingindicator_gaze_dispersion_y_px,0
arousal_pca_sensitivity,regression,random_forest,missingindicator_gaze_dispersion_2d_px,1.3816613e-05
arousal_pca_sensitivity,regression,random_forest,missingindicator_gaze_path_length_px,0
arousal_pca_sensitivity,regression,random_forest,missingindicator_fixation_mean_ms,0
arousal_pca_sensitivity,regression,random_forest,missingindicator_fixation_median_ms,0
arousal_pca_sensitivity,regression,random_forest,missingindicator_saccade_mean_ms,1.9367846e-07
arousal_pca_sensitivity,regression,random_forest,missingindicator_pupil_mean_z,0
arousal_pca_sensitivity,regression,random_forest,missingindicator_pupil_std_z,0
arousal_pca_sensitivity,regression,random_forest,missingindicator_pupil_min_z,0
arousal_pca_sensitivity,regression,random_forest,missingindicator_pupil_max_z,0
arousal_pca_sensitivity,regression,random_forest,missingindicator_pupil_slope_z_s,9.5745312e-06
arousal_pca_sensitivity,classification,logistic,eeg_rms_uv,0.016166184
arousal_pca_sensitivity,classification,logistic,eeg_std_uv,0.037104478
arousal_pca_sensitivity,classification,logistic,eeg_peak_to_peak_uv,0.013318438
arousal_pca_sensitivity,classification,logistic,eeg_delta_relative,0.026086533
arousal_pca_sensitivity,classification,logistic,eeg_theta_relative,0.044116116
arousal_pca_sensitivity,classification,logistic,eeg_alpha_relative,0.019665842
arousal_pca_sensitivity,classification,logistic,eeg_beta_relative,0.10280074
arousal_pca_sensitivity,classification,logistic,eeg_gamma_relative,0.10353925
arousal_pca_sensitivity,classification,logistic,eeg_line_noise_ratio,0.039600726
arousal_pca_sensitivity,classification,logistic,gaze_dispersion_x_px,0.086115011
arousal_pca_sensitivity,classification,logistic,gaze_dispersion_y_px,0.069317577
arousal_pca_sensitivity,classification,logistic,gaze_dispersion_2d_px,0.097052531
arousal_pca_sensitivity,classification,logistic,gaze_path_length_px,0.030776592
arousal_pca_sensitivity,classification,logistic,fixation_count,0.054041773
arousal_pca_sensitivity,classification,logistic,fixation_total_ms,0.050516887
arousal_pca_sensitivity,classification,logistic,fixation_mean_ms,0.063023953
arousal_pca_sensitivity,classification,logistic,fixation_median_ms,0.039431465
arousal_pca_sensitivity,classification,logistic,saccade_count,0.034419495
arousal_pca_sensitivity,classification,logistic,saccade_mean_ms,0.010748373
arousal_pca_sensitivity,classification,logistic,pupil_both_valid_fraction,0.010388237
arousal_pca_sensitivity,classification,logistic,pupil_mean_z,0.0080676106
arousal_pca_sensitivity,classification,logistic,pupil_std_z,0.062827855
arousal_pca_sensitivity,classification,logistic,pupil_min_z,0.043930646
arousal_pca_sensitivity,classification,logistic,pupil_max_z,0.08979037
arousal_pca_sensitivity,classification,logistic,pupil_slope_z_s,0.003302178
arousal_pca_sensitivity,classification,logistic,missingindicator_gaze_dispersion_x_px,0.012301289
arousal_pca_sensitivity,classification,logistic,missingindicator_gaze_dispersion_y_px,0.012301289
arousal_pca_sensitivity,classification,logistic,missingindicator_gaze_dispersion_2d_px,0.012301289
arousal_pca_sensitivity,classification,logistic,missingindicator_gaze_path_length_px,0.072776312
arousal_pca_sensitivity,classification,logistic,missingindicator_fixation_mean_ms,0.011039812
arousal_pca_sensitivity,classification,logistic,missingindicator_fixation_median_ms,0.011039812
arousal_pca_sensitivity,classification,logistic,missingindicator_saccade_mean_ms,0.0349245
arousal_pca_sensitivity,classification,logistic,missingindicator_pupil_mean_z,0.014576114
arousal_pca_sensitivity,classification,logistic,missingindicator_pupil_std_z,0.014576114
arousal_pca_sensitivity,classification,logistic,missingindicator_pupil_min_z,0.014576114
arousal_pca_sensitivity,classification,logistic,missingindicator_pupil_max_z,0.014576114
arousal_pca_sensitivity,classification,logistic,missingindicator_pupil_slope_z_s,0.014576114
arousal_pca_sensitivity,classification,random_forest,eeg_rms_uv,0.05163754
arousal_pca_sensitivity,classification,random_forest,eeg_std_uv,0.045608625
arousal_pca_sensitivity,classification,random_forest,eeg_peak_to_peak_uv,0.042833985
arousal_pca_sensitivity,classification,random_forest,eeg_delta_relative,0.039447337
arousal_pca_sensitivity,classification,random_forest,eeg_theta_relative,0.041194746
arousal_pca_sensitivity,classification,random_forest,eeg_alpha_relative,0.038872038
arousal_pca_sensitivity,classification,random_forest,eeg_beta_relative,0.041353156
arousal_pca_sensitivity,classification,random_forest,eeg_gamma_relative,0.042071682
arousal_pca_sensitivity,classification,random_forest,eeg_line_noise_ratio,0.047589287
arousal_pca_sensitivity,classification,random_forest,gaze_dispersion_x_px,0.041323931
arousal_pca_sensitivity,classification,random_forest,gaze_dispersion_y_px,0.043527155
arousal_pca_sensitivity,classification,random_forest,gaze_dispersion_2d_px,0.039268627
arousal_pca_sensitivity,classification,random_forest,gaze_path_length_px,0.041755861
arousal_pca_sensitivity,classification,random_forest,fixation_count,0.014382287
arousal_pca_sensitivity,classification,random_forest,fixation_total_ms,0.0399353
arousal_pca_sensitivity,classification,random_forest,fixation_mean_ms,0.04035896
arousal_pca_sensitivity,classification,random_forest,fixation_median_ms,0.030090273
arousal_pca_sensitivity,classification,random_forest,saccade_count,0.016142555
arousal_pca_sensitivity,classification,random_forest,saccade_mean_ms,0.040245491
arousal_pca_sensitivity,classification,random_forest,pupil_both_valid_fraction,0.040438257
arousal_pca_sensitivity,classification,random_forest,pupil_mean_z,0.045869027
arousal_pca_sensitivity,classification,random_forest,pupil_std_z,0.044239764
arousal_pca_sensitivity,classification,random_forest,pupil_min_z,0.044462343
arousal_pca_sensitivity,classification,random_forest,pupil_max_z,0.046871421
arousal_pca_sensitivity,classification,random_forest,pupil_slope_z_s,0.039754253
arousal_pca_sensitivity,classification,random_forest,missingindicator_gaze_dispersion_x_px,5.1094835e-05
arousal_pca_sensitivity,classification,random_forest,missingindicator_gaze_dispersion_y_px,1.4967088e-05
arousal_pca_sensitivity,classification,random_forest,missingindicator_gaze_dispersion_2d_px,4.1000705e-05
arousal_pca_sensitivity,classification,random_forest,missingindicator_gaze_path_length_px,0.00011030415
arousal_pca_sensitivity,classification,random_forest,missingindicator_fixation_mean_ms,0.00013226825
arousal_pca_sensitivity,classification,random_forest,missingindicator_fixation_median_ms,0.00011628603
arousal_pca_sensitivity,classification,random_forest,missingindicator_saccade_mean_ms,0.00017753406
arousal_pca_sensitivity,classification,random_forest,missingindicator_pupil_mean_z,8.4820072e-06
arousal_pca_sensitivity,classification,random_forest,missingindicator_pupil_std_z,5.9367745e-06
arousal_pca_sensitivity,classification,random_forest,missingindicator_pupil_min_z,3.686008e-05
arousal_pca_sensitivity,classification,random_forest,missingindicator_pupil_max_z,1.0284854e-05
arousal_pca_sensitivity,classification,random_forest,missingindicator_pupil_slope_z_s,2.1079315e-05
