fold,task,kind,model,subset,n_features,macro_score,balanced_accuracy,macro_f1,rows,r2,mse
0,attention_primary,classification,dummy,full,18,0.3333333333333333,0.3333333333333333,0.16666666666666666,2886,,
0,attention_primary,classification,logistic,full,18,0.31813718797285956,0.3187803187803188,0.29743364445295317,2886,,
0,attention_primary,classification,logistic,EEG,9,0.32470993407298043,0.3257103257103257,0.2954997243766461,2886,,
0,attention_primary,classification,logistic,compact_no_noise,9,0.3293394786930384,0.3319473319473319,0.3248080379460178,2886,,
0,attention_primary,classification,random_forest,full,18,0.3565076977528388,0.35793485793485796,0.3566705631122997,2886,,
0,attention_primary,classification,random_forest,EEG,9,0.3405865794890434,0.33853083853083854,0.3343507586191641,2886,,
0,attention_primary,classification,random_forest,compact_no_noise,9,0.34159578990783424,0.340956340956341,0.3404357259612156,2886,,
0,attention_primary,regression,dummy,full,18,-0.999999999745428,,,2886,-2.220446049250313e-16,0.9999999999015245
0,attention_primary,regression,ridge,full,18,-1.0072594271819735,,,2886,-0.006415173303184085,1.0064151732040767
0,attention_primary,regression,ridge,EEG,9,-1.0037604224449297,,,2886,-0.003406286875520026,1.003406286776709
0,attention_primary,regression,ridge,compact_no_noise,9,-1.0059704361585171,,,2886,-0.005303145943994725,1.0053031458449968
0,attention_primary,regression,random_forest,full,18,-1.0543633778324857,,,2886,-0.054675722729064624,1.0546757226252048
0,attention_primary,regression,random_forest,EEG,9,-1.033965414340667,,,2886,-0.03494794479685459,1.0349479446949374
0,attention_primary,regression,random_forest,compact_no_noise,9,-1.0678400247753506,,,2886,-0.0691935572052016,1.069193557099912
0,arousal_primary_6s,classification,dummy,full,25,0.3333333333333333,0.3333333333333333,0.16666666666666666,2886,,
0,arousal_primary_6s,classification,logistic,full,25,0.3342898830170821,0.33575883575883575,0.3269856631055859,2886,,
0,arousal_primary_6s,classification,logistic,Pupil,6,0.3456212792140837,0.3471933471933472,0.33724282387407206,2886,,
0,arousal_primary_6s,classification,logistic,Eye_Pupil,16,0.3457980331370481,0.34788634788634787,0.33830944851867634,2886,,
0,arousal_primary_6s,classification,logistic,Pupil_no_quality,5,0.3510109588591912,0.3503118503118503,0.3412293357388027,2886,,
0,arousal_primary_6s,classification,logistic,Eye_Pupil_no_quality,15,0.3615207262373206,0.3617463617463617,0.3547965929684718,2886,,
0,arousal_primary_6s,classification,random_forest,full,25,0.33260655084319674,0.332986832986833,0.33190321175088383,2886,,
0,arousal_primary_6s,classification,random_forest,Pupil,6,0.3318572927736464,0.33367983367983367,0.33251533585393467,2886,,
0,arousal_primary_6s,classification,random_forest,Eye_Pupil,16,0.3358970107743524,0.3371448371448372,0.3326883360409825,2886,,
0,arousal_primary_6s,classification,random_forest,Pupil_no_quality,5,0.32097234371103817,0.32120582120582125,0.32132998327720447,2886,,
0,arousal_primary_6s,classification,random_forest,Eye_Pupil_no_quality,15,0.32490644159390525,0.3264033264033264,0.3215516252128187,2886,,
0,arousal_primary_6s,regression,dummy,full,25,-1.000000002785029,,,2886,-2.220446049250313e-16,1.0000000029354044
0,arousal_primary_6s,regression,ridge,full,25,-1.0119107890253183,,,2886,-0.011902273779274886,1.0119022767496173
0,arousal_primary_6s,regression,ridge,Pupil,6,-1.0018822640391478,,,2886,-0.001704370620945861,1.0017043735613531
0,arousal_primary_6s,regression,ridge,Eye_Pupil,16,-1.0109248591236024,,,2886,-0.010671204402494139,1.0106712073692228
0,arousal_primary_6s,regression,ridge,Pupil_no_quality,5,-1.0012566278867987,,,2886,-0.0012345023186439708,1.0012345052576719
0,arousal_primary_6s,regression,ridge,Eye_Pupil_no_quality,15,-1.0097481375260553,,,2886,-0.009690727340381455,1.0096907303042317
0,arousal_primary_6s,regression,random_forest,full,25,-1.0950882261108539,,,2886,-0.08861490369679537,1.08861490689232
0,arousal_primary_6s,regression,random_forest,Pupil,6,-1.0421897421863278,,,2886,-0.04057553908428391,1.0405755421387939
0,arousal_primary_6s,regression,random_forest,Eye_Pupil,16,-1.0312345942185321,,,2886,-0.030548312752855855,1.0305483157779318
0,arousal_primary_6s,regression,random_forest,Pupil_no_quality,5,-1.0448174837362212,,,2886,-0.0440539806399447,1.0440539837046652
0,arousal_primary_6s,regression,random_forest,Eye_Pupil_no_quality,15,-1.0344425327213198,,,2886,-0.033392050338770796,1.0333920533721943
1,attention_primary,classification,dummy,full,18,0.3333333333333333,0.3333333333333333,0.1665709362435382,2612,,
1,attention_primary,classification,logistic,full,18,0.3487206193182618,0.34699374318956727,0.3325809547705891,2612,,
1,attention_primary,classification,logistic,EEG,9,0.349504093772291,0.3474278533516116,0.32044491470184694,2612,,
1,attention_primary,classification,logistic,compact_no_noise,9,0.3494758981538557,0.34775211782487964,0.33284357343499993,2612,,
1,attention_primary,classification,random_forest,full,18,0.3473631593342613,0.3465051495658898,0.34591874722765253,2612,,
1,attention_primary,classification,random_forest,EEG,9,0.3253511679370529,0.3238839678020317,0.3223770972684575,2612,,
1,attention_primary,classification,random_forest,compact_no_noise,9,0.33264771894480055,0.3323561460859784,0.3283231984838833,2612,,
1,attention_primary,regression,dummy,full,18,-1.0000000023619573,,,2612,0.0,1.0000000021644515
1,attention_primary,regression,ridge,full,18,-1.0062991048081442,,,2612,-0.006799576739564772,1.0067995789187336
1,attention_primary,regression,ridge,EEG,9,-1.0077739419075598,,,2612,-0.008268781367526179,1.008268783549875
1,attention_primary,regression,ridge,compact_no_noise,9,-1.0099715348142995,,,2612,-0.010403518509386922,1.0104035206963564
1,attention_primary,regression,random_forest,full,18,-1.0530205688265992,,,2612,-0.050909111444565,1.0509091137192068
1,attention_primary,regression,random_forest,EEG,9,-1.0744377623212493,,,2612,-0.07385794896398945,1.073857951288303
1,attention_primary,regression,random_forest,compact_no_noise,9,-1.0549123905116162,,,2612,-0.052701990515865216,1.0527019927943875
1,arousal_primary_6s,classification,dummy,full,25,0.3333333333333333,0.3333333333333333,0.1665709362435382,2612,,
1,arousal_primary_6s,classification,logistic,full,25,0.32967021949992925,0.3322568455833245,0.3295513756740983,2612,,
1,arousal_primary_6s,classification,logistic,Pupil,6,0.32242523039098436,0.32347446307427324,0.3206318430548372,2612,,
1,arousal_primary_6s,classification,logistic,Eye_Pupil,16,0.31908431268762005,0.3200745193152659,0.32040648531837607,2612,,
1,arousal_primary_6s,classification,logistic,Pupil_no_quality,5,0.3477955710922433,0.3498470948012233,0.34659027323694724,2612,,
1,arousal_primary_6s,classification,logistic,Eye_Pupil_no_quality,15,0.3307613574735386,0.33270677352455275,0.33255670956663147,2612,,
1,arousal_primary_6s,classification,random_forest,full,25,0.34589201343111586,0.34578631937853704,0.3407180575735094,2612,,
1,arousal_primary_6s,classification,random_forest,Pupil,6,0.33144336599207996,0.33273137895883864,0.331897884019826,2612,,
1,arousal_primary_6s,classification,random_forest,Eye_Pupil,16,0.3345634432984088,0.3392588491686878,0.33736590442958336,2612,,
1,arousal_primary_6s,classification,random_forest,Pupil_no_quality,5,0.3384260043840062,0.3376928890294914,0.3372882430350079,2612,,
1,arousal_primary_6s,classification,random_forest,Eye_Pupil_no_quality,15,0.3245384840829393,0.32737706070512146,0.32636167761457974,2612,,
1,arousal_primary_6s,regression,dummy,full,25,-1.0000000004501508,,,2612,0.0,1.0000000005774083
1,arousal_primary_6s,regression,ridge,full,25,-1.0157615215457654,,,2612,-0.01644547714508615,1.0164454777319902
1,arousal_primary_6s,regression,ridge,Pupil,6,-1.01053524876106,,,2612,-0.011317677159578432,1.0113176777435215
1,arousal_primary_6s,regression,ridge,Eye_Pupil,16,-1.016550880498557,,,2612,-0.017484944975445726,1.01748494556295
1,arousal_primary_6s,regression,ridge,Pupil_no_quality,5,-1.0028263398345947,,,2612,-0.003087049311011114,1.003087049890202
1,arousal_primary_6s,regression,ridge,Eye_Pupil_no_quality,15,-1.009943566814813,,,2612,-0.01036017413383461,1.010360174717225
1,arousal_primary_6s,regression,random_forest,full,25,-1.0550320112253835,,,2612,-0.05877311270947616,1.0587731133208205
1,arousal_primary_6s,regression,random_forest,Pupil,6,-1.040136828337744,,,2612,-0.04202247239367862,1.042022472995351
1,arousal_primary_6s,regression,random_forest,Eye_Pupil,16,-1.0561354760591317,,,2612,-0.05817842425539621,1.0581784248663972
1,arousal_primary_6s,regression,random_forest,Pupil_no_quality,5,-1.0443410160326092,,,2612,-0.04624243653838489,1.0462424371424939
1,arousal_primary_6s,regression,random_forest,Eye_Pupil_no_quality,15,-1.0507079544434756,,,2612,-0.05163579286894948,1.0516357934761729
2,attention_primary,classification,dummy,full,18,0.3333333333333333,0.3333333333333333,0.16661965209214857,2659,,
2,attention_primary,classification,logistic,full,18,0.3460181651975942,0.3429921201062416,0.3423507529959542,2659,,
2,attention_primary,classification,logistic,EEG,9,0.363274681434478,0.361034693079453,0.36103842055876156,2659,,
2,attention_primary,classification,logistic,compact_no_noise,9,0.3309958412634854,0.3264425617756016,0.31909726422151224,2659,,
2,attention_primary,classification,random_forest,full,18,0.34805570165310196,0.3490091387765593,0.34875383912903674,2659,,
2,attention_primary,classification,random_forest,EEG,9,0.34627722396003346,0.3452184933615989,0.34359728451339366,2659,,
2,attention_primary,classification,random_forest,compact_no_noise,9,0.3494782978657703,0.3486151016734489,0.348380329492223,2659,,
2,attention_primary,regression,dummy,full,18,-1.0000000004659548,,,2659,0.0,1.0000000004766478
2,attention_primary,regression,ridge,full,18,-1.0016519287386163,,,2659,-0.001990767551637962,1.0019907680292346
2,attention_primary,regression,ridge,EEG,9,-1.0014442673210877,,,2659,-0.001512434964946019,1.0015124354423146
2,attention_primary,regression,ridge,compact_no_noise,9,-1.0030719802181425,,,2659,-0.0034170374483868393,1.0034170379266631
2,attention_primary,regression,random_forest,full,18,-1.0881707352343888,,,2659,-0.0885344609118428,1.0885344614306904
2,attention_primary,regression,random_forest,EEG,9,-1.0356889727516432,,,2659,-0.03660957386376551,1.0366095743578632
2,attention_primary,regression,random_forest,compact_no_noise,9,-1.0827585540974745,,,2659,-0.08304948176937144,1.0830494822856045
2,arousal_primary_6s,classification,dummy,full,25,0.36666666666666664,0.3333333333333333,0.19281831952240935,2659,,
2,arousal_primary_6s,classification,logistic,full,25,0.37482200991029735,0.38584600298184824,0.3758001234953839,2659,,
2,arousal_primary_6s,classification,logistic,Pupil,6,0.35562005694658033,0.36527318542492976,0.35192659211099614,2659,,
2,arousal_primary_6s,classification,logistic,Eye_Pupil,16,0.35305665860105884,0.35568277323739034,0.3467704067357091,2659,,
2,arousal_primary_6s,classification,logistic,Pupil_no_quality,5,0.3546890213195786,0.3656403817662451,0.35066729901420074,2659,,
2,arousal_primary_6s,classification,logistic,Eye_Pupil_no_quality,15,0.3501558124460325,0.352637524979072,0.3433876806015615,2659,,
2,arousal_primary_6s,classification,random_forest,full,25,0.37404928580300195,0.37156027472158054,0.36895063035304404,2659,,
2,arousal_primary_6s,classification,random_forest,Pupil,6,0.34293815046558185,0.34045545912566455,0.3378481193027665,2659,,
2,arousal_primary_6s,classification,random_forest,Eye_Pupil,16,0.3292894057522597,0.32235520213572766,0.32146330948463436,2659,,
2,arousal_primary_6s,classification,random_forest,Pupil_no_quality,5,0.3490529374192505,0.34400534647663195,0.3414957856496041,2659,,
2,arousal_primary_6s,classification,random_forest,Eye_Pupil_no_quality,15,0.3222560405014634,0.31557904171514967,0.31393611077360867,2659,,
2,arousal_primary_6s,regression,dummy,full,25,-0.9999999993167326,,,2659,-2.220446049250313e-16,0.9999999991137531
2,arousal_primary_6s,regression,ridge,full,25,-1.004361510212603,,,2659,-0.0036620724041218633,1.0036620715146294
2,arousal_primary_6s,regression,ridge,Pupil,6,-0.9991308725217675,,,2659,0.001094561423498508,0.9989054376912245
2,arousal_primary_6s,regression,ridge,Eye_Pupil,16,-1.0041263524364086,,,2659,-0.0037230871110238706,1.0037230862214772
2,arousal_primary_6s,regression,ridge,Pupil_no_quality,5,-0.9989517464571452,,,2659,0.0010144460544861955,0.9989855530601658
2,arousal_primary_6s,regression,ridge,Eye_Pupil_no_quality,15,-1.0037629193547108,,,2659,-0.0036771500252801292,1.0036771491357743
2,arousal_primary_6s,regression,random_forest,full,25,-1.02629236662811,,,2659,-0.022155078474212164,1.0221550775683304
2,arousal_primary_6s,regression,random_forest,Pupil,6,-1.0289071403533332,,,2659,-0.027593589237644656,1.027593588326943
2,arousal_primary_6s,regression,random_forest,Eye_Pupil,16,-1.0239481747480574,,,2659,-0.02312469468245082,1.0231246937757097
2,arousal_primary_6s,regression,random_forest,Pupil_no_quality,5,-1.027400656829204,,,2659,-0.026467670316005387,1.0264676694063015
2,arousal_primary_6s,regression,random_forest,Eye_Pupil_no_quality,15,-1.0181915787584135,,,2659,-0.018434754281756005,1.0184347533791713
3,attention_primary,classification,dummy,full,18,0.3333333333333333,0.3333333333333333,0.16657266403459298,2660,,
3,attention_primary,classification,logistic,full,18,0.32706968801929837,0.3270155909750658,0.31559695743376004,2660,,
3,attention_primary,classification,logistic,EEG,9,0.34478505933305625,0.3454377798872265,0.3364742887471108,2660,,
3,attention_primary,classification,logistic,compact_no_noise,9,0.3180175005823095,0.31948053270083804,0.29548863750766136,2660,,
3,attention_primary,classification,random_forest,full,18,0.3614130236245804,0.3631579974262464,0.3630633337190025,2660,,
3,attention_primary,classification,random_forest,EEG,9,0.3223366326700882,0.3240626455371163,0.31670896143240984,2660,,
3,attention_primary,classification,random_forest,compact_no_noise,9,0.3358110451183033,0.33574378850768943,0.3331945727249542,2660,,
3,attention_primary,regression,dummy,full,18,-0.9999999990837749,,,2660,0.0,0.9999999990652183
3,attention_primary,regression,ridge,full,18,-1.0075429731677683,,,2660,-0.007237179346702538,1.0072371784051557
3,attention_primary,regression,ridge,EEG,9,-1.004736470640285,,,2660,-0.004851251314376359,1.0048512503750597
3,attention_primary,regression,ridge,compact_no_noise,9,-1.0034448446952169,,,2660,-0.002977817295680474,1.0029778163581151
3,attention_primary,regression,random_forest,full,18,-1.0387842008651185,,,2660,-0.03718032276143268,1.0371803217918956
3,attention_primary,regression,random_forest,EEG,9,-1.0600038756414414,,,2660,-0.0612909937180639,1.0612909927259884
3,attention_primary,regression,random_forest,compact_no_noise,9,-1.0212553378081568,,,2660,-0.018243246387767087,1.0182432454359318
3,arousal_primary_6s,classification,dummy,full,25,0.3333333333333333,0.3333333333333333,0.16671365473169816,2660,,
3,arousal_primary_6s,classification,logistic,full,25,0.3546197400855057,0.35641907224409436,0.35430204346451194,2660,,
3,arousal_primary_6s,classification,logistic,Pupil,6,0.3318288826003235,0.3335008733287355,0.3222147150854087,2660,,
3,arousal_primary_6s,classification,logistic,Eye_Pupil,16,0.35368501850469075,0.3545214167012351,0.3543386429258924,2660,,
3,arousal_primary_6s,classification,logistic,Pupil_no_quality,5,0.35007826960496136,0.3526759318404884,0.3401286177008327,2660,,
3,arousal_primary_6s,classification,logistic,Eye_Pupil_no_quality,15,0.35662352449059714,0.35677790474057597,0.3564801747614513,2660,,
3,arousal_primary_6s,classification,random_forest,full,25,0.36226132560040686,0.36164716840441696,0.36047719334724876,2660,,
3,arousal_primary_6s,classification,random_forest,Pupil,6,0.3270874090673247,0.3266733004021808,0.3255667027163814,2660,,
3,arousal_primary_6s,classification,random_forest,Eye_Pupil,16,0.3399574093621884,0.3402181667646458,0.34020638671050357,2660,,
3,arousal_primary_6s,classification,random_forest,Pupil_no_quality,5,0.33940188114521225,0.340583785691321,0.33956404885737435,2660,,
3,arousal_primary_6s,classification,random_forest,Eye_Pupil_no_quality,15,0.3360811230225826,0.33570137331898003,0.33526156205414953,2660,,
3,arousal_primary_6s,regression,dummy,full,25,-0.9999999991793809,,,2660,0.0,0.999999999263136
3,arousal_primary_6s,regression,ridge,full,25,-1.0014088236152427,,,2660,-0.0017382762316591194,1.0017382754935142
3,arousal_primary_6s,regression,ridge,Pupil,6,-1.0001548637992446,,,2660,-0.00041047423484363854,1.000410473497677
3,arousal_primary_6s,regression,ridge,Eye_Pupil,16,-1.0023145673116427,,,2660,-0.0024587241190872078,1.0024587233804114
3,arousal_primary_6s,regression,ridge,Pupil_no_quality,5,-0.9992553554056446,,,2660,0.0007149566956458075,0.9992850425680169
3,arousal_primary_6s,regression,ridge,Eye_Pupil_no_quality,15,-1.0010669707642932,,,2660,-0.0008796915856512655,1.000879690848139
3,arousal_primary_6s,regression,random_forest,full,25,-1.0212380537541779,,,2660,-0.018416819152060615,1.018416818401626
3,arousal_primary_6s,regression,random_forest,Pupil,6,-1.0473084596302982,,,2660,-0.04645890348075432,1.0464589027096562
3,arousal_primary_6s,regression,random_forest,Eye_Pupil,16,-1.034044093946426,,,2660,-0.0319989962870495,1.0319989955266065
3,arousal_primary_6s,regression,random_forest,Pupil_no_quality,5,-1.0379928915942827,,,2660,-0.0383939088388503,1.038393908073695
3,arousal_primary_6s,regression,random_forest,Eye_Pupil_no_quality,15,-1.026881389752186,,,2660,-0.025109345215032386,1.025109344459666
4,attention_primary,classification,dummy,full,18,0.3333333333333333,0.3333333333333333,0.16648189209164818,2707,,
4,attention_primary,classification,logistic,full,18,0.32760072546741253,0.3276376807853461,0.3244520144922605,2707,,
4,attention_primary,classification,logistic,EEG,9,0.34039304221681865,0.3401941733253196,0.3151498869566494,2707,,
4,attention_primary,classification,logistic,compact_no_noise,9,0.31949938702323843,0.3195215192995437,0.3111525928970024,2707,,
4,attention_primary,classification,random_forest,full,18,0.3325322311091317,0.33242748613267165,0.32933765007274024,2707,,
4,attention_primary,classification,random_forest,EEG,9,0.3497868393606755,0.3498073794385386,0.34083311139207223,2707,,
4,attention_primary,classification,random_forest,compact_no_noise,9,0.33131690809842734,0.33094846831521846,0.32953646555280597,2707,,
4,attention_primary,regression,dummy,full,18,-1.0000000008364112,,,2707,0.0,1.0000000008498349
4,attention_primary,regression,ridge,full,18,-1.0118145552898872,,,2707,-0.011814617939240213,1.0118146187991157
4,attention_primary,regression,ridge,EEG,9,-1.0006692157879264,,,2707,-0.0006546019105313494,1.0006546027609227
4,attention_primary,regression,ridge,compact_no_noise,9,-1.0088744809838381,,,2707,-0.008869073231212665,1.0088690740885848
4,attention_primary,regression,random_forest,full,18,-1.0612195365926396,,,2707,-0.06089650930850077,1.0608965102100878
4,attention_primary,regression,random_forest,EEG,9,-1.0379996892338499,,,2707,-0.03778998961022784,1.037789990492178
4,attention_primary,regression,random_forest,compact_no_noise,9,-1.062110255465861,,,2707,-0.062084228376008355,1.0620842292786046
4,arousal_primary_6s,classification,dummy,full,25,0.36666666666666664,0.3333333333333333,0.20640992943976877,2707,,
4,arousal_primary_6s,classification,logistic,full,25,0.3666802912277468,0.35736877056133043,0.35473256811191806,2707,,
4,arousal_primary_6s,classification,logistic,Pupil,6,0.3704028307733172,0.35535307647183617,0.34225321529920244,2707,,
4,arousal_primary_6s,classification,logistic,Eye_Pupil,16,0.35293766122754644,0.3432882194029801,0.3393346715465588,2707,,
4,arousal_primary_6s,classification,logistic,Pupil_no_quality,5,0.3643129305609092,0.3558277852494016,0.3426806397274082,2707,,
4,arousal_primary_6s,classification,logistic,Eye_Pupil_no_quality,15,0.34986768234807375,0.3436366952701282,0.3400903991698005,2707,,
4,arousal_primary_6s,classification,random_forest,full,25,0.3540787275706158,0.33244481427231776,0.32563532122620814,2707,,
4,arousal_primary_6s,classification,random_forest,Pupil,6,0.3610478532528457,0.34191525956344426,0.33777121551862505,2707,,
4,arousal_primary_6s,classification,random_forest,Eye_Pupil,16,0.34433395789533544,0.34450293213272837,0.3401138339210063,2707,,
4,arousal_primary_6s,classification,random_forest,Pupil_no_quality,5,0.34525242810230267,0.33895571427614607,0.3357873449623914,2707,,
4,arousal_primary_6s,classification,random_forest,Eye_Pupil_no_quality,15,0.3463592451326851,0.3344376076792492,0.3315248362124393,2707,,
4,arousal_primary_6s,regression,dummy,full,25,-0.9999999988091588,,,2707,2.220446049250313e-16,0.9999999988179339
4,arousal_primary_6s,regression,ridge,full,25,-1.004157931415634,,,2707,-0.004163771959764917,1.0041637707727773
4,arousal_primary_6s,regression,ridge,Pupil,6,-0.999000593118631,,,2707,0.0009629161838494715,0.9990370826352228
4,arousal_primary_6s,regression,ridge,Eye_Pupil,16,-1.0001805704817417,,,2707,-0.00021681491067093717,1.0002168137283487
4,arousal_primary_6s,regression,ridge,Pupil_no_quality,5,-0.9975796762617201,,,2707,0.0023699919727953045,0.9976300068479402
4,arousal_primary_6s,regression,ridge,Eye_Pupil_no_quality,15,-0.9989345603592623,,,2707,0.0010175763174473662,0.9989824225016896
4,arousal_primary_6s,regression,random_forest,full,25,-1.051731215491825,,,2707,-0.05169133422323524,1.0516913329800668
4,arousal_primary_6s,regression,random_forest,Pupil,6,-1.039792885157928,,,2707,-0.03959167333333369,1.0395916721044678
4,arousal_primary_6s,regression,random_forest,Eye_Pupil,16,-1.0255578191327748,,,2707,-0.025251226232510193,1.0252512250205958
4,arousal_primary_6s,regression,random_forest,Pupil_no_quality,5,-1.050293313555615,,,2707,-0.050161846406293176,1.0501618451649326
4,arousal_primary_6s,regression,random_forest,Eye_Pupil_no_quality,15,-1.0276194324751011,,,2707,-0.027327991132856555,1.027327989918487
