participant,n_samples,duration_min,n_nan,n_sat_channels,sat_Fp1,sat_Fp2,sat_C3,sat_C4,sat_P7,sat_P8,sat_O1,sat_O2,sat_F7,sat_F8,sat_F3,sat_F4,sat_T7,sat_T8,sat_P3,sat_P4
P01,102091,13.612133333333333,0,6,0.0,0.0,0.0,0.0,100.0,0.0,48.47537980821032,0.0,100.0,0.0,100.0,100.0,100.0,0.0,0.0,100.0
P02,115474,15.396533333333334,0,1,0.0,0.0,0.0,0.0,100.0,0.0,0.0,0.0,0.0,0.0,0.0,0.0,0.0,0.0,0.0,0.0
P03,98578,13.143733333333333,0,1,0.0,0.0,0.0,0.0,100.0,0.0,0.0,0.0,0.0,0.0,0.0,0.0,0.0,0.0,0.0,0.0
P04,88012,11.734933333333334,0,0,0.0,0.0,0.0,0.0,0.0,0.0,0.0,0.0,0.0,0.0,0.0,0.0,0.0,0.0,0.0,0.0
P05,94527,12.6036,0,0,0.0,0.0,0.0,99.9989421011986,0.0,0.0,0.0,0.0,0.0,0.0,74.88230875834418,0.0,0.0,0.0,0.0,92.18106995884774
P06,118307,15.774266666666668,0,0,0.0,0.0,0.0,0.0,88.2737285198678,0.0,0.0,0.0,0.0,0.0,0.0,0.0,69.43460657442078,0.0,0.0,0.0
P07,103333,13.777733333333334,0,2,0.0,0.0,0.0,0.0,100.0,0.0,0.0,0.0,0.0,0.0,0.0,0.0,0.0,0.0,100.0,0.0
P08,119475,15.93,0,0,0.0,0.0,0.0,0.0,0.0,0.0,0.0,0.0,0.0,0.0,0.0,0.0,0.0,0.0,65.43377275580666,0.0
P09,98652,13.1536,0,1,0.0,0.0,0.5119004176296477,0.0,100.0,0.0,0.0,0.0,0.0,0.0,0.0,0.0,1.4840043790293151,99.99898633580668,0.0,0.0
P10,93063,12.4084,0,2,0.0,98.81263230284861,0.0,0.0,0.0,0.0,100.0,6.880285398063678,0.0,0.0,0.0,0.0,0.0,0.0,100.0,62.731697882079885
P11,92475,12.33,0,3,0.0,100.0,0.0,0.0,0.0,0.0,0.0,0.0,0.0,0.0,0.0,0.0,100.0,100.0,0.0,0.0
P12,90078,12.0104,0,1,0.0,0.0,0.0,0.0,0.07104953484757653,0.0,0.2697662026243922,0.0,0.0,0.0,0.0,0.0,100.0,0.0,0.5184395745909101,32.850418526166216
P13,99394,13.252533333333334,0,0,0.0,0.0,0.0,0.0,0.0,0.0,0.0,0.0,0.0,0.0,0.0,0.0,0.0,0.0,25.59611244139485,0.0
P14,98603,13.147066666666666,0,4,0.0,0.0,0.0,0.0,100.0,0.0,100.0,100.0,0.1805218908146811,0.0,0.0,0.0,99.99898583207407,0.0,100.0,0.0
P15,92646,12.3528,0,4,0.0,98.9929408717052,0.0,0.0,69.50219113615267,0.0,100.0,100.0,0.0,0.0,0.0,0.0,100.0,0.0010793774151069662,100.0,0.0
P16,88720,11.829333333333333,0,4,0.0,0.0,0.0,0.0,0.0,100.0,10.653742110009016,100.0,0.0,0.0,0.0,0.0,0.0,100.0,0.0,100.0
P17,107399,14.319866666666666,0,7,0.0,0.0,100.0,0.0,100.0,100.0,99.54748182012868,99.48882205607129,21.39964059255673,100.0,0.0,0.0,100.0,91.36863471726925,100.0,100.0
P18,88154,11.753866666666665,0,1,1.0016561925720897,1.005059327994192,0.5808017787054474,0.8632620187399324,1.0027905710461238,1.0016561925720897,0.8564557478957279,0.9415341334482836,1.0005218140980556,0.8224243936747055,0.9528779181886246,1.7424053361163416,0.9993874356240215,1.0005218140980556,0.781586768609479,100.0
P19,93820,12.509333333333332,0,1,0.0,1.0029844382860797,18.14218716691537,24.291195907056064,0.0,1.4176081858878704,0.0,0.37625239820933704,100.0,31.120230228096357,0.30377318269025794,38.56107439778299,0.0,29.1984651460243,13.596248134726071,81.56043487529313
P20,115023,15.3364,0,1,0.0,0.0,0.0,0.0,0.0,0.0,0.0,0.0,0.0,0.0,0.0,100.0,0.0,63.55859262930023,6.886448797197082,0.0
P21,98899,13.186533333333333,0,0,0.1354917643252207,0.0,0.0,0.0,0.0,0.0,0.553089515566386,0.0,0.0,0.0,0.2719946612200326,0.0,0.0,0.0,0.0,0.0
P22,94600,12.613333333333333,0,0,0.0,0.0,0.0,0.0,0.0,0.0,0.0,0.0,0.0,0.0,0.0,0.0,0.0,0.0,0.0,0.0
P23,81720,10.895999999999999,0,2,0.0,0.0,0.0,0.0,0.0,0.0,100.0,100.0,0.0,0.0,0.0,0.0012236906510034262,0.0,0.0,0.0,0.0
P24,96008,12.801066666666665,0,0,0.0,0.0,0.0,0.0,0.0,0.0,0.0,0.0,0.0,0.0,0.0,0.0,0.0,0.0,0.0,0.0
P25_REVISAR,95685,12.758000000000001,0,2,0.0,36.18435491456341,0.0,0.0,0.0,0.0,100.0,0.0,0.0,0.0,0.0,0.0,0.0,0.0010450958875476825,100.0,0.0
P26,95667,12.7556,0,0,0.0,0.0,0.0,0.0,0.0,0.0,31.647276490325815,0.0,0.0,0.0,0.3627165062142641,0.0,0.0,0.0,0.0,0.0
P27,89607,11.9476,0,2,0.0,0.0,0.0,0.0,0.0,0.0,100.0,100.0,66.73585768968942,7.416831274342406,0.0,22.468110750276207,0.0,0.0,0.0,0.0
P28,85811,11.441466666666667,0,0,0.0,0.0,0.0,0.0,0.0,0.0,0.0,0.0,66.15002738576639,0.0,0.36242439780447727,0.0,0.0,0.0,0.0,0.0
P29,129477,17.2636,0,0,0.2054418931547688,0.13206978845663708,0.22706735559211288,0.2247503417595403,0.2247503417595403,0.22783969353630373,0.15369525089398117,0.2247503417595403,0.23479073503402148,0.22783969353630373,0.2077589069873414,0.22552267970373116,0.22552267970373116,0.21007592081991397,0.21548228642925,0.3120245294531075
P30,113823,15.1764,0,0,0.0,0.0,0.0,0.0,0.0,0.0,0.0,0.0,0.0,0.0,0.0,0.0,0.0,0.0,0.0,0.0
P31,113737,15.164933333333332,0,2,0.0,0.0,0.0,0.0,100.0,0.0,0.0,0.0,99.99912077863844,0.0,0.0,0.0,0.0,0.0,0.0,100.0
P32,94772,12.636266666666668,0,0,0.0,99.99894483602752,0.0,0.0,0.0,0.0,0.05697885451399148,0.0,0.0,0.0,0.0,1.7768961296585488,0.0,0.0,0.0,0.0
P33,92882,12.384266666666667,0,0,0.0,0.9614349389548029,0.0,0.0,0.0,0.0,0.22501668784048576,0.0,0.0,0.0,0.0,0.0,0.0,0.0,0.0,0.0635214573329601
P34,102181,13.624133333333333,0,0,0.0,0.0,0.0,0.0,0.23781329209931396,0.0,0.1634354723480882,0.0,0.0,0.0,0.0,0.0,0.0,0.0,0.0,0.0
P35,98449,13.126533333333333,0,0,0.46927850968521767,0.47943605318489774,0.5068614206340338,2.0487765238854636,20.387205558207803,59.03665857449034,57.48661743643917,0.49873538583428983,0.5962478034312182,0.48959359668457775,18.72543144166015,0.47943605318489774,0.49873538583428983,7.20474560432305,54.80401019817367,99.68410039715995
P36,92605,12.347333333333333,0,0,0.0,0.0,0.0,0.0,0.0,0.0,0.0,0.0,0.0,0.0,0.0,0.0,0.0,0.0,0.0,0.0
P37,98178,13.090399999999999,0,0,0.0,0.0,0.5245574364929007,0.0,0.0,0.0,0.0,0.0,0.0,0.0,0.0,0.0,0.0,0.0,0.0,0.014259813807573999
P38,123982,16.530933333333333,0,0,0.0,0.0,0.0,0.0,0.0,20.878030681873174,32.16273329999516,0.6718717233146747,0.0,0.0,0.0,0.0,7.96405929893049,0.0,0.0,27.374134955074126
P39,91655,12.220666666666666,0,0,0.0,0.0,0.0,0.0,0.0,0.0,0.0,0.0,0.0,0.0,25.079919262451583,0.0,0.0,0.0,0.0,0.0
P40,89683,11.957733333333334,0,0,0.0,0.0,0.0,0.0,0.0,0.0,0.0,0.0,0.0,0.2430783983586633,0.0,0.0,0.0,0.0,0.0,0.0011150385245810243
P41,95082,12.6776,0,1,0.0,0.0,0.0,0.0,0.0,0.0,0.0,0.0,0.0,100.0,0.0,0.11463789150417535,0.0,8.317031614816685,0.0,0.0
P42,90054,12.007200000000001,0,1,0.0,0.0,0.0,0.0,0.0,0.0,0.0,0.0,0.0,100.0,0.0,0.0,0.0,0.0,0.0,0.0
P43,111674,14.889866666666668,0,0,0.0,0.0,0.0,0.0,0.0,0.0,0.0,0.0,0.0,0.0,0.5211598044307538,0.0,0.0,0.0,0.0,0.0
P44,101817,13.5756,0,0,0.0,0.0,0.0,0.0,0.0,0.0,0.0,0.0,0.0,0.0,0.0,0.0,0.0,0.0,0.0,0.0
P45,100321,13.376133333333334,0,0,0.0,0.0,0.0,0.0,0.0,0.0,0.0,0.0,0.0,0.10466402846861574,0.0,1.8869429132484725,0.0,0.0,0.0,0.0
P46,109933,14.657733333333335,0,0,0.0,0.0,0.0,0.0,0.0,0.0,22.1980660948032,16.486405355989557,0.0,0.0,0.0,0.0,0.0,0.0,0.0,0.0
P47,124075,16.543333333333333,0,0,0.0,6.828128148297401,0.0,0.0,0.0,0.0,0.0,0.0,0.0,0.0,0.0,0.0,0.0,0.0,0.0,0.0
P48,105943,14.125733333333333,0,0,0.0,0.0,0.0,0.0,0.0,0.0,0.0,0.0,0.0,0.0,0.0,0.0,0.0,0.0,0.09439037973249766,0.0
