participant,tobii_recording,timeline,tobii_start_utc,tobii_duration_s,eeg_session,eeg_file,eeg_start_utc,offset_tobii_minus_eeg_s,drift_scale,match_status
Test_Participant,test,SlowWeb G1,2025-08-07T18:45:41.644000+00:00,785.608,OpenBCISession_P1_test,OpenBCISession_P1_test/OpenBCI-RAW-2025-08-08_12-07-40.txt,2025-08-08T16:07:44.333000+00:00,-76922.689,1.0,revisar_participante
P1,P1,SlowWeb G1,2025-08-08T16:22:37.297000+00:00,755.225,OpenBCISession_P1,OpenBCISession_P1/OpenBCI-RAW-2025-08-08_12-21-46.txt,2025-08-08T16:21:50.131000+00:00,47.166,1.0,candidato
P2,P2,SlowWeb G2,2025-08-08T17:24:10.123000+00:00,885.513,OpenBCISession_P2,OpenBCISession_P2/OpenBCI-RAW-2025-08-08_13-23-57.txt,2025-08-08T17:23:57.552000+00:00,12.571,1.0,candidato
P3,P3,SlowWeb G3,2025-08-08T19:18:41.654000+00:00,701.626,OpenBCISession_P3,OpenBCISession_P3/OpenBCI-RAW-2025-08-08_15-17-28.txt,2025-08-08T19:17:28.314000+00:00,73.34,1.0,candidato
P4,P4,SlowWeb G2,2025-08-12T14:53:49.865000+00:00,683.643,OpenBCISession_P4,OpenBCISession_P4/OpenBCI-RAW-2025-08-12_10-53-47.txt,2025-08-12T14:53:47.701000+00:00,2.164,1.0,candidato
P5,P5,SlowWeb G1,2025-08-12T16:09:33.654000+00:00,688.138,OpenBCISession_P5,OpenBCISession_P5/OpenBCI-RAW-2025-08-12_12-08-44.txt,2025-08-12T16:08:44.172000+00:00,49.482,1.0,candidato
P6,P6,SlowWeb G3,2025-08-18T16:23:58.371000+00:00,908.509,OpenBCISession_P6,OpenBCISession_P6/OpenBCI-RAW-2025-08-18_12-23-35.txt,2025-08-18T16:23:35.619000+00:00,22.752,1.0,candidato
P7,P7,SlowWeb G4,2025-08-18T17:38:33.999000+00:00,801.467,OpenBCISession_P7,OpenBCISession_P7/OpenBCI-RAW-2025-08-18_13-38-20.txt,2025-08-18T17:38:20.691000+00:00,13.308,1.0,candidato
P8,P8,SlowWeb G4,2025-08-18T22:11:35.099000+00:00,892.409,OpenBCISession_P8,OpenBCISession_P8/OpenBCI-RAW-2025-08-18_18-10-48.txt,2025-08-18T22:10:48.150000+00:00,46.949,1.0,candidato
P9,P9,SlowWeb G1,2025-08-18T23:09:25.535000+00:00,752.219,OpenBCISession_P9,OpenBCISession_P9/OpenBCI-RAW-2025-08-18_19-09-03.txt,2025-08-18T23:09:03.556000+00:00,21.979,1.0,candidato
P10,P10,SlowWeb G2,2025-08-19T15:19:45.056000+00:00,711.116,OpenBCISession_P10,OpenBCISession_P10/OpenBCI-RAW-2025-08-19_11-19-23.txt,2025-08-19T15:19:23.564000+00:00,21.492,1.0,candidato
P11,P11,SlowWeb G3,2025-08-19T17:23:26.949000+00:00,697.626,OpenBCISession_P11,OpenBCISession_P11/OpenBCI-RAW-2025-08-19_13-22-52.txt,2025-08-19T17:22:52.971000+00:00,33.978,1.0,candidato
P12,P12,SlowWeb G1,2025-08-19T17:59:14.923000+00:00,688.637,OpenBCISession_P12,OpenBCISession_P12/OpenBCI-RAW-2025-08-19_13-59-01.txt,2025-08-19T17:59:01.760000+00:00,13.163,1.0,candidato
P13,P13,SlowWeb G2,2025-08-19T19:24:28.098000+00:00,761.101,OpenBCISession_P13,OpenBCISession_P13/OpenBCI-RAW-2025-08-19_15-24-03.txt,2025-08-19T19:24:03.412000+00:00,24.686,1.0,candidato
P14,P14,SlowWeb G3,2025-08-19T20:12:44.403000+00:00,766.201,OpenBCISession_P14,OpenBCISession_P14/OpenBCI-RAW-2025-08-19_16-12-34.txt,2025-08-19T20:12:34.620000+00:00,9.783,1.0,candidato
P15,P15,SlowWeb G4,2025-08-19T21:18:32.367000+00:00,705.276,OpenBCISession_P15,OpenBCISession_P15/OpenBCI-RAW-2025-08-19_17-18-12.txt,2025-08-19T21:18:12.873000+00:00,19.494,1.0,candidato
P16,P16,SlowWeb G4,2025-08-19T22:29:41.942000+00:00,690.827,OpenBCISession_P16,OpenBCISession_P16/OpenBCI-RAW-2025-08-19_18-29-32.txt,2025-08-19T22:29:32.182000+00:00,9.76,1.0,candidato
P17,P17,SlowWeb G3,2025-08-20T12:21:26.433000+00:00,834.7,OpenBCISession_P17,OpenBCISession_P17/OpenBCI-RAW-2025-08-20_08-21-16.txt,2025-08-20T12:21:16.766000+00:00,9.667,1.0,candidato
P18,P18,SlowWeb G2,2025-08-20T12:54:16.235000+00:00,676.088,OpenBCISession_P18,OpenBCISession_P18/OpenBCI-RAW-2025-08-20_08-54-09.txt,2025-08-20T12:54:09.103000+00:00,7.132,1.0,candidato
P19,P19,SlowWeb G3,2025-08-20T15:19:07.399000+00:00,716.154,OpenBCISession_P19,OpenBCISession_P19/OpenBCI-RAW-2025-08-20_11-18-46.txt,2025-08-20T15:18:46.960000+00:00,20.439,1.0,candidato
P20,P20,SlowWeb G4,2025-08-20T17:15:02.851000+00:00,906.332,OpenBCISession_P20,OpenBCISession_P20/OpenBCI-RAW-2025-08-20_13-14-54.txt,2025-08-20T17:14:54.713000+00:00,8.138,1.0,candidato
P21,P21,SlowWeb G3,2025-08-20T18:14:06.184000+00:00,778.348,OpenBCISession_P21,OpenBCISession_P21/OpenBCI-RAW-2025-08-20_14-14-02.txt,2025-08-20T18:14:03.073000+00:00,3.111,1.0,candidato
P22,P22,SlowWeb G4,2025-08-20T19:55:56.361000+00:00,728.969,OpenBCISession_P22,OpenBCISession_P22/OpenBCI-RAW-2025-08-20_15-55-41.txt,2025-08-20T19:55:41.255000+00:00,15.106,1.0,candidato
P23,P23,SlowWeb G1,2025-08-20T21:44:15.962000+00:00,634.699,OpenBCISession_P23,OpenBCISession_P23/OpenBCI-RAW-2025-08-20_17-44-08.txt,2025-08-20T21:44:08.407000+00:00,7.555,1.0,candidato
P24,P24,SlowWeb G1,2025-08-21T14:30:17.387000+00:00,744.859,OpenBCISession_P24,OpenBCISession_P24/OpenBCI-RAW-2025-08-21_10-30-06.txt,2025-08-21T14:30:06.318000+00:00,11.069,1.0,candidato
P25,P25,SlowWeb G1,2025-08-21T15:27:20.311000+00:00,860.94,OpenBCISession_P25,OpenBCISession_P25/OpenBCI-RAW-2025-08-21_11-28-39.txt,2025-08-21T15:28:39.948000+00:00,-79.637,1.0,candidato
P26,P26,SlowWeb G2,2025-08-21T18:49:35.752000+00:00,733.162,OpenBCISession_P26,OpenBCISession_P26/OpenBCI-RAW-2025-08-21_14-49-12.txt,2025-08-21T18:49:12.288000+00:00,23.464,1.0,candidato
P27,P27,SlowWeb G1,2025-08-25T16:46:31.191000+00:00,689.516,OpenBCISession_P27,OpenBCISession_P27/OpenBCI-RAW-2025-08-25_12-46-20.txt,2025-08-25T16:46:20.595000+00:00,10.596,1.0,candidato
P28,P28,SlowWeb G3,2025-08-25T17:38:31.120000+00:00,641.016,OpenBCISession_P28,OpenBCISession_P28/OpenBCI-RAW-2025-08-25_13-38-19.txt,2025-08-25T17:38:19.811000+00:00,11.309,1.0,candidato
P29,P29,SlowWeb G3,2025-08-26T14:25:47.650000+00:00,693.276,OpenBCISession_P29,OpenBCISession_P29/OpenBCI-RAW-2025-08-26_10-20-17.txt,2025-08-26T14:20:17.738000+00:00,329.912,1.0,revisar_offset
P30,P30,SlowWeb G4,2025-08-26T15:46:25.593000+00:00,814.201,OpenBCISession_P30,OpenBCISession_P30/OpenBCI-RAW-2025-08-26_11-44-59.txt,2025-08-26T15:44:59.383000+00:00,86.21,1.0,candidato
P31,P31,SlowWeb G2,2025-08-26T19:39:52.575000+00:00,801.724,OpenBCISession_P31,OpenBCISession_P31/OpenBCI-RAW-2025-08-26_15-38-43.txt,2025-08-26T19:38:43.706000+00:00,68.869,1.0,candidato
P32,P32,SlowWeb G1,2025-08-26T21:18:18.400000+00:00,736.844,OpenBCISession_P32,OpenBCISession_P32/OpenBCI-RAW-2025-08-26_17-18-05.txt,2025-08-26T21:18:05.377000+00:00,13.023,1.0,candidato
P33,P33,SlowWeb G3,2025-08-27T13:32:13.082000+00:00,722.621,OpenBCISession_P33,OpenBCISession_P33/OpenBCI-RAW-2025-08-27_09-32-00.txt,2025-08-27T13:32:00.815000+00:00,12.267,1.0,candidato
P34,P34,SlowWeb G2,2025-08-27T15:42:11.560000+00:00,755.244,OpenBCISession_P34,OpenBCISession_P34/OpenBCI-RAW-2025-08-27_11-41-53.txt,2025-08-27T15:41:53.312000+00:00,18.248,1.0,candidato
P35,P35,SlowWeb G4,2025-08-27T16:16:07.732000+00:00,761.658,OpenBCISession_P35,OpenBCISession_P35/OpenBCI-RAW-2025-08-27_12-15-59.txt,2025-08-27T16:15:59.925000+00:00,7.807,1.0,candidato
P36,P36,SlowWeb G2,2025-08-27T16:46:21.134000+00:00,724.153,OpenBCISession_P36,OpenBCISession_P36/OpenBCI-RAW-2025-08-27_12-46-11.txt,2025-08-27T16:46:11.921000+00:00,9.213,1.0,candidato
P37,P37,SlowWeb G2,2025-08-27T17:21:17.835000+00:00,763.915,OpenBCISession_P37,OpenBCISession_P37/OpenBCI-RAW-2025-08-27_13-21-05.txt,2025-08-27T17:21:05.943000+00:00,11.892,1.0,candidato
P38,P38,SlowWeb G4,2025-08-27T18:05:07.891000+00:00,974.126,OpenBCISession_P38,OpenBCISession_P38/OpenBCI-RAW-2025-08-27_14-04-59.txt,2025-08-27T18:04:59.787000+00:00,8.104,1.0,candidato
P39,P39,SlowWeb G1,2025-08-28T18:43:55.743000+00:00,707.724,OpenBCISession_P39,OpenBCISession_P39/OpenBCI-RAW-2025-08-28_14-43-41.txt,2025-08-28T18:43:41.865000+00:00,13.878,1.0,candidato
P40,P40,SlowWeb G3,2025-08-29T13:42:23.179000+00:00,691.755,OpenBCISession_P40,OpenBCISession_P40/OpenBCI-RAW-2025-08-29_09-42-09.txt,2025-08-29T13:42:09.843000+00:00,13.336,1.0,candidato
P41,P41,SlowWeb G4,2025-08-29T14:29:42.173000+00:00,743.801,OpenBCISession_P41,OpenBCISession_P41/OpenBCI-RAW-2025-08-29_10-29-31.txt,2025-08-29T14:29:31.408000+00:00,10.765,1.0,candidato
P42,P42,SlowWeb G1,2025-08-29T17:21:17.351000+00:00,701.965,OpenBCISession_P42,OpenBCISession_P42/OpenBCI-RAW-2025-08-29_13-21-07.txt,2025-08-29T17:21:07.638000+00:00,9.713,1.0,candidato
P43,P43,SlowWeb G2,2025-08-29T19:55:39.498000+00:00,879.659,OpenBCISession_P43,OpenBCISession_P43/OpenBCI-RAW-2025-08-29_15-55-30.txt,2025-08-29T19:55:30.203000+00:00,9.295,1.0,candidato
P44,P44,SlowWeb G1,2025-08-30T14:26:49.958000+00:00,772.395,OpenBCISession_P44,OpenBCISession_P44/OpenBCI-RAW-2025-08-30_10-26-20.txt,2025-08-30T14:26:20.771000+00:00,29.187,1.0,candidato
P45,P45,SlowWeb G3,2025-08-30T15:16:17.697000+00:00,766.588,OpenBCISession_P45,OpenBCISession_P45/OpenBCI-RAW-2025-08-30_11-15-45.txt,2025-08-30T15:15:45.889000+00:00,31.808,1.0,candidato
P46,P46,SlowWeb G4,2025-08-30T15:52:11.188000+00:00,805.374,OpenBCISession_P46,OpenBCISession_P46/OpenBCI-RAW-2025-08-30_11-51-04.txt,2025-08-30T15:51:04.914000+00:00,66.274,1.0,candidato
P47,P47,SlowWeb G2,2025-08-30T16:57:55.394000+00:00,974.779,OpenBCISession_P47,OpenBCISession_P47/OpenBCI-RAW-2025-08-30_12-57-43.txt,2025-08-30T16:57:43.155000+00:00,12.239,1.0,candidato
P48,P48,SlowWeb G1,2025-08-30T18:17:25.775000+00:00,821.307,OpenBCISession_P48,OpenBCISession_P48/OpenBCI-RAW-2025-08-30_14-17-07.txt,2025-08-30T18:17:07.547000+00:00,18.228,1.0,candidato
