session,participant,kind,source_file,format,start_utc,sample_rate_hz,channels
OpenBCISession_P1_test,P1,test,OpenBCISession_P1_test/OpenBCI-RAW-2025-08-08_12-07-40.txt,OpenBCI TXT,2025-08-08T16:07:44.333000+00:00,125.0,16
OpenBCISession_P1,P1,principal,OpenBCISession_P1/OpenBCI-RAW-2025-08-08_12-21-46.txt,OpenBCI TXT,2025-08-08T16:21:50.131000+00:00,125.0,16
OpenBCISession_P2_test,P2,test,OpenBCISession_P2_test/OpenBCI-RAW-2025-08-08_13-09-10.txt,OpenBCI TXT,2025-08-08T17:09:10.918000+00:00,125.0,16
OpenBCISession_P2,P2,principal,OpenBCISession_P2/OpenBCI-RAW-2025-08-08_13-23-57.txt,OpenBCI TXT,2025-08-08T17:23:57.552000+00:00,125.0,16
OpenBCISession_P3_test,P3,test,OpenBCISession_P3_test/OpenBCI-RAW-2025-08-08_15-02-21.txt,OpenBCI TXT,2025-08-08T19:02:21.423000+00:00,125.0,16
OpenBCISession_P3,P3,principal,OpenBCISession_P3/OpenBCI-RAW-2025-08-08_15-17-28.txt,OpenBCI TXT,2025-08-08T19:17:28.314000+00:00,125.0,16
OpenBCISession_P4,P4,principal,OpenBCISession_P4/OpenBCI-RAW-2025-08-12_10-53-47.txt,OpenBCI TXT,2025-08-12T14:53:47.701000+00:00,125.0,16
OpenBCISession_P5_test,P5,test,OpenBCISession_P5_test/OpenBCI-RAW-2025-08-12_11-52-30.txt,OpenBCI TXT,2025-08-12T15:52:30.768000+00:00,125.0,16
OpenBCISession_P5,P5,principal,OpenBCISession_P5/OpenBCI-RAW-2025-08-12_12-08-44.txt,OpenBCI TXT,2025-08-12T16:08:44.172000+00:00,125.0,16
OpenBCISession_P6_test,P6,test,OpenBCISession_P6_test/OpenBCI-RAW-2025-08-18_12-09-50.txt,OpenBCI TXT,2025-08-18T16:09:50.830000+00:00,125.0,16
OpenBCISession_P6,P6,principal,OpenBCISession_P6/OpenBCI-RAW-2025-08-18_12-23-35.txt,OpenBCI TXT,2025-08-18T16:23:35.619000+00:00,125.0,16
OpenBCISession_2025-08-18_13-04-51,,sin_identificador,OpenBCISession_2025-08-18_13-04-51/OpenBCI-RAW-2025-08-18_13-05-15.txt,OpenBCI TXT,2025-08-18T17:05:15.419000+00:00,125.0,16
OpenBCISession_2025-08-18_13-34-02,,sin_identificador,OpenBCISession_2025-08-18_13-34-02/OpenBCI-RAW-2025-08-18_13-34-34.txt,OpenBCI TXT,2025-08-18T17:34:34.404000+00:00,125.0,16
OpenBCISession_P7,P7,principal,OpenBCISession_P7/OpenBCI-RAW-2025-08-18_13-38-20.txt,OpenBCI TXT,2025-08-18T17:38:20.691000+00:00,125.0,16
OpenBCISession_P8_test,P8,test,OpenBCISession_P8_test/OpenBCI-RAW-2025-08-18_17-52-26.txt,OpenBCI TXT,2025-08-18T21:52:26.389000+00:00,125.0,16
OpenBCISession_testp8,,test,OpenBCISession_testp8/OpenBCI-RAW-2025-08-18_18-08-12.txt,OpenBCI TXT,2025-08-18T22:08:12.263000+00:00,125.0,16
OpenBCISession_P8,P8,principal,OpenBCISession_P8/OpenBCI-RAW-2025-08-18_18-10-48.txt,OpenBCI TXT,2025-08-18T22:10:48.150000+00:00,125.0,16
OpenBCISession_test_P9,P9,test,OpenBCISession_test_P9/OpenBCI-RAW-2025-08-18_18-46-02.txt,OpenBCI TXT,2025-08-18T22:46:02.126000+00:00,125.0,16
OpenBCISession_P9,P9,principal,OpenBCISession_P9/OpenBCI-RAW-2025-08-18_19-09-03.txt,OpenBCI TXT,2025-08-18T23:09:03.556000+00:00,125.0,16
OpenBCISession_P10_test,P10,test,OpenBCISession_P10_test/OpenBCI-RAW-2025-08-19_10-59-53.txt,OpenBCI TXT,2025-08-19T14:59:53.678000+00:00,125.0,16
OpenBCISession_P10,P10,principal,OpenBCISession_P10/OpenBCI-RAW-2025-08-19_11-19-23.txt,OpenBCI TXT,2025-08-19T15:19:23.564000+00:00,125.0,16
OpenBCISession_P11_test,P11,test,OpenBCISession_P11_test/OpenBCI-RAW-2025-08-19_13-06-09.txt,OpenBCI TXT,2025-08-19T17:06:09.639000+00:00,125.0,16
OpenBCISession_P11,P11,principal,OpenBCISession_P11/OpenBCI-RAW-2025-08-19_13-22-52.txt,OpenBCI TXT,2025-08-19T17:22:52.971000+00:00,125.0,16
OpenBCISession_P12_test,P12,test,OpenBCISession_P12_test/OpenBCI-RAW-2025-08-19_13-47-00.txt,OpenBCI TXT,2025-08-19T17:47:00.491000+00:00,125.0,16
OpenBCISession_P12,P12,principal,OpenBCISession_P12/OpenBCI-RAW-2025-08-19_13-59-01.txt,OpenBCI TXT,2025-08-19T17:59:01.760000+00:00,125.0,16
OpenBCISession_test_p13,P13,test,OpenBCISession_test_p13/OpenBCI-RAW-2025-08-19_15-09-21.txt,OpenBCI TXT,2025-08-19T19:09:21.272000+00:00,125.0,16
OpenBCISession_P13,P13,principal,OpenBCISession_P13/OpenBCI-RAW-2025-08-19_15-24-03.txt,OpenBCI TXT,2025-08-19T19:24:03.412000+00:00,125.0,16
OpenBCISession_P14_test,P14,test,OpenBCISession_P14_test/OpenBCI-RAW-2025-08-19_15-51-34.txt,OpenBCI TXT,2025-08-19T19:51:34.985000+00:00,125.0,16
OpenBCISession_P14,P14,principal,OpenBCISession_P14/OpenBCI-RAW-2025-08-19_16-12-34.txt,OpenBCI TXT,2025-08-19T20:12:34.620000+00:00,125.0,16
OpenBCISession_P15_test,P15,test,OpenBCISession_P15_test/OpenBCI-RAW-2025-08-19_16-57-55.txt,OpenBCI TXT,2025-08-19T20:57:55.365000+00:00,125.0,16
OpenBCISession_P15,P15,principal,OpenBCISession_P15/OpenBCI-RAW-2025-08-19_17-18-12.txt,OpenBCI TXT,2025-08-19T21:18:12.873000+00:00,125.0,16
OpenBCISession_test_P16,P16,test,OpenBCISession_test_P16/OpenBCI-RAW-2025-08-19_18-08-48.txt,OpenBCI TXT,2025-08-19T22:08:48.654000+00:00,125.0,16
OpenBCISession_P16,P16,principal,OpenBCISession_P16/OpenBCI-RAW-2025-08-19_18-29-32.txt,OpenBCI TXT,2025-08-19T22:29:32.182000+00:00,125.0,16
OpenBCISession_test_P17,P17,test,OpenBCISession_test_P17/OpenBCI-RAW-2025-08-20_08-08-53.txt,OpenBCI TXT,2025-08-20T12:08:53.875000+00:00,125.0,16
OpenBCISession_P17,P17,principal,OpenBCISession_P17/OpenBCI-RAW-2025-08-20_08-21-16.txt,OpenBCI TXT,2025-08-20T12:21:16.766000+00:00,125.0,16
OpenBCISession_test_P18,P18,test,OpenBCISession_test_P18/OpenBCI-RAW-2025-08-20_08-45-04.txt,OpenBCI TXT,2025-08-20T12:45:04.478000+00:00,125.0,16
OpenBCISession_P18,P18,principal,OpenBCISession_P18/OpenBCI-RAW-2025-08-20_08-54-09.txt,OpenBCI TXT,2025-08-20T12:54:09.103000+00:00,125.0,16
OpenBCISession_prueba_soldar,,test,OpenBCISession_prueba_soldar/OpenBCI-RAW-2025-08-20_09-43-02.txt,OpenBCI TXT,2025-08-20T13:43:02.159000+00:00,125.0,16
OpenBCISession_sold_t1,,test,OpenBCISession_sold_t1/OpenBCI-RAW-2025-08-20_10-15-14.txt,OpenBCI TXT,2025-08-20T14:15:14.626000+00:00,125.0,16
OpenBCISession_sold_test2,,test,OpenBCISession_sold_test2/OpenBCI-RAW-2025-08-20_10-43-12.txt,OpenBCI TXT,2025-08-20T14:43:12.942000+00:00,125.0,16
OpenBCISession_2025-08-20_10-45-28,,sin_identificador,OpenBCISession_2025-08-20_10-45-28/OpenBCI-RAW-2025-08-20_10-45-35.txt,OpenBCI TXT,2025-08-20T14:45:35.896000+00:00,125.0,16
OpenBCISession_test_P19,P19,test,OpenBCISession_test_P19/OpenBCI-RAW-2025-08-20_11-08-57.txt,OpenBCI TXT,2025-08-20T15:08:57.475000+00:00,125.0,16
OpenBCISession_P19,P19,principal,OpenBCISession_P19/OpenBCI-RAW-2025-08-20_11-18-46.txt,OpenBCI TXT,2025-08-20T15:18:46.960000+00:00,125.0,16
OpenBCISession_test_P20,P20,test,OpenBCISession_test_P20/OpenBCI-RAW-2025-08-20_13-00-16.txt,OpenBCI TXT,2025-08-20T17:00:16.966000+00:00,125.0,16
OpenBCISession_2025-08-20_13-10-26,,sin_identificador,OpenBCISession_2025-08-20_13-10-26/OpenBCI-RAW-2025-08-20_13-10-38.txt,OpenBCI TXT,2025-08-20T17:10:38.560000+00:00,125.0,16
OpenBCISession_P20,P20,principal,OpenBCISession_P20/OpenBCI-RAW-2025-08-20_13-14-54.txt,OpenBCI TXT,2025-08-20T17:14:54.713000+00:00,125.0,16
OpenBCISession_test_P21,P21,test,OpenBCISession_test_P21/OpenBCI-RAW-2025-08-20_14-05-54.txt,OpenBCI TXT,2025-08-20T18:05:54.866000+00:00,125.0,16
OpenBCISession_P21,P21,principal,OpenBCISession_P21/OpenBCI-RAW-2025-08-20_14-14-02.txt,OpenBCI TXT,2025-08-20T18:14:03.073000+00:00,125.0,16
OpenBCISession_2025-08-20_15-40-13,,sin_identificador,OpenBCISession_2025-08-20_15-40-13/OpenBCI-RAW-2025-08-20_15-40-25.txt,OpenBCI TXT,2025-08-20T19:40:25.251000+00:00,125.0,16
OpenBCISession_test_p22,P22,test,OpenBCISession_test_p22/OpenBCI-RAW-2025-08-20_15-40-50.txt,OpenBCI TXT,2025-08-20T19:40:50.805000+00:00,125.0,16
OpenBCISession_P22,P22,principal,OpenBCISession_P22/OpenBCI-RAW-2025-08-20_15-55-41.txt,OpenBCI TXT,2025-08-20T19:55:41.255000+00:00,125.0,16
OpenBCISession_test_P23,P23,test,OpenBCISession_test_P23/OpenBCI-RAW-2025-08-20_17-21-26.txt,OpenBCI TXT,2025-08-20T21:21:26.753000+00:00,125.0,16
OpenBCISession_P23,P23,principal,OpenBCISession_P23/OpenBCI-RAW-2025-08-20_17-44-08.txt,OpenBCI TXT,2025-08-20T21:44:08.407000+00:00,125.0,16
OpenBCISession_P24_test,P24,test,OpenBCISession_P24_test/OpenBCI-RAW-2025-08-21_10-16-14.txt,OpenBCI TXT,2025-08-21T14:16:14.509000+00:00,125.0,16
OpenBCISession_P24,P24,principal,OpenBCISession_P24/OpenBCI-RAW-2025-08-21_10-30-06.txt,OpenBCI TXT,2025-08-21T14:30:06.318000+00:00,125.0,16
OpenBCISession_P25_test,P25,test,OpenBCISession_P25_test/OpenBCI-RAW-2025-08-21_11-08-25.txt,OpenBCI TXT,2025-08-21T15:08:25.202000+00:00,125.0,16
OpenBCISession_P25,P25,principal,OpenBCISession_P25/OpenBCI-RAW-2025-08-21_11-28-39.txt,OpenBCI TXT,2025-08-21T15:28:39.948000+00:00,125.0,16
OpenBCISession_P26_test,P26,test,OpenBCISession_P26_test/OpenBCI-RAW-2025-08-21_14-37-47.txt,OpenBCI TXT,2025-08-21T18:37:47.248000+00:00,125.0,16
OpenBCISession_P26,P26,principal,OpenBCISession_P26/OpenBCI-RAW-2025-08-21_14-49-12.txt,OpenBCI TXT,2025-08-21T18:49:12.288000+00:00,125.0,16
OpenBCISession_TEST,,test,OpenBCISession_TEST/OpenBCI-RAW-2025-08-25_12-15-51.txt,OpenBCI TXT,2025-08-25T16:15:51.219000+00:00,125.0,16
OpenBCISession_P27_test,P27,test,OpenBCISession_P27_test/OpenBCI-RAW-2025-08-25_12-27-10.txt,OpenBCI TXT,2025-08-25T16:27:11.101000+00:00,125.0,16
OpenBCISession_P27,P27,principal,OpenBCISession_P27/OpenBCI-RAW-2025-08-25_12-46-20.txt,OpenBCI TXT,2025-08-25T16:46:20.595000+00:00,125.0,16
OpenBCISession_P28_test,P28,test,OpenBCISession_P28_test/OpenBCI-RAW-2025-08-25_13-14-37.txt,OpenBCI TXT,2025-08-25T17:14:37.197000+00:00,125.0,16
OpenBCISession_P28,P28,principal,OpenBCISession_P28/OpenBCI-RAW-2025-08-25_13-38-19.txt,OpenBCI TXT,2025-08-25T17:38:19.811000+00:00,125.0,16
OpenBCISession_P29test,P29,test,OpenBCISession_P29test/OpenBCI-RAW-2025-08-26_10-09-59.txt,OpenBCI TXT,2025-08-26T14:09:59.654000+00:00,125.0,16
OpenBCISession_P29,P29,principal,OpenBCISession_P29/OpenBCI-RAW-2025-08-26_10-20-17.txt,OpenBCI TXT,2025-08-26T14:20:17.738000+00:00,125.0,16
OpenBCISession_P30,P30,principal,OpenBCISession_P30/OpenBCI-RAW-2025-08-26_11-44-59.txt,OpenBCI TXT,2025-08-26T15:44:59.383000+00:00,125.0,16
OpenBCISession_P31 test,P31,test,OpenBCISession_P31 test/OpenBCI-RAW-2025-08-26_15-19-35.txt,OpenBCI TXT,2025-08-26T19:19:35.440000+00:00,125.0,16
OpenBCISession_P31,P31,principal,OpenBCISession_P31/OpenBCI-RAW-2025-08-26_15-38-43.txt,OpenBCI TXT,2025-08-26T19:38:43.706000+00:00,125.0,16
OpenBCISession_P32_test,P32,test,OpenBCISession_P32_test/OpenBCI-RAW-2025-08-26_17-06-04.txt,OpenBCI TXT,2025-08-26T21:06:05.039000+00:00,125.0,16
OpenBCISession_P32,P32,principal,OpenBCISession_P32/OpenBCI-RAW-2025-08-26_17-18-05.txt,OpenBCI TXT,2025-08-26T21:18:05.377000+00:00,125.0,16
OpenBCISession_P33_test,P33,test,OpenBCISession_P33_test/OpenBCI-RAW-2025-08-27_09-21-12.txt,OpenBCI TXT,2025-08-27T13:21:12.679000+00:00,125.0,16
OpenBCISession_P33,P33,principal,OpenBCISession_P33/OpenBCI-RAW-2025-08-27_09-32-00.txt,OpenBCI TXT,2025-08-27T13:32:00.815000+00:00,125.0,16
OpenBCISession_P34_test,P34,test,OpenBCISession_P34_test/OpenBCI-RAW-2025-08-27_11-25-23.txt,OpenBCI TXT,2025-08-27T15:25:23.325000+00:00,125.0,16
OpenBCISession_P34,P34,principal,OpenBCISession_P34/OpenBCI-RAW-2025-08-27_11-41-53.txt,OpenBCI TXT,2025-08-27T15:41:53.312000+00:00,125.0,16
OpenBCISession_P35_test,P35,test,OpenBCISession_P35_test/OpenBCI-RAW-2025-08-27_12-10-22.txt,OpenBCI TXT,2025-08-27T16:10:22.353000+00:00,125.0,16
OpenBCISession_P35,P35,principal,OpenBCISession_P35/OpenBCI-RAW-2025-08-27_12-15-59.txt,OpenBCI TXT,2025-08-27T16:15:59.925000+00:00,125.0,16
OpenBCISession_P36_test,P36,test,OpenBCISession_P36_test/OpenBCI-RAW-2025-08-27_12-37-00.txt,OpenBCI TXT,2025-08-27T16:37:00.341000+00:00,125.0,16
OpenBCISession_P36,P36,principal,OpenBCISession_P36/OpenBCI-RAW-2025-08-27_12-46-11.txt,OpenBCI TXT,2025-08-27T16:46:11.921000+00:00,125.0,16
OpenBCISession_P37_test,P37,test,OpenBCISession_P37_test/OpenBCI-RAW-2025-08-27_13-10-16.txt,OpenBCI TXT,2025-08-27T17:10:16.263000+00:00,125.0,16
OpenBCISession_P37,P37,principal,OpenBCISession_P37/OpenBCI-RAW-2025-08-27_13-21-05.txt,OpenBCI TXT,2025-08-27T17:21:05.943000+00:00,125.0,16
OpenBCISession_P38_test,P38,test,OpenBCISession_P38_test/OpenBCI-RAW-2025-08-27_13-45-47.txt,OpenBCI TXT,2025-08-27T17:45:47.333000+00:00,125.0,16
OpenBCISession_P38,P38,principal,OpenBCISession_P38/OpenBCI-RAW-2025-08-27_14-04-59.txt,OpenBCI TXT,2025-08-27T18:04:59.787000+00:00,125.0,16
OpenBCISession_P39_test,P39,test,OpenBCISession_P39_test/OpenBCI-RAW-2025-08-28_14-28-06.txt,OpenBCI TXT,2025-08-28T18:28:06.932000+00:00,125.0,16
OpenBCISession_P39_test2,P39,test,OpenBCISession_P39_test2/OpenBCI-RAW-2025-08-28_14-38-14.txt,OpenBCI TXT,2025-08-28T18:38:14.821000+00:00,125.0,16
OpenBCISession_P39,P39,principal,OpenBCISession_P39/OpenBCI-RAW-2025-08-28_14-43-41.txt,OpenBCI TXT,2025-08-28T18:43:41.865000+00:00,125.0,16
OpenBCISession_P40_test,P40,test,OpenBCISession_P40_test/OpenBCI-RAW-2025-08-29_09-31-40.txt,OpenBCI TXT,2025-08-29T13:31:40.133000+00:00,125.0,16
OpenBCISession_P40,P40,principal,OpenBCISession_P40/OpenBCI-RAW-2025-08-29_09-42-09.txt,OpenBCI TXT,2025-08-29T13:42:09.843000+00:00,125.0,16
OpenBCISession_P41_test,P41,test,OpenBCISession_P41_test/OpenBCI-RAW-2025-08-29_10-16-15.txt,OpenBCI TXT,2025-08-29T14:16:15.564000+00:00,125.0,16
OpenBCISession_P41,P41,principal,OpenBCISession_P41/OpenBCI-RAW-2025-08-29_10-29-31.txt,OpenBCI TXT,2025-08-29T14:29:31.408000+00:00,125.0,16
OpenBCISession_P42_test,P42,test,OpenBCISession_P42_test/OpenBCI-RAW-2025-08-29_13-09-26.txt,OpenBCI TXT,2025-08-29T17:09:26.255000+00:00,125.0,16
OpenBCISession_P42,P42,principal,OpenBCISession_P42/OpenBCI-RAW-2025-08-29_13-21-07.txt,OpenBCI TXT,2025-08-29T17:21:07.638000+00:00,125.0,16
OpenBCISession_P43_test,P43,test,OpenBCISession_P43_test/OpenBCI-RAW-2025-08-29_15-47-48.txt,OpenBCI TXT,2025-08-29T19:47:48.586000+00:00,125.0,16
OpenBCISession_P43,P43,principal,OpenBCISession_P43/OpenBCI-RAW-2025-08-29_15-55-30.txt,OpenBCI TXT,2025-08-29T19:55:30.203000+00:00,125.0,16
OpenBCISession_P44_test,P44,test,OpenBCISession_P44_test/OpenBCI-RAW-2025-08-30_10-12-32.txt,OpenBCI TXT,2025-08-30T14:12:32.934000+00:00,125.0,16
OpenBCISession_P44,P44,principal,OpenBCISession_P44/OpenBCI-RAW-2025-08-30_10-26-20.txt,OpenBCI TXT,2025-08-30T14:26:20.771000+00:00,125.0,16
OpenBCISession_P45_test,P45,test,OpenBCISession_P45_test/OpenBCI-RAW-2025-08-30_11-08-53.txt,OpenBCI TXT,2025-08-30T15:08:53.302000+00:00,125.0,16
OpenBCISession_P45,P45,principal,OpenBCISession_P45/OpenBCI-RAW-2025-08-30_11-15-45.txt,OpenBCI TXT,2025-08-30T15:15:45.889000+00:00,125.0,16
OpenBCISession_P46_test,P46,test,OpenBCISession_P46_test/OpenBCI-RAW-2025-08-30_11-41-50.txt,OpenBCI TXT,2025-08-30T15:41:50.929000+00:00,125.0,16
OpenBCISession_P46,P46,principal,OpenBCISession_P46/OpenBCI-RAW-2025-08-30_11-51-04.txt,OpenBCI TXT,2025-08-30T15:51:04.914000+00:00,125.0,16
OpenBCISession_P47_test,P47,test,OpenBCISession_P47_test/OpenBCI-RAW-2025-08-30_12-27-02.txt,OpenBCI TXT,2025-08-30T16:27:02.442000+00:00,125.0,16
OpenBCISession_P47,P47,principal,OpenBCISession_P47/OpenBCI-RAW-2025-08-30_12-57-43.txt,OpenBCI TXT,2025-08-30T16:57:43.155000+00:00,125.0,16
OpenBCISession_P48_test,P48,test,OpenBCISession_P48_test/OpenBCI-RAW-2025-08-30_14-08-09.txt,OpenBCI TXT,2025-08-30T18:08:09.171000+00:00,125.0,16
OpenBCISession_P48,P48,principal,OpenBCISession_P48/OpenBCI-RAW-2025-08-30_14-17-07.txt,OpenBCI TXT,2025-08-30T18:17:07.547000+00:00,125.0,16
