participant,recording,timeline,start_utc,duration_s
Test_Participant,test,SlowWeb G1,2025-08-07T18:45:41.644000+00:00,785.608
P1,P1,SlowWeb G1,2025-08-08T16:22:37.297000+00:00,755.225
P2,P2,SlowWeb G2,2025-08-08T17:24:10.123000+00:00,885.513
P3,P3,SlowWeb G3,2025-08-08T19:18:41.654000+00:00,701.626
P4,P4,SlowWeb G2,2025-08-12T14:53:49.865000+00:00,683.643
P5,P5,SlowWeb G1,2025-08-12T16:09:33.654000+00:00,688.138
P6,P6,SlowWeb G3,2025-08-18T16:23:58.371000+00:00,908.509
P7,P7,SlowWeb G4,2025-08-18T17:38:33.999000+00:00,801.467
P8,P8,SlowWeb G4,2025-08-18T22:11:35.099000+00:00,892.409
P9,P9,SlowWeb G1,2025-08-18T23:09:25.535000+00:00,752.219
P10,P10,SlowWeb G2,2025-08-19T15:19:45.056000+00:00,711.116
P11,P11,SlowWeb G3,2025-08-19T17:23:26.949000+00:00,697.626
P12,P12,SlowWeb G1,2025-08-19T17:59:14.923000+00:00,688.637
P13,P13,SlowWeb G2,2025-08-19T19:24:28.098000+00:00,761.101
P14,P14,SlowWeb G3,2025-08-19T20:12:44.403000+00:00,766.201
P15,P15,SlowWeb G4,2025-08-19T21:18:32.367000+00:00,705.276
P16,P16,SlowWeb G4,2025-08-19T22:29:41.942000+00:00,690.827
P17,P17,SlowWeb G3,2025-08-20T12:21:26.433000+00:00,834.7
P18,P18,SlowWeb G2,2025-08-20T12:54:16.235000+00:00,676.088
P19,P19,SlowWeb G3,2025-08-20T15:19:07.399000+00:00,716.154
P20,P20,SlowWeb G4,2025-08-20T17:15:02.851000+00:00,906.332
P21,P21,SlowWeb G3,2025-08-20T18:14:06.184000+00:00,778.348
P22,P22,SlowWeb G4,2025-08-20T19:55:56.361000+00:00,728.969
P23,P23,SlowWeb G1,2025-08-20T21:44:15.962000+00:00,634.699
P24,P24,SlowWeb G1,2025-08-21T14:30:17.387000+00:00,744.859
P25,P25,SlowWeb G1,2025-08-21T15:27:20.311000+00:00,860.94
P26,P26,SlowWeb G2,2025-08-21T18:49:35.752000+00:00,733.162
P27,P27,SlowWeb G1,2025-08-25T16:46:31.191000+00:00,689.516
P28,P28,SlowWeb G3,2025-08-25T17:38:31.120000+00:00,641.016
P29,P29,SlowWeb G3,2025-08-26T14:25:47.650000+00:00,693.276
P30,P30,SlowWeb G4,2025-08-26T15:46:25.593000+00:00,814.201
P31,P31,SlowWeb G2,2025-08-26T19:39:52.575000+00:00,801.724
P32,P32,SlowWeb G1,2025-08-26T21:18:18.400000+00:00,736.844
P33,P33,SlowWeb G3,2025-08-27T13:32:13.082000+00:00,722.621
P34,P34,SlowWeb G2,2025-08-27T15:42:11.560000+00:00,755.244
P35,P35,SlowWeb G4,2025-08-27T16:16:07.732000+00:00,761.658
P36,P36,SlowWeb G2,2025-08-27T16:46:21.134000+00:00,724.153
P37,P37,SlowWeb G2,2025-08-27T17:21:17.835000+00:00,763.915
P38,P38,SlowWeb G4,2025-08-27T18:05:07.891000+00:00,974.126
P39,P39,SlowWeb G1,2025-08-28T18:43:55.743000+00:00,707.724
P40,P40,SlowWeb G3,2025-08-29T13:42:23.179000+00:00,691.755
P41,P41,SlowWeb G4,2025-08-29T14:29:42.173000+00:00,743.801
P42,P42,SlowWeb G1,2025-08-29T17:21:17.351000+00:00,701.965
P43,P43,SlowWeb G2,2025-08-29T19:55:39.498000+00:00,879.659
P44,P44,SlowWeb G1,2025-08-30T14:26:49.958000+00:00,772.395
P45,P45,SlowWeb G3,2025-08-30T15:16:17.697000+00:00,766.588
P46,P46,SlowWeb G4,2025-08-30T15:52:11.188000+00:00,805.374
P47,P47,SlowWeb G2,2025-08-30T16:57:55.394000+00:00,974.779
P48,P48,SlowWeb G1,2025-08-30T18:17:25.775000+00:00,821.307
