fold,inner,representation,estimator,smoothing,score,fit_participants,evaluation_participants
1,1,eye__current,logistic_0.1,1,0.35595433385861736,P13|P19|P20|P21|P26|P27|P3|P33|P35|P4|P44|P46|P8,P12|P18|P2|P34|P36|P40|P9
1,1,eye__current,logistic_0.1,4,0.35944836918889617,P13|P19|P20|P21|P26|P27|P3|P33|P35|P4|P44|P46|P8,P12|P18|P2|P34|P36|P40|P9
1,1,eye__current,logistic_0.1,8,0.35313735131466784,P13|P19|P20|P21|P26|P27|P3|P33|P35|P4|P44|P46|P8,P12|P18|P2|P34|P36|P40|P9
1,1,eye__current,logistic_1,1,0.36029866798687615,P13|P19|P20|P21|P26|P27|P3|P33|P35|P4|P44|P46|P8,P12|P18|P2|P34|P36|P40|P9
1,1,eye__current,logistic_1,4,0.35833820358315366,P13|P19|P20|P21|P26|P27|P3|P33|P35|P4|P44|P46|P8,P12|P18|P2|P34|P36|P40|P9
1,1,eye__current,logistic_1,8,0.3551652526655961,P13|P19|P20|P21|P26|P27|P3|P33|P35|P4|P44|P46|P8,P12|P18|P2|P34|P36|P40|P9
1,1,eye__current,hgb,1,0.35421061331424586,P13|P19|P20|P21|P26|P27|P3|P33|P35|P4|P44|P46|P8,P12|P18|P2|P34|P36|P40|P9
1,1,eye__current,hgb,4,0.35362535340435236,P13|P19|P20|P21|P26|P27|P3|P33|P35|P4|P44|P46|P8,P12|P18|P2|P34|P36|P40|P9
1,1,eye__current,hgb,8,0.3520402026189799,P13|P19|P20|P21|P26|P27|P3|P33|P35|P4|P44|P46|P8,P12|P18|P2|P34|P36|P40|P9
1,1,eye__current,rbf,1,0.3543872545469465,P13|P19|P20|P21|P26|P27|P3|P33|P35|P4|P44|P46|P8,P12|P18|P2|P34|P36|P40|P9
1,1,eye__current,rbf,4,0.3652229121228219,P13|P19|P20|P21|P26|P27|P3|P33|P35|P4|P44|P46|P8,P12|P18|P2|P34|P36|P40|P9
1,1,eye__current,rbf,8,0.3700043287234136,P13|P19|P20|P21|P26|P27|P3|P33|P35|P4|P44|P46|P8,P12|P18|P2|P34|P36|P40|P9
1,1,eye__recording_8,logistic_0.1,1,0.35553856047948734,P13|P19|P20|P21|P26|P27|P3|P33|P35|P4|P44|P46|P8,P12|P18|P2|P34|P36|P40|P9
1,1,eye__recording_8,logistic_0.1,4,0.3572471564085563,P13|P19|P20|P21|P26|P27|P3|P33|P35|P4|P44|P46|P8,P12|P18|P2|P34|P36|P40|P9
1,1,eye__recording_8,logistic_0.1,8,0.35093082442851575,P13|P19|P20|P21|P26|P27|P3|P33|P35|P4|P44|P46|P8,P12|P18|P2|P34|P36|P40|P9
1,1,eye__recording_8,logistic_1,1,0.35909647935157224,P13|P19|P20|P21|P26|P27|P3|P33|P35|P4|P44|P46|P8,P12|P18|P2|P34|P36|P40|P9
1,1,eye__recording_8,logistic_1,4,0.3567724527542594,P13|P19|P20|P21|P26|P27|P3|P33|P35|P4|P44|P46|P8,P12|P18|P2|P34|P36|P40|P9
1,1,eye__recording_8,logistic_1,8,0.352710452107437,P13|P19|P20|P21|P26|P27|P3|P33|P35|P4|P44|P46|P8,P12|P18|P2|P34|P36|P40|P9
1,1,eye__recording_8,hgb,1,0.35229989601958617,P13|P19|P20|P21|P26|P27|P3|P33|P35|P4|P44|P46|P8,P12|P18|P2|P34|P36|P40|P9
1,1,eye__recording_8,hgb,4,0.35176113611796855,P13|P19|P20|P21|P26|P27|P3|P33|P35|P4|P44|P46|P8,P12|P18|P2|P34|P36|P40|P9
1,1,eye__recording_8,hgb,8,0.3523333592743298,P13|P19|P20|P21|P26|P27|P3|P33|P35|P4|P44|P46|P8,P12|P18|P2|P34|P36|P40|P9
1,1,eye__recording_8,rbf,1,0.3595163776348308,P13|P19|P20|P21|P26|P27|P3|P33|P35|P4|P44|P46|P8,P12|P18|P2|P34|P36|P40|P9
1,1,eye__recording_8,rbf,4,0.37238580093888957,P13|P19|P20|P21|P26|P27|P3|P33|P35|P4|P44|P46|P8,P12|P18|P2|P34|P36|P40|P9
1,1,eye__recording_8,rbf,8,0.37117850209966713,P13|P19|P20|P21|P26|P27|P3|P33|P35|P4|P44|P46|P8,P12|P18|P2|P34|P36|P40|P9
1,1,full__current,logistic_0.1,1,0.3478979811897748,P13|P19|P20|P21|P26|P27|P3|P33|P35|P4|P44|P46|P8,P12|P18|P2|P34|P36|P40|P9
1,1,full__current,logistic_0.1,4,0.34875564307139895,P13|P19|P20|P21|P26|P27|P3|P33|P35|P4|P44|P46|P8,P12|P18|P2|P34|P36|P40|P9
1,1,full__current,logistic_0.1,8,0.34782239145607097,P13|P19|P20|P21|P26|P27|P3|P33|P35|P4|P44|P46|P8,P12|P18|P2|P34|P36|P40|P9
1,1,full__current,logistic_1,1,0.34607735909547094,P13|P19|P20|P21|P26|P27|P3|P33|P35|P4|P44|P46|P8,P12|P18|P2|P34|P36|P40|P9
1,1,full__current,logistic_1,4,0.34879972202163795,P13|P19|P20|P21|P26|P27|P3|P33|P35|P4|P44|P46|P8,P12|P18|P2|P34|P36|P40|P9
1,1,full__current,logistic_1,8,0.3482829641476428,P13|P19|P20|P21|P26|P27|P3|P33|P35|P4|P44|P46|P8,P12|P18|P2|P34|P36|P40|P9
1,1,full__current,hgb,1,0.34263014572173967,P13|P19|P20|P21|P26|P27|P3|P33|P35|P4|P44|P46|P8,P12|P18|P2|P34|P36|P40|P9
1,1,full__current,hgb,4,0.35149791200027236,P13|P19|P20|P21|P26|P27|P3|P33|P35|P4|P44|P46|P8,P12|P18|P2|P34|P36|P40|P9
1,1,full__current,hgb,8,0.3545520763318862,P13|P19|P20|P21|P26|P27|P3|P33|P35|P4|P44|P46|P8,P12|P18|P2|P34|P36|P40|P9
1,1,full__current,rbf,1,0.3401687390864553,P13|P19|P20|P21|P26|P27|P3|P33|P35|P4|P44|P46|P8,P12|P18|P2|P34|P36|P40|P9
1,1,full__current,rbf,4,0.3348707216847152,P13|P19|P20|P21|P26|P27|P3|P33|P35|P4|P44|P46|P8,P12|P18|P2|P34|P36|P40|P9
1,1,full__current,rbf,8,0.3341395615620938,P13|P19|P20|P21|P26|P27|P3|P33|P35|P4|P44|P46|P8,P12|P18|P2|P34|P36|P40|P9
1,1,full__recording_8,logistic_0.1,1,0.3551999087196466,P13|P19|P20|P21|P26|P27|P3|P33|P35|P4|P44|P46|P8,P12|P18|P2|P34|P36|P40|P9
1,1,full__recording_8,logistic_0.1,4,0.34567960610808396,P13|P19|P20|P21|P26|P27|P3|P33|P35|P4|P44|P46|P8,P12|P18|P2|P34|P36|P40|P9
1,1,full__recording_8,logistic_0.1,8,0.33464682258888956,P13|P19|P20|P21|P26|P27|P3|P33|P35|P4|P44|P46|P8,P12|P18|P2|P34|P36|P40|P9
1,1,full__recording_8,logistic_1,1,0.35474861902253313,P13|P19|P20|P21|P26|P27|P3|P33|P35|P4|P44|P46|P8,P12|P18|P2|P34|P36|P40|P9
1,1,full__recording_8,logistic_1,4,0.34400958537521786,P13|P19|P20|P21|P26|P27|P3|P33|P35|P4|P44|P46|P8,P12|P18|P2|P34|P36|P40|P9
1,1,full__recording_8,logistic_1,8,0.33957980845222435,P13|P19|P20|P21|P26|P27|P3|P33|P35|P4|P44|P46|P8,P12|P18|P2|P34|P36|P40|P9
1,1,full__recording_8,hgb,1,0.32141911122246886,P13|P19|P20|P21|P26|P27|P3|P33|P35|P4|P44|P46|P8,P12|P18|P2|P34|P36|P40|P9
1,1,full__recording_8,hgb,4,0.31444647295524536,P13|P19|P20|P21|P26|P27|P3|P33|P35|P4|P44|P46|P8,P12|P18|P2|P34|P36|P40|P9
1,1,full__recording_8,hgb,8,0.31742720192936374,P13|P19|P20|P21|P26|P27|P3|P33|P35|P4|P44|P46|P8,P12|P18|P2|P34|P36|P40|P9
1,1,full__recording_8,rbf,1,0.3510742212188954,P13|P19|P20|P21|P26|P27|P3|P33|P35|P4|P44|P46|P8,P12|P18|P2|P34|P36|P40|P9
1,1,full__recording_8,rbf,4,0.34151402957062865,P13|P19|P20|P21|P26|P27|P3|P33|P35|P4|P44|P46|P8,P12|P18|P2|P34|P36|P40|P9
1,1,full__recording_8,rbf,8,0.34353856366693725,P13|P19|P20|P21|P26|P27|P3|P33|P35|P4|P44|P46|P8,P12|P18|P2|P34|P36|P40|P9
1,2,eye__current,logistic_0.1,1,0.34814857654324693,P12|P13|P18|P2|P26|P3|P34|P35|P36|P40|P46|P8|P9,P19|P20|P21|P27|P33|P4|P44
1,2,eye__current,logistic_0.1,4,0.36281088517181587,P12|P13|P18|P2|P26|P3|P34|P35|P36|P40|P46|P8|P9,P19|P20|P21|P27|P33|P4|P44
1,2,eye__current,logistic_0.1,8,0.3626590064045658,P12|P13|P18|P2|P26|P3|P34|P35|P36|P40|P46|P8|P9,P19|P20|P21|P27|P33|P4|P44
1,2,eye__current,logistic_1,1,0.34552347623360313,P12|P13|P18|P2|P26|P3|P34|P35|P36|P40|P46|P8|P9,P19|P20|P21|P27|P33|P4|P44
1,2,eye__current,logistic_1,4,0.3665438241529929,P12|P13|P18|P2|P26|P3|P34|P35|P36|P40|P46|P8|P9,P19|P20|P21|P27|P33|P4|P44
1,2,eye__current,logistic_1,8,0.3635482010411222,P12|P13|P18|P2|P26|P3|P34|P35|P36|P40|P46|P8|P9,P19|P20|P21|P27|P33|P4|P44
1,2,eye__current,hgb,1,0.33909850227914806,P12|P13|P18|P2|P26|P3|P34|P35|P36|P40|P46|P8|P9,P19|P20|P21|P27|P33|P4|P44
1,2,eye__current,hgb,4,0.33892345682886976,P12|P13|P18|P2|P26|P3|P34|P35|P36|P40|P46|P8|P9,P19|P20|P21|P27|P33|P4|P44
1,2,eye__current,hgb,8,0.34103048460716295,P12|P13|P18|P2|P26|P3|P34|P35|P36|P40|P46|P8|P9,P19|P20|P21|P27|P33|P4|P44
1,2,eye__current,rbf,1,0.35354379546582143,P12|P13|P18|P2|P26|P3|P34|P35|P36|P40|P46|P8|P9,P19|P20|P21|P27|P33|P4|P44
1,2,eye__current,rbf,4,0.35374987435527977,P12|P13|P18|P2|P26|P3|P34|P35|P36|P40|P46|P8|P9,P19|P20|P21|P27|P33|P4|P44
1,2,eye__current,rbf,8,0.3540642451571636,P12|P13|P18|P2|P26|P3|P34|P35|P36|P40|P46|P8|P9,P19|P20|P21|P27|P33|P4|P44
1,2,eye__recording_8,logistic_0.1,1,0.3325885843955364,P12|P13|P18|P2|P26|P3|P34|P35|P36|P40|P46|P8|P9,P19|P20|P21|P27|P33|P4|P44
1,2,eye__recording_8,logistic_0.1,4,0.3320953892745287,P12|P13|P18|P2|P26|P3|P34|P35|P36|P40|P46|P8|P9,P19|P20|P21|P27|P33|P4|P44
1,2,eye__recording_8,logistic_0.1,8,0.3275787629813653,P12|P13|P18|P2|P26|P3|P34|P35|P36|P40|P46|P8|P9,P19|P20|P21|P27|P33|P4|P44
1,2,eye__recording_8,logistic_1,1,0.34022432626775273,P12|P13|P18|P2|P26|P3|P34|P35|P36|P40|P46|P8|P9,P19|P20|P21|P27|P33|P4|P44
1,2,eye__recording_8,logistic_1,4,0.33267541712484683,P12|P13|P18|P2|P26|P3|P34|P35|P36|P40|P46|P8|P9,P19|P20|P21|P27|P33|P4|P44
1,2,eye__recording_8,logistic_1,8,0.33317527707472305,P12|P13|P18|P2|P26|P3|P34|P35|P36|P40|P46|P8|P9,P19|P20|P21|P27|P33|P4|P44
1,2,eye__recording_8,hgb,1,0.3313293909146387,P12|P13|P18|P2|P26|P3|P34|P35|P36|P40|P46|P8|P9,P19|P20|P21|P27|P33|P4|P44
1,2,eye__recording_8,hgb,4,0.32539586537726184,P12|P13|P18|P2|P26|P3|P34|P35|P36|P40|P46|P8|P9,P19|P20|P21|P27|P33|P4|P44
1,2,eye__recording_8,hgb,8,0.3257705108231678,P12|P13|P18|P2|P26|P3|P34|P35|P36|P40|P46|P8|P9,P19|P20|P21|P27|P33|P4|P44
1,2,eye__recording_8,rbf,1,0.33741699488914134,P12|P13|P18|P2|P26|P3|P34|P35|P36|P40|P46|P8|P9,P19|P20|P21|P27|P33|P4|P44
1,2,eye__recording_8,rbf,4,0.3300512464382703,P12|P13|P18|P2|P26|P3|P34|P35|P36|P40|P46|P8|P9,P19|P20|P21|P27|P33|P4|P44
1,2,eye__recording_8,rbf,8,0.3216010783109528,P12|P13|P18|P2|P26|P3|P34|P35|P36|P40|P46|P8|P9,P19|P20|P21|P27|P33|P4|P44
1,2,full__current,logistic_0.1,1,0.35798386632586504,P12|P13|P18|P2|P26|P3|P34|P35|P36|P40|P46|P8|P9,P19|P20|P21|P27|P33|P4|P44
1,2,full__current,logistic_0.1,4,0.36221804584128137,P12|P13|P18|P2|P26|P3|P34|P35|P36|P40|P46|P8|P9,P19|P20|P21|P27|P33|P4|P44
1,2,full__current,logistic_0.1,8,0.3628912566993012,P12|P13|P18|P2|P26|P3|P34|P35|P36|P40|P46|P8|P9,P19|P20|P21|P27|P33|P4|P44
1,2,full__current,logistic_1,1,0.35944783648254813,P12|P13|P18|P2|P26|P3|P34|P35|P36|P40|P46|P8|P9,P19|P20|P21|P27|P33|P4|P44
1,2,full__current,logistic_1,4,0.36272771894984757,P12|P13|P18|P2|P26|P3|P34|P35|P36|P40|P46|P8|P9,P19|P20|P21|P27|P33|P4|P44
1,2,full__current,logistic_1,8,0.36397705401309727,P12|P13|P18|P2|P26|P3|P34|P35|P36|P40|P46|P8|P9,P19|P20|P21|P27|P33|P4|P44
1,2,full__current,hgb,1,0.35655089484966557,P12|P13|P18|P2|P26|P3|P34|P35|P36|P40|P46|P8|P9,P19|P20|P21|P27|P33|P4|P44
1,2,full__current,hgb,4,0.3555489528767929,P12|P13|P18|P2|P26|P3|P34|P35|P36|P40|P46|P8|P9,P19|P20|P21|P27|P33|P4|P44
1,2,full__current,hgb,8,0.3497423233508702,P12|P13|P18|P2|P26|P3|P34|P35|P36|P40|P46|P8|P9,P19|P20|P21|P27|P33|P4|P44
1,2,full__current,rbf,1,0.3552633840838899,P12|P13|P18|P2|P26|P3|P34|P35|P36|P40|P46|P8|P9,P19|P20|P21|P27|P33|P4|P44
1,2,full__current,rbf,4,0.35099226803661565,P12|P13|P18|P2|P26|P3|P34|P35|P36|P40|P46|P8|P9,P19|P20|P21|P27|P33|P4|P44
1,2,full__current,rbf,8,0.35270721467246613,P12|P13|P18|P2|P26|P3|P34|P35|P36|P40|P46|P8|P9,P19|P20|P21|P27|P33|P4|P44
1,2,full__recording_8,logistic_0.1,1,0.34924702076920494,P12|P13|P18|P2|P26|P3|P34|P35|P36|P40|P46|P8|P9,P19|P20|P21|P27|P33|P4|P44
1,2,full__recording_8,logistic_0.1,4,0.33864381393269427,P12|P13|P18|P2|P26|P3|P34|P35|P36|P40|P46|P8|P9,P19|P20|P21|P27|P33|P4|P44
1,2,full__recording_8,logistic_0.1,8,0.3322567989582782,P12|P13|P18|P2|P26|P3|P34|P35|P36|P40|P46|P8|P9,P19|P20|P21|P27|P33|P4|P44
1,2,full__recording_8,logistic_1,1,0.3472030097415052,P12|P13|P18|P2|P26|P3|P34|P35|P36|P40|P46|P8|P9,P19|P20|P21|P27|P33|P4|P44
1,2,full__recording_8,logistic_1,4,0.34143315391505447,P12|P13|P18|P2|P26|P3|P34|P35|P36|P40|P46|P8|P9,P19|P20|P21|P27|P33|P4|P44
1,2,full__recording_8,logistic_1,8,0.3318522858420833,P12|P13|P18|P2|P26|P3|P34|P35|P36|P40|P46|P8|P9,P19|P20|P21|P27|P33|P4|P44
1,2,full__recording_8,hgb,1,0.34678484763193546,P12|P13|P18|P2|P26|P3|P34|P35|P36|P40|P46|P8|P9,P19|P20|P21|P27|P33|P4|P44
1,2,full__recording_8,hgb,4,0.33534037198131533,P12|P13|P18|P2|P26|P3|P34|P35|P36|P40|P46|P8|P9,P19|P20|P21|P27|P33|P4|P44
1,2,full__recording_8,hgb,8,0.33238425924550963,P12|P13|P18|P2|P26|P3|P34|P35|P36|P40|P46|P8|P9,P19|P20|P21|P27|P33|P4|P44
1,2,full__recording_8,rbf,1,0.335941652560021,P12|P13|P18|P2|P26|P3|P34|P35|P36|P40|P46|P8|P9,P19|P20|P21|P27|P33|P4|P44
1,2,full__recording_8,rbf,4,0.3365612611158613,P12|P13|P18|P2|P26|P3|P34|P35|P36|P40|P46|P8|P9,P19|P20|P21|P27|P33|P4|P44
1,2,full__recording_8,rbf,8,0.3330057384970732,P12|P13|P18|P2|P26|P3|P34|P35|P36|P40|P46|P8|P9,P19|P20|P21|P27|P33|P4|P44
1,3,eye__current,logistic_0.1,1,0.3428511543003521,P12|P18|P19|P2|P20|P21|P27|P33|P34|P36|P4|P40|P44|P9,P13|P26|P3|P35|P46|P8
1,3,eye__current,logistic_0.1,4,0.3359938700965768,P12|P18|P19|P2|P20|P21|P27|P33|P34|P36|P4|P40|P44|P9,P13|P26|P3|P35|P46|P8
1,3,eye__current,logistic_0.1,8,0.32927920936606625,P12|P18|P19|P2|P20|P21|P27|P33|P34|P36|P4|P40|P44|P9,P13|P26|P3|P35|P46|P8
1,3,eye__current,logistic_1,1,0.34252982320507613,P12|P18|P19|P2|P20|P21|P27|P33|P34|P36|P4|P40|P44|P9,P13|P26|P3|P35|P46|P8
1,3,eye__current,logistic_1,4,0.33705840295503103,P12|P18|P19|P2|P20|P21|P27|P33|P34|P36|P4|P40|P44|P9,P13|P26|P3|P35|P46|P8
1,3,eye__current,logistic_1,8,0.32902679033633747,P12|P18|P19|P2|P20|P21|P27|P33|P34|P36|P4|P40|P44|P9,P13|P26|P3|P35|P46|P8
1,3,eye__current,hgb,1,0.33159150629139406,P12|P18|P19|P2|P20|P21|P27|P33|P34|P36|P4|P40|P44|P9,P13|P26|P3|P35|P46|P8
1,3,eye__current,hgb,4,0.31972739799462874,P12|P18|P19|P2|P20|P21|P27|P33|P34|P36|P4|P40|P44|P9,P13|P26|P3|P35|P46|P8
1,3,eye__current,hgb,8,0.31291750389545164,P12|P18|P19|P2|P20|P21|P27|P33|P34|P36|P4|P40|P44|P9,P13|P26|P3|P35|P46|P8
1,3,eye__current,rbf,1,0.35015164454601533,P12|P18|P19|P2|P20|P21|P27|P33|P34|P36|P4|P40|P44|P9,P13|P26|P3|P35|P46|P8
1,3,eye__current,rbf,4,0.3370421432458281,P12|P18|P19|P2|P20|P21|P27|P33|P34|P36|P4|P40|P44|P9,P13|P26|P3|P35|P46|P8
1,3,eye__current,rbf,8,0.32445653694308374,P12|P18|P19|P2|P20|P21|P27|P33|P34|P36|P4|P40|P44|P9,P13|P26|P3|P35|P46|P8
1,3,eye__recording_8,logistic_0.1,1,0.3266689930047301,P12|P18|P19|P2|P20|P21|P27|P33|P34|P36|P4|P40|P44|P9,P13|P26|P3|P35|P46|P8
1,3,eye__recording_8,logistic_0.1,4,0.3152322987217537,P12|P18|P19|P2|P20|P21|P27|P33|P34|P36|P4|P40|P44|P9,P13|P26|P3|P35|P46|P8
1,3,eye__recording_8,logistic_0.1,8,0.3067064010589862,P12|P18|P19|P2|P20|P21|P27|P33|P34|P36|P4|P40|P44|P9,P13|P26|P3|P35|P46|P8
1,3,eye__recording_8,logistic_1,1,0.3233881682882495,P12|P18|P19|P2|P20|P21|P27|P33|P34|P36|P4|P40|P44|P9,P13|P26|P3|P35|P46|P8
1,3,eye__recording_8,logistic_1,4,0.31351880336668153,P12|P18|P19|P2|P20|P21|P27|P33|P34|P36|P4|P40|P44|P9,P13|P26|P3|P35|P46|P8
1,3,eye__recording_8,logistic_1,8,0.30790083331391643,P12|P18|P19|P2|P20|P21|P27|P33|P34|P36|P4|P40|P44|P9,P13|P26|P3|P35|P46|P8
1,3,eye__recording_8,hgb,1,0.34227243345595837,P12|P18|P19|P2|P20|P21|P27|P33|P34|P36|P4|P40|P44|P9,P13|P26|P3|P35|P46|P8
1,3,eye__recording_8,hgb,4,0.33856372478514923,P12|P18|P19|P2|P20|P21|P27|P33|P34|P36|P4|P40|P44|P9,P13|P26|P3|P35|P46|P8
1,3,eye__recording_8,hgb,8,0.33356165929245507,P12|P18|P19|P2|P20|P21|P27|P33|P34|P36|P4|P40|P44|P9,P13|P26|P3|P35|P46|P8
1,3,eye__recording_8,rbf,1,0.3588782025490637,P12|P18|P19|P2|P20|P21|P27|P33|P34|P36|P4|P40|P44|P9,P13|P26|P3|P35|P46|P8
1,3,eye__recording_8,rbf,4,0.34487735556640847,P12|P18|P19|P2|P20|P21|P27|P33|P34|P36|P4|P40|P44|P9,P13|P26|P3|P35|P46|P8
1,3,eye__recording_8,rbf,8,0.32781008979902876,P12|P18|P19|P2|P20|P21|P27|P33|P34|P36|P4|P40|P44|P9,P13|P26|P3|P35|P46|P8
1,3,full__current,logistic_0.1,1,0.3662205973655997,P12|P18|P19|P2|P20|P21|P27|P33|P34|P36|P4|P40|P44|P9,P13|P26|P3|P35|P46|P8
1,3,full__current,logistic_0.1,4,0.3662266995098902,P12|P18|P19|P2|P20|P21|P27|P33|P34|P36|P4|P40|P44|P9,P13|P26|P3|P35|P46|P8
1,3,full__current,logistic_0.1,8,0.36586863313429685,P12|P18|P19|P2|P20|P21|P27|P33|P34|P36|P4|P40|P44|P9,P13|P26|P3|P35|P46|P8
1,3,full__current,logistic_1,1,0.3627216805012716,P12|P18|P19|P2|P20|P21|P27|P33|P34|P36|P4|P40|P44|P9,P13|P26|P3|P35|P46|P8
1,3,full__current,logistic_1,4,0.36677502348239965,P12|P18|P19|P2|P20|P21|P27|P33|P34|P36|P4|P40|P44|P9,P13|P26|P3|P35|P46|P8
1,3,full__current,logistic_1,8,0.368350492531407,P12|P18|P19|P2|P20|P21|P27|P33|P34|P36|P4|P40|P44|P9,P13|P26|P3|P35|P46|P8
1,3,full__current,hgb,1,0.3372357044008533,P12|P18|P19|P2|P20|P21|P27|P33|P34|P36|P4|P40|P44|P9,P13|P26|P3|P35|P46|P8
1,3,full__current,hgb,4,0.33964804428411277,P12|P18|P19|P2|P20|P21|P27|P33|P34|P36|P4|P40|P44|P9,P13|P26|P3|P35|P46|P8
1,3,full__current,hgb,8,0.3351493910115881,P12|P18|P19|P2|P20|P21|P27|P33|P34|P36|P4|P40|P44|P9,P13|P26|P3|P35|P46|P8
1,3,full__current,rbf,1,0.36363706345728947,P12|P18|P19|P2|P20|P21|P27|P33|P34|P36|P4|P40|P44|P9,P13|P26|P3|P35|P46|P8
1,3,full__current,rbf,4,0.36390899791488857,P12|P18|P19|P2|P20|P21|P27|P33|P34|P36|P4|P40|P44|P9,P13|P26|P3|P35|P46|P8
1,3,full__current,rbf,8,0.36563206677219934,P12|P18|P19|P2|P20|P21|P27|P33|P34|P36|P4|P40|P44|P9,P13|P26|P3|P35|P46|P8
1,3,full__recording_8,logistic_0.1,1,0.34552885600292355,P12|P18|P19|P2|P20|P21|P27|P33|P34|P36|P4|P40|P44|P9,P13|P26|P3|P35|P46|P8
1,3,full__recording_8,logistic_0.1,4,0.3378820419902948,P12|P18|P19|P2|P20|P21|P27|P33|P34|P36|P4|P40|P44|P9,P13|P26|P3|P35|P46|P8
1,3,full__recording_8,logistic_0.1,8,0.337823824487514,P12|P18|P19|P2|P20|P21|P27|P33|P34|P36|P4|P40|P44|P9,P13|P26|P3|P35|P46|P8
1,3,full__recording_8,logistic_1,1,0.34635243535390176,P12|P18|P19|P2|P20|P21|P27|P33|P34|P36|P4|P40|P44|P9,P13|P26|P3|P35|P46|P8
1,3,full__recording_8,logistic_1,4,0.33675460956253245,P12|P18|P19|P2|P20|P21|P27|P33|P34|P36|P4|P40|P44|P9,P13|P26|P3|P35|P46|P8
1,3,full__recording_8,logistic_1,8,0.3360633312133181,P12|P18|P19|P2|P20|P21|P27|P33|P34|P36|P4|P40|P44|P9,P13|P26|P3|P35|P46|P8
1,3,full__recording_8,hgb,1,0.35667116657822845,P12|P18|P19|P2|P20|P21|P27|P33|P34|P36|P4|P40|P44|P9,P13|P26|P3|P35|P46|P8
1,3,full__recording_8,hgb,4,0.3547179725523917,P12|P18|P19|P2|P20|P21|P27|P33|P34|P36|P4|P40|P44|P9,P13|P26|P3|P35|P46|P8
1,3,full__recording_8,hgb,8,0.3576294330713227,P12|P18|P19|P2|P20|P21|P27|P33|P34|P36|P4|P40|P44|P9,P13|P26|P3|P35|P46|P8
1,3,full__recording_8,rbf,1,0.3564086679547503,P12|P18|P19|P2|P20|P21|P27|P33|P34|P36|P4|P40|P44|P9,P13|P26|P3|P35|P46|P8
1,3,full__recording_8,rbf,4,0.3478912080325211,P12|P18|P19|P2|P20|P21|P27|P33|P34|P36|P4|P40|P44|P9,P13|P26|P3|P35|P46|P8
1,3,full__recording_8,rbf,8,0.3289192414418809,P12|P18|P19|P2|P20|P21|P27|P33|P34|P36|P4|P40|P44|P9,P13|P26|P3|P35|P46|P8
2,1,eye__current,logistic_0.1,1,0.3517989512789232,P18|P20|P21|P22|P27|P3|P30|P33|P43|P44|P46|P8|P9,P13|P24|P26|P34|P36|P4|P48
2,1,eye__current,logistic_0.1,4,0.3584988539020813,P18|P20|P21|P22|P27|P3|P30|P33|P43|P44|P46|P8|P9,P13|P24|P26|P34|P36|P4|P48
2,1,eye__current,logistic_0.1,8,0.35771636088694436,P18|P20|P21|P22|P27|P3|P30|P33|P43|P44|P46|P8|P9,P13|P24|P26|P34|P36|P4|P48
2,1,eye__current,logistic_1,1,0.35314418582555634,P18|P20|P21|P22|P27|P3|P30|P33|P43|P44|P46|P8|P9,P13|P24|P26|P34|P36|P4|P48
2,1,eye__current,logistic_1,4,0.35897366488362586,P18|P20|P21|P22|P27|P3|P30|P33|P43|P44|P46|P8|P9,P13|P24|P26|P34|P36|P4|P48
2,1,eye__current,logistic_1,8,0.35818052070930956,P18|P20|P21|P22|P27|P3|P30|P33|P43|P44|P46|P8|P9,P13|P24|P26|P34|P36|P4|P48
2,1,eye__current,hgb,1,0.34289354466795346,P18|P20|P21|P22|P27|P3|P30|P33|P43|P44|P46|P8|P9,P13|P24|P26|P34|P36|P4|P48
2,1,eye__current,hgb,4,0.35019136103340515,P18|P20|P21|P22|P27|P3|P30|P33|P43|P44|P46|P8|P9,P13|P24|P26|P34|P36|P4|P48
2,1,eye__current,hgb,8,0.35289434999274916,P18|P20|P21|P22|P27|P3|P30|P33|P43|P44|P46|P8|P9,P13|P24|P26|P34|P36|P4|P48
2,1,eye__current,rbf,1,0.33739926753033966,P18|P20|P21|P22|P27|P3|P30|P33|P43|P44|P46|P8|P9,P13|P24|P26|P34|P36|P4|P48
2,1,eye__current,rbf,4,0.3392768433081512,P18|P20|P21|P22|P27|P3|P30|P33|P43|P44|P46|P8|P9,P13|P24|P26|P34|P36|P4|P48
2,1,eye__current,rbf,8,0.35521059466662397,P18|P20|P21|P22|P27|P3|P30|P33|P43|P44|P46|P8|P9,P13|P24|P26|P34|P36|P4|P48
2,1,eye__recording_8,logistic_0.1,1,0.3551642498500546,P18|P20|P21|P22|P27|P3|P30|P33|P43|P44|P46|P8|P9,P13|P24|P26|P34|P36|P4|P48
2,1,eye__recording_8,logistic_0.1,4,0.3662768516622642,P18|P20|P21|P22|P27|P3|P30|P33|P43|P44|P46|P8|P9,P13|P24|P26|P34|P36|P4|P48
2,1,eye__recording_8,logistic_0.1,8,0.3718602020144207,P18|P20|P21|P22|P27|P3|P30|P33|P43|P44|P46|P8|P9,P13|P24|P26|P34|P36|P4|P48
2,1,eye__recording_8,logistic_1,1,0.35575200969401494,P18|P20|P21|P22|P27|P3|P30|P33|P43|P44|P46|P8|P9,P13|P24|P26|P34|P36|P4|P48
2,1,eye__recording_8,logistic_1,4,0.36442184751626494,P18|P20|P21|P22|P27|P3|P30|P33|P43|P44|P46|P8|P9,P13|P24|P26|P34|P36|P4|P48
2,1,eye__recording_8,logistic_1,8,0.37519751869566564,P18|P20|P21|P22|P27|P3|P30|P33|P43|P44|P46|P8|P9,P13|P24|P26|P34|P36|P4|P48
2,1,eye__recording_8,hgb,1,0.3304032015680743,P18|P20|P21|P22|P27|P3|P30|P33|P43|P44|P46|P8|P9,P13|P24|P26|P34|P36|P4|P48
2,1,eye__recording_8,hgb,4,0.3430688175296969,P18|P20|P21|P22|P27|P3|P30|P33|P43|P44|P46|P8|P9,P13|P24|P26|P34|P36|P4|P48
2,1,eye__recording_8,hgb,8,0.3480787997785006,P18|P20|P21|P22|P27|P3|P30|P33|P43|P44|P46|P8|P9,P13|P24|P26|P34|P36|P4|P48
2,1,eye__recording_8,rbf,1,0.35188765596167354,P18|P20|P21|P22|P27|P3|P30|P33|P43|P44|P46|P8|P9,P13|P24|P26|P34|P36|P4|P48
2,1,eye__recording_8,rbf,4,0.35154205753830403,P18|P20|P21|P22|P27|P3|P30|P33|P43|P44|P46|P8|P9,P13|P24|P26|P34|P36|P4|P48
2,1,eye__recording_8,rbf,8,0.3619505813172003,P18|P20|P21|P22|P27|P3|P30|P33|P43|P44|P46|P8|P9,P13|P24|P26|P34|P36|P4|P48
2,1,full__current,logistic_0.1,1,0.35308338618827095,P18|P20|P21|P22|P27|P3|P30|P33|P43|P44|P46|P8|P9,P13|P24|P26|P34|P36|P4|P48
2,1,full__current,logistic_0.1,4,0.34026917868134415,P18|P20|P21|P22|P27|P3|P30|P33|P43|P44|P46|P8|P9,P13|P24|P26|P34|P36|P4|P48
2,1,full__current,logistic_0.1,8,0.34428455976439165,P18|P20|P21|P22|P27|P3|P30|P33|P43|P44|P46|P8|P9,P13|P24|P26|P34|P36|P4|P48
2,1,full__current,logistic_1,1,0.354894029135112,P18|P20|P21|P22|P27|P3|P30|P33|P43|P44|P46|P8|P9,P13|P24|P26|P34|P36|P4|P48
2,1,full__current,logistic_1,4,0.34110437775322666,P18|P20|P21|P22|P27|P3|P30|P33|P43|P44|P46|P8|P9,P13|P24|P26|P34|P36|P4|P48
2,1,full__current,logistic_1,8,0.3458968506476194,P18|P20|P21|P22|P27|P3|P30|P33|P43|P44|P46|P8|P9,P13|P24|P26|P34|P36|P4|P48
2,1,full__current,hgb,1,0.3453752940197515,P18|P20|P21|P22|P27|P3|P30|P33|P43|P44|P46|P8|P9,P13|P24|P26|P34|P36|P4|P48
2,1,full__current,hgb,4,0.35135604989088737,P18|P20|P21|P22|P27|P3|P30|P33|P43|P44|P46|P8|P9,P13|P24|P26|P34|P36|P4|P48
2,1,full__current,hgb,8,0.34827898238713945,P18|P20|P21|P22|P27|P3|P30|P33|P43|P44|P46|P8|P9,P13|P24|P26|P34|P36|P4|P48
2,1,full__current,rbf,1,0.3417627577033919,P18|P20|P21|P22|P27|P3|P30|P33|P43|P44|P46|P8|P9,P13|P24|P26|P34|P36|P4|P48
2,1,full__current,rbf,4,0.3343485909611476,P18|P20|P21|P22|P27|P3|P30|P33|P43|P44|P46|P8|P9,P13|P24|P26|P34|P36|P4|P48
2,1,full__current,rbf,8,0.33071501742922443,P18|P20|P21|P22|P27|P3|P30|P33|P43|P44|P46|P8|P9,P13|P24|P26|P34|P36|P4|P48
2,1,full__recording_8,logistic_0.1,1,0.36212279127810526,P18|P20|P21|P22|P27|P3|P30|P33|P43|P44|P46|P8|P9,P13|P24|P26|P34|P36|P4|P48
2,1,full__recording_8,logistic_0.1,4,0.3639124831257509,P18|P20|P21|P22|P27|P3|P30|P33|P43|P44|P46|P8|P9,P13|P24|P26|P34|P36|P4|P48
2,1,full__recording_8,logistic_0.1,8,0.38305599960208,P18|P20|P21|P22|P27|P3|P30|P33|P43|P44|P46|P8|P9,P13|P24|P26|P34|P36|P4|P48
2,1,full__recording_8,logistic_1,1,0.35861111064705936,P18|P20|P21|P22|P27|P3|P30|P33|P43|P44|P46|P8|P9,P13|P24|P26|P34|P36|P4|P48
2,1,full__recording_8,logistic_1,4,0.3678905095252886,P18|P20|P21|P22|P27|P3|P30|P33|P43|P44|P46|P8|P9,P13|P24|P26|P34|P36|P4|P48
2,1,full__recording_8,logistic_1,8,0.38767108251760846,P18|P20|P21|P22|P27|P3|P30|P33|P43|P44|P46|P8|P9,P13|P24|P26|P34|P36|P4|P48
2,1,full__recording_8,hgb,1,0.3483881389752851,P18|P20|P21|P22|P27|P3|P30|P33|P43|P44|P46|P8|P9,P13|P24|P26|P34|P36|P4|P48
2,1,full__recording_8,hgb,4,0.35976047333933847,P18|P20|P21|P22|P27|P3|P30|P33|P43|P44|P46|P8|P9,P13|P24|P26|P34|P36|P4|P48
2,1,full__recording_8,hgb,8,0.3678192370149662,P18|P20|P21|P22|P27|P3|P30|P33|P43|P44|P46|P8|P9,P13|P24|P26|P34|P36|P4|P48
2,1,full__recording_8,rbf,1,0.3468554400863411,P18|P20|P21|P22|P27|P3|P30|P33|P43|P44|P46|P8|P9,P13|P24|P26|P34|P36|P4|P48
2,1,full__recording_8,rbf,4,0.34990190950420125,P18|P20|P21|P22|P27|P3|P30|P33|P43|P44|P46|P8|P9,P13|P24|P26|P34|P36|P4|P48
2,1,full__recording_8,rbf,8,0.35815145099894047,P18|P20|P21|P22|P27|P3|P30|P33|P43|P44|P46|P8|P9,P13|P24|P26|P34|P36|P4|P48
2,2,eye__current,logistic_0.1,1,0.3365203679513636,P13|P18|P20|P24|P26|P33|P34|P36|P4|P46|P48|P8|P9,P21|P22|P27|P3|P30|P43|P44
2,2,eye__current,logistic_0.1,4,0.3375767070060799,P13|P18|P20|P24|P26|P33|P34|P36|P4|P46|P48|P8|P9,P21|P22|P27|P3|P30|P43|P44
2,2,eye__current,logistic_0.1,8,0.3393125061611693,P13|P18|P20|P24|P26|P33|P34|P36|P4|P46|P48|P8|P9,P21|P22|P27|P3|P30|P43|P44
2,2,eye__current,logistic_1,1,0.33374868564061916,P13|P18|P20|P24|P26|P33|P34|P36|P4|P46|P48|P8|P9,P21|P22|P27|P3|P30|P43|P44
2,2,eye__current,logistic_1,4,0.33246258648659976,P13|P18|P20|P24|P26|P33|P34|P36|P4|P46|P48|P8|P9,P21|P22|P27|P3|P30|P43|P44
2,2,eye__current,logistic_1,8,0.3379737075922744,P13|P18|P20|P24|P26|P33|P34|P36|P4|P46|P48|P8|P9,P21|P22|P27|P3|P30|P43|P44
2,2,eye__current,hgb,1,0.33886399878634943,P13|P18|P20|P24|P26|P33|P34|P36|P4|P46|P48|P8|P9,P21|P22|P27|P3|P30|P43|P44
2,2,eye__current,hgb,4,0.34536642127438444,P13|P18|P20|P24|P26|P33|P34|P36|P4|P46|P48|P8|P9,P21|P22|P27|P3|P30|P43|P44
2,2,eye__current,hgb,8,0.3424255565546723,P13|P18|P20|P24|P26|P33|P34|P36|P4|P46|P48|P8|P9,P21|P22|P27|P3|P30|P43|P44
2,2,eye__current,rbf,1,0.3320014070021071,P13|P18|P20|P24|P26|P33|P34|P36|P4|P46|P48|P8|P9,P21|P22|P27|P3|P30|P43|P44
2,2,eye__current,rbf,4,0.32767160572196113,P13|P18|P20|P24|P26|P33|P34|P36|P4|P46|P48|P8|P9,P21|P22|P27|P3|P30|P43|P44
2,2,eye__current,rbf,8,0.33597715688096225,P13|P18|P20|P24|P26|P33|P34|P36|P4|P46|P48|P8|P9,P21|P22|P27|P3|P30|P43|P44
2,2,eye__recording_8,logistic_0.1,1,0.3303434431066089,P13|P18|P20|P24|P26|P33|P34|P36|P4|P46|P48|P8|P9,P21|P22|P27|P3|P30|P43|P44
2,2,eye__recording_8,logistic_0.1,4,0.3385661620593618,P13|P18|P20|P24|P26|P33|P34|P36|P4|P46|P48|P8|P9,P21|P22|P27|P3|P30|P43|P44
2,2,eye__recording_8,logistic_0.1,8,0.3391057287404017,P13|P18|P20|P24|P26|P33|P34|P36|P4|P46|P48|P8|P9,P21|P22|P27|P3|P30|P43|P44
2,2,eye__recording_8,logistic_1,1,0.3325944148631855,P13|P18|P20|P24|P26|P33|P34|P36|P4|P46|P48|P8|P9,P21|P22|P27|P3|P30|P43|P44
2,2,eye__recording_8,logistic_1,4,0.3395448277948866,P13|P18|P20|P24|P26|P33|P34|P36|P4|P46|P48|P8|P9,P21|P22|P27|P3|P30|P43|P44
2,2,eye__recording_8,logistic_1,8,0.33971379633208976,P13|P18|P20|P24|P26|P33|P34|P36|P4|P46|P48|P8|P9,P21|P22|P27|P3|P30|P43|P44
2,2,eye__recording_8,hgb,1,0.3214591618328168,P13|P18|P20|P24|P26|P33|P34|P36|P4|P46|P48|P8|P9,P21|P22|P27|P3|P30|P43|P44
2,2,eye__recording_8,hgb,4,0.32816254687743,P13|P18|P20|P24|P26|P33|P34|P36|P4|P46|P48|P8|P9,P21|P22|P27|P3|P30|P43|P44
2,2,eye__recording_8,hgb,8,0.32988345540017666,P13|P18|P20|P24|P26|P33|P34|P36|P4|P46|P48|P8|P9,P21|P22|P27|P3|P30|P43|P44
2,2,eye__recording_8,rbf,1,0.3463136487466411,P13|P18|P20|P24|P26|P33|P34|P36|P4|P46|P48|P8|P9,P21|P22|P27|P3|P30|P43|P44
2,2,eye__recording_8,rbf,4,0.3538375102100124,P13|P18|P20|P24|P26|P33|P34|P36|P4|P46|P48|P8|P9,P21|P22|P27|P3|P30|P43|P44
2,2,eye__recording_8,rbf,8,0.3568732440587957,P13|P18|P20|P24|P26|P33|P34|P36|P4|P46|P48|P8|P9,P21|P22|P27|P3|P30|P43|P44
2,2,full__current,logistic_0.1,1,0.34772963026638254,P13|P18|P20|P24|P26|P33|P34|P36|P4|P46|P48|P8|P9,P21|P22|P27|P3|P30|P43|P44
2,2,full__current,logistic_0.1,4,0.35280383689924877,P13|P18|P20|P24|P26|P33|P34|P36|P4|P46|P48|P8|P9,P21|P22|P27|P3|P30|P43|P44
2,2,full__current,logistic_0.1,8,0.35552892695024374,P13|P18|P20|P24|P26|P33|P34|P36|P4|P46|P48|P8|P9,P21|P22|P27|P3|P30|P43|P44
2,2,full__current,logistic_1,1,0.3475437812707477,P13|P18|P20|P24|P26|P33|P34|P36|P4|P46|P48|P8|P9,P21|P22|P27|P3|P30|P43|P44
2,2,full__current,logistic_1,4,0.3526571074275589,P13|P18|P20|P24|P26|P33|P34|P36|P4|P46|P48|P8|P9,P21|P22|P27|P3|P30|P43|P44
2,2,full__current,logistic_1,8,0.35542732044644154,P13|P18|P20|P24|P26|P33|P34|P36|P4|P46|P48|P8|P9,P21|P22|P27|P3|P30|P43|P44
2,2,full__current,hgb,1,0.35897593860559807,P13|P18|P20|P24|P26|P33|P34|P36|P4|P46|P48|P8|P9,P21|P22|P27|P3|P30|P43|P44
2,2,full__current,hgb,4,0.36046999647191286,P13|P18|P20|P24|P26|P33|P34|P36|P4|P46|P48|P8|P9,P21|P22|P27|P3|P30|P43|P44
2,2,full__current,hgb,8,0.36659665845844575,P13|P18|P20|P24|P26|P33|P34|P36|P4|P46|P48|P8|P9,P21|P22|P27|P3|P30|P43|P44
2,2,full__current,rbf,1,0.3353039635882525,P13|P18|P20|P24|P26|P33|P34|P36|P4|P46|P48|P8|P9,P21|P22|P27|P3|P30|P43|P44
2,2,full__current,rbf,4,0.34013985408675745,P13|P18|P20|P24|P26|P33|P34|P36|P4|P46|P48|P8|P9,P21|P22|P27|P3|P30|P43|P44
2,2,full__current,rbf,8,0.35020857741839123,P13|P18|P20|P24|P26|P33|P34|P36|P4|P46|P48|P8|P9,P21|P22|P27|P3|P30|P43|P44
2,2,full__recording_8,logistic_0.1,1,0.34415917499255394,P13|P18|P20|P24|P26|P33|P34|P36|P4|P46|P48|P8|P9,P21|P22|P27|P3|P30|P43|P44
2,2,full__recording_8,logistic_0.1,4,0.3514817281442788,P13|P18|P20|P24|P26|P33|P34|P36|P4|P46|P48|P8|P9,P21|P22|P27|P3|P30|P43|P44
2,2,full__recording_8,logistic_0.1,8,0.3612978049428656,P13|P18|P20|P24|P26|P33|P34|P36|P4|P46|P48|P8|P9,P21|P22|P27|P3|P30|P43|P44
2,2,full__recording_8,logistic_1,1,0.3471859233673193,P13|P18|P20|P24|P26|P33|P34|P36|P4|P46|P48|P8|P9,P21|P22|P27|P3|P30|P43|P44
2,2,full__recording_8,logistic_1,4,0.3543814762479774,P13|P18|P20|P24|P26|P33|P34|P36|P4|P46|P48|P8|P9,P21|P22|P27|P3|P30|P43|P44
2,2,full__recording_8,logistic_1,8,0.35961905535980726,P13|P18|P20|P24|P26|P33|P34|P36|P4|P46|P48|P8|P9,P21|P22|P27|P3|P30|P43|P44
2,2,full__recording_8,hgb,1,0.34203820523711137,P13|P18|P20|P24|P26|P33|P34|P36|P4|P46|P48|P8|P9,P21|P22|P27|P3|P30|P43|P44
2,2,full__recording_8,hgb,4,0.36201689909366436,P13|P18|P20|P24|P26|P33|P34|P36|P4|P46|P48|P8|P9,P21|P22|P27|P3|P30|P43|P44
2,2,full__recording_8,hgb,8,0.3655718478335973,P13|P18|P20|P24|P26|P33|P34|P36|P4|P46|P48|P8|P9,P21|P22|P27|P3|P30|P43|P44
2,2,full__recording_8,rbf,1,0.3483492286166249,P13|P18|P20|P24|P26|P33|P34|P36|P4|P46|P48|P8|P9,P21|P22|P27|P3|P30|P43|P44
2,2,full__recording_8,rbf,4,0.35264937711235633,P13|P18|P20|P24|P26|P33|P34|P36|P4|P46|P48|P8|P9,P21|P22|P27|P3|P30|P43|P44
2,2,full__recording_8,rbf,8,0.3627759068704191,P13|P18|P20|P24|P26|P33|P34|P36|P4|P46|P48|P8|P9,P21|P22|P27|P3|P30|P43|P44
2,3,eye__current,logistic_0.1,1,0.318546518349526,P13|P21|P22|P24|P26|P27|P3|P30|P34|P36|P4|P43|P44|P48,P18|P20|P33|P46|P8|P9
2,3,eye__current,logistic_0.1,4,0.3015096922815839,P13|P21|P22|P24|P26|P27|P3|P30|P34|P36|P4|P43|P44|P48,P18|P20|P33|P46|P8|P9
2,3,eye__current,logistic_0.1,8,0.2933109358789615,P13|P21|P22|P24|P26|P27|P3|P30|P34|P36|P4|P43|P44|P48,P18|P20|P33|P46|P8|P9
2,3,eye__current,logistic_1,1,0.32098739450111213,P13|P21|P22|P24|P26|P27|P3|P30|P34|P36|P4|P43|P44|P48,P18|P20|P33|P46|P8|P9
2,3,eye__current,logistic_1,4,0.30344550721480795,P13|P21|P22|P24|P26|P27|P3|P30|P34|P36|P4|P43|P44|P48,P18|P20|P33|P46|P8|P9
2,3,eye__current,logistic_1,8,0.2927644522929197,P13|P21|P22|P24|P26|P27|P3|P30|P34|P36|P4|P43|P44|P48,P18|P20|P33|P46|P8|P9
2,3,eye__current,hgb,1,0.3108255183802093,P13|P21|P22|P24|P26|P27|P3|P30|P34|P36|P4|P43|P44|P48,P18|P20|P33|P46|P8|P9
2,3,eye__current,hgb,4,0.31025041802965764,P13|P21|P22|P24|P26|P27|P3|P30|P34|P36|P4|P43|P44|P48,P18|P20|P33|P46|P8|P9
2,3,eye__current,hgb,8,0.2980314734999337,P13|P21|P22|P24|P26|P27|P3|P30|P34|P36|P4|P43|P44|P48,P18|P20|P33|P46|P8|P9
2,3,eye__current,rbf,1,0.3106272932746964,P13|P21|P22|P24|P26|P27|P3|P30|P34|P36|P4|P43|P44|P48,P18|P20|P33|P46|P8|P9
2,3,eye__current,rbf,4,0.308502297481206,P13|P21|P22|P24|P26|P27|P3|P30|P34|P36|P4|P43|P44|P48,P18|P20|P33|P46|P8|P9
2,3,eye__current,rbf,8,0.31023124743445146,P13|P21|P22|P24|P26|P27|P3|P30|P34|P36|P4|P43|P44|P48,P18|P20|P33|P46|P8|P9
2,3,eye__recording_8,logistic_0.1,1,0.32887787774096494,P13|P21|P22|P24|P26|P27|P3|P30|P34|P36|P4|P43|P44|P48,P18|P20|P33|P46|P8|P9
2,3,eye__recording_8,logistic_0.1,4,0.31280643248061185,P13|P21|P22|P24|P26|P27|P3|P30|P34|P36|P4|P43|P44|P48,P18|P20|P33|P46|P8|P9
2,3,eye__recording_8,logistic_0.1,8,0.3023458817260279,P13|P21|P22|P24|P26|P27|P3|P30|P34|P36|P4|P43|P44|P48,P18|P20|P33|P46|P8|P9
2,3,eye__recording_8,logistic_1,1,0.32944935745569454,P13|P21|P22|P24|P26|P27|P3|P30|P34|P36|P4|P43|P44|P48,P18|P20|P33|P46|P8|P9
2,3,eye__recording_8,logistic_1,4,0.3141378609696574,P13|P21|P22|P24|P26|P27|P3|P30|P34|P36|P4|P43|P44|P48,P18|P20|P33|P46|P8|P9
2,3,eye__recording_8,logistic_1,8,0.30225922240367675,P13|P21|P22|P24|P26|P27|P3|P30|P34|P36|P4|P43|P44|P48,P18|P20|P33|P46|P8|P9
2,3,eye__recording_8,hgb,1,0.3124933657009131,P13|P21|P22|P24|P26|P27|P3|P30|P34|P36|P4|P43|P44|P48,P18|P20|P33|P46|P8|P9
2,3,eye__recording_8,hgb,4,0.303372866752232,P13|P21|P22|P24|P26|P27|P3|P30|P34|P36|P4|P43|P44|P48,P18|P20|P33|P46|P8|P9
2,3,eye__recording_8,hgb,8,0.30366738402279475,P13|P21|P22|P24|P26|P27|P3|P30|P34|P36|P4|P43|P44|P48,P18|P20|P33|P46|P8|P9
2,3,eye__recording_8,rbf,1,0.31068523817452787,P13|P21|P22|P24|P26|P27|P3|P30|P34|P36|P4|P43|P44|P48,P18|P20|P33|P46|P8|P9
2,3,eye__recording_8,rbf,4,0.2947897296521688,P13|P21|P22|P24|P26|P27|P3|P30|P34|P36|P4|P43|P44|P48,P18|P20|P33|P46|P8|P9
2,3,eye__recording_8,rbf,8,0.2932255149868741,P13|P21|P22|P24|P26|P27|P3|P30|P34|P36|P4|P43|P44|P48,P18|P20|P33|P46|P8|P9
2,3,full__current,logistic_0.1,1,0.3411161772431564,P13|P21|P22|P24|P26|P27|P3|P30|P34|P36|P4|P43|P44|P48,P18|P20|P33|P46|P8|P9
2,3,full__current,logistic_0.1,4,0.3330708293075729,P13|P21|P22|P24|P26|P27|P3|P30|P34|P36|P4|P43|P44|P48,P18|P20|P33|P46|P8|P9
2,3,full__current,logistic_0.1,8,0.3312616862292122,P13|P21|P22|P24|P26|P27|P3|P30|P34|P36|P4|P43|P44|P48,P18|P20|P33|P46|P8|P9
2,3,full__current,logistic_1,1,0.3390132481964747,P13|P21|P22|P24|P26|P27|P3|P30|P34|P36|P4|P43|P44|P48,P18|P20|P33|P46|P8|P9
2,3,full__current,logistic_1,4,0.3315681453987284,P13|P21|P22|P24|P26|P27|P3|P30|P34|P36|P4|P43|P44|P48,P18|P20|P33|P46|P8|P9
2,3,full__current,logistic_1,8,0.33377055436160474,P13|P21|P22|P24|P26|P27|P3|P30|P34|P36|P4|P43|P44|P48,P18|P20|P33|P46|P8|P9
2,3,full__current,hgb,1,0.32332355851724365,P13|P21|P22|P24|P26|P27|P3|P30|P34|P36|P4|P43|P44|P48,P18|P20|P33|P46|P8|P9
2,3,full__current,hgb,4,0.32823275681915726,P13|P21|P22|P24|P26|P27|P3|P30|P34|P36|P4|P43|P44|P48,P18|P20|P33|P46|P8|P9
2,3,full__current,hgb,8,0.30900051234521014,P13|P21|P22|P24|P26|P27|P3|P30|P34|P36|P4|P43|P44|P48,P18|P20|P33|P46|P8|P9
2,3,full__current,rbf,1,0.3260627442187068,P13|P21|P22|P24|P26|P27|P3|P30|P34|P36|P4|P43|P44|P48,P18|P20|P33|P46|P8|P9
2,3,full__current,rbf,4,0.3286550669274312,P13|P21|P22|P24|P26|P27|P3|P30|P34|P36|P4|P43|P44|P48,P18|P20|P33|P46|P8|P9
2,3,full__current,rbf,8,0.3264813232085586,P13|P21|P22|P24|P26|P27|P3|P30|P34|P36|P4|P43|P44|P48,P18|P20|P33|P46|P8|P9
2,3,full__recording_8,logistic_0.1,1,0.33572166505036444,P13|P21|P22|P24|P26|P27|P3|P30|P34|P36|P4|P43|P44|P48,P18|P20|P33|P46|P8|P9
2,3,full__recording_8,logistic_0.1,4,0.33153337592728077,P13|P21|P22|P24|P26|P27|P3|P30|P34|P36|P4|P43|P44|P48,P18|P20|P33|P46|P8|P9
2,3,full__recording_8,logistic_0.1,8,0.32064563826462683,P13|P21|P22|P24|P26|P27|P3|P30|P34|P36|P4|P43|P44|P48,P18|P20|P33|P46|P8|P9
2,3,full__recording_8,logistic_1,1,0.3376745893606234,P13|P21|P22|P24|P26|P27|P3|P30|P34|P36|P4|P43|P44|P48,P18|P20|P33|P46|P8|P9
2,3,full__recording_8,logistic_1,4,0.33190685477496357,P13|P21|P22|P24|P26|P27|P3|P30|P34|P36|P4|P43|P44|P48,P18|P20|P33|P46|P8|P9
2,3,full__recording_8,logistic_1,8,0.31737937146382705,P13|P21|P22|P24|P26|P27|P3|P30|P34|P36|P4|P43|P44|P48,P18|P20|P33|P46|P8|P9
2,3,full__recording_8,hgb,1,0.3260741362957434,P13|P21|P22|P24|P26|P27|P3|P30|P34|P36|P4|P43|P44|P48,P18|P20|P33|P46|P8|P9
2,3,full__recording_8,hgb,4,0.3309111717717825,P13|P21|P22|P24|P26|P27|P3|P30|P34|P36|P4|P43|P44|P48,P18|P20|P33|P46|P8|P9
2,3,full__recording_8,hgb,8,0.3251210126021345,P13|P21|P22|P24|P26|P27|P3|P30|P34|P36|P4|P43|P44|P48,P18|P20|P33|P46|P8|P9
2,3,full__recording_8,rbf,1,0.31830773213314456,P13|P21|P22|P24|P26|P27|P3|P30|P34|P36|P4|P43|P44|P48,P18|P20|P33|P46|P8|P9
2,3,full__recording_8,rbf,4,0.3163290849147206,P13|P21|P22|P24|P26|P27|P3|P30|P34|P36|P4|P43|P44|P48,P18|P20|P33|P46|P8|P9
2,3,full__recording_8,rbf,8,0.30654616997657996,P13|P21|P22|P24|P26|P27|P3|P30|P34|P36|P4|P43|P44|P48,P18|P20|P33|P46|P8|P9
3,1,eye__current,logistic_0.1,1,0.34722233372151123,P12|P13|P19|P20|P21|P22|P24|P34|P4|P40|P44|P48|P9,P2|P26|P3|P30|P33|P35|P43
3,1,eye__current,logistic_0.1,4,0.3414553960547809,P12|P13|P19|P20|P21|P22|P24|P34|P4|P40|P44|P48|P9,P2|P26|P3|P30|P33|P35|P43
3,1,eye__current,logistic_0.1,8,0.3461904607393606,P12|P13|P19|P20|P21|P22|P24|P34|P4|P40|P44|P48|P9,P2|P26|P3|P30|P33|P35|P43
3,1,eye__current,logistic_1,1,0.3458586601125716,P12|P13|P19|P20|P21|P22|P24|P34|P4|P40|P44|P48|P9,P2|P26|P3|P30|P33|P35|P43
3,1,eye__current,logistic_1,4,0.3408083079932428,P12|P13|P19|P20|P21|P22|P24|P34|P4|P40|P44|P48|P9,P2|P26|P3|P30|P33|P35|P43
3,1,eye__current,logistic_1,8,0.347110331797953,P12|P13|P19|P20|P21|P22|P24|P34|P4|P40|P44|P48|P9,P2|P26|P3|P30|P33|P35|P43
3,1,eye__current,hgb,1,0.33292373199793823,P12|P13|P19|P20|P21|P22|P24|P34|P4|P40|P44|P48|P9,P2|P26|P3|P30|P33|P35|P43
3,1,eye__current,hgb,4,0.33082535059870893,P12|P13|P19|P20|P21|P22|P24|P34|P4|P40|P44|P48|P9,P2|P26|P3|P30|P33|P35|P43
3,1,eye__current,hgb,8,0.33335078183791716,P12|P13|P19|P20|P21|P22|P24|P34|P4|P40|P44|P48|P9,P2|P26|P3|P30|P33|P35|P43
3,1,eye__current,rbf,1,0.34317671346558953,P12|P13|P19|P20|P21|P22|P24|P34|P4|P40|P44|P48|P9,P2|P26|P3|P30|P33|P35|P43
3,1,eye__current,rbf,4,0.3427400370448947,P12|P13|P19|P20|P21|P22|P24|P34|P4|P40|P44|P48|P9,P2|P26|P3|P30|P33|P35|P43
3,1,eye__current,rbf,8,0.3365609807227754,P12|P13|P19|P20|P21|P22|P24|P34|P4|P40|P44|P48|P9,P2|P26|P3|P30|P33|P35|P43
3,1,eye__recording_8,logistic_0.1,1,0.3327318104660865,P12|P13|P19|P20|P21|P22|P24|P34|P4|P40|P44|P48|P9,P2|P26|P3|P30|P33|P35|P43
3,1,eye__recording_8,logistic_0.1,4,0.32981038758738973,P12|P13|P19|P20|P21|P22|P24|P34|P4|P40|P44|P48|P9,P2|P26|P3|P30|P33|P35|P43
3,1,eye__recording_8,logistic_0.1,8,0.3336228794463346,P12|P13|P19|P20|P21|P22|P24|P34|P4|P40|P44|P48|P9,P2|P26|P3|P30|P33|P35|P43
3,1,eye__recording_8,logistic_1,1,0.33447028453889194,P12|P13|P19|P20|P21|P22|P24|P34|P4|P40|P44|P48|P9,P2|P26|P3|P30|P33|P35|P43
3,1,eye__recording_8,logistic_1,4,0.3333860020301146,P12|P13|P19|P20|P21|P22|P24|P34|P4|P40|P44|P48|P9,P2|P26|P3|P30|P33|P35|P43
3,1,eye__recording_8,logistic_1,8,0.3318785499828693,P12|P13|P19|P20|P21|P22|P24|P34|P4|P40|P44|P48|P9,P2|P26|P3|P30|P33|P35|P43
3,1,eye__recording_8,hgb,1,0.33764063189023563,P12|P13|P19|P20|P21|P22|P24|P34|P4|P40|P44|P48|P9,P2|P26|P3|P30|P33|P35|P43
3,1,eye__recording_8,hgb,4,0.34878588070116595,P12|P13|P19|P20|P21|P22|P24|P34|P4|P40|P44|P48|P9,P2|P26|P3|P30|P33|P35|P43
3,1,eye__recording_8,hgb,8,0.35042068293341283,P12|P13|P19|P20|P21|P22|P24|P34|P4|P40|P44|P48|P9,P2|P26|P3|P30|P33|P35|P43
3,1,eye__recording_8,rbf,1,0.35228520005529973,P12|P13|P19|P20|P21|P22|P24|P34|P4|P40|P44|P48|P9,P2|P26|P3|P30|P33|P35|P43
3,1,eye__recording_8,rbf,4,0.34644893752970407,P12|P13|P19|P20|P21|P22|P24|P34|P4|P40|P44|P48|P9,P2|P26|P3|P30|P33|P35|P43
3,1,eye__recording_8,rbf,8,0.34298236513087194,P12|P13|P19|P20|P21|P22|P24|P34|P4|P40|P44|P48|P9,P2|P26|P3|P30|P33|P35|P43
3,1,full__current,logistic_0.1,1,0.3485046829385287,P12|P13|P19|P20|P21|P22|P24|P34|P4|P40|P44|P48|P9,P2|P26|P3|P30|P33|P35|P43
3,1,full__current,logistic_0.1,4,0.3475088539211092,P12|P13|P19|P20|P21|P22|P24|P34|P4|P40|P44|P48|P9,P2|P26|P3|P30|P33|P35|P43
3,1,full__current,logistic_0.1,8,0.34196137754345796,P12|P13|P19|P20|P21|P22|P24|P34|P4|P40|P44|P48|P9,P2|P26|P3|P30|P33|P35|P43
3,1,full__current,logistic_1,1,0.3498680444845091,P12|P13|P19|P20|P21|P22|P24|P34|P4|P40|P44|P48|P9,P2|P26|P3|P30|P33|P35|P43
3,1,full__current,logistic_1,4,0.3493282311284897,P12|P13|P19|P20|P21|P22|P24|P34|P4|P40|P44|P48|P9,P2|P26|P3|P30|P33|P35|P43
3,1,full__current,logistic_1,8,0.34324493788830895,P12|P13|P19|P20|P21|P22|P24|P34|P4|P40|P44|P48|P9,P2|P26|P3|P30|P33|P35|P43
3,1,full__current,hgb,1,0.34835826785335494,P12|P13|P19|P20|P21|P22|P24|P34|P4|P40|P44|P48|P9,P2|P26|P3|P30|P33|P35|P43
3,1,full__current,hgb,4,0.35658272353314385,P12|P13|P19|P20|P21|P22|P24|P34|P4|P40|P44|P48|P9,P2|P26|P3|P30|P33|P35|P43
3,1,full__current,hgb,8,0.359339496301589,P12|P13|P19|P20|P21|P22|P24|P34|P4|P40|P44|P48|P9,P2|P26|P3|P30|P33|P35|P43
3,1,full__current,rbf,1,0.3426997297628026,P12|P13|P19|P20|P21|P22|P24|P34|P4|P40|P44|P48|P9,P2|P26|P3|P30|P33|P35|P43
3,1,full__current,rbf,4,0.34100903742453503,P12|P13|P19|P20|P21|P22|P24|P34|P4|P40|P44|P48|P9,P2|P26|P3|P30|P33|P35|P43
3,1,full__current,rbf,8,0.3360512135816628,P12|P13|P19|P20|P21|P22|P24|P34|P4|P40|P44|P48|P9,P2|P26|P3|P30|P33|P35|P43
3,1,full__recording_8,logistic_0.1,1,0.3416488521792655,P12|P13|P19|P20|P21|P22|P24|P34|P4|P40|P44|P48|P9,P2|P26|P3|P30|P33|P35|P43
3,1,full__recording_8,logistic_0.1,4,0.33555997591951,P12|P13|P19|P20|P21|P22|P24|P34|P4|P40|P44|P48|P9,P2|P26|P3|P30|P33|P35|P43
3,1,full__recording_8,logistic_0.1,8,0.33661638564172475,P12|P13|P19|P20|P21|P22|P24|P34|P4|P40|P44|P48|P9,P2|P26|P3|P30|P33|P35|P43
3,1,full__recording_8,logistic_1,1,0.3415051345707196,P12|P13|P19|P20|P21|P22|P24|P34|P4|P40|P44|P48|P9,P2|P26|P3|P30|P33|P35|P43
3,1,full__recording_8,logistic_1,4,0.33775713364576987,P12|P13|P19|P20|P21|P22|P24|P34|P4|P40|P44|P48|P9,P2|P26|P3|P30|P33|P35|P43
3,1,full__recording_8,logistic_1,8,0.33792274630842434,P12|P13|P19|P20|P21|P22|P24|P34|P4|P40|P44|P48|P9,P2|P26|P3|P30|P33|P35|P43
3,1,full__recording_8,hgb,1,0.3493015300600138,P12|P13|P19|P20|P21|P22|P24|P34|P4|P40|P44|P48|P9,P2|P26|P3|P30|P33|P35|P43
3,1,full__recording_8,hgb,4,0.35490903592465795,P12|P13|P19|P20|P21|P22|P24|P34|P4|P40|P44|P48|P9,P2|P26|P3|P30|P33|P35|P43
3,1,full__recording_8,hgb,8,0.356977484633322,P12|P13|P19|P20|P21|P22|P24|P34|P4|P40|P44|P48|P9,P2|P26|P3|P30|P33|P35|P43
3,1,full__recording_8,rbf,1,0.3426401769470741,P12|P13|P19|P20|P21|P22|P24|P34|P4|P40|P44|P48|P9,P2|P26|P3|P30|P33|P35|P43
3,1,full__recording_8,rbf,4,0.3400942181956956,P12|P13|P19|P20|P21|P22|P24|P34|P4|P40|P44|P48|P9,P2|P26|P3|P30|P33|P35|P43
3,1,full__recording_8,rbf,8,0.3331658476390615,P12|P13|P19|P20|P21|P22|P24|P34|P4|P40|P44|P48|P9,P2|P26|P3|P30|P33|P35|P43
3,2,eye__current,logistic_0.1,1,0.32734773874892575,P12|P2|P20|P22|P26|P3|P30|P33|P34|P35|P4|P43|P44,P13|P19|P21|P24|P40|P48|P9
3,2,eye__current,logistic_0.1,4,0.316208794187514,P12|P2|P20|P22|P26|P3|P30|P33|P34|P35|P4|P43|P44,P13|P19|P21|P24|P40|P48|P9
3,2,eye__current,logistic_0.1,8,0.3198527583461617,P12|P2|P20|P22|P26|P3|P30|P33|P34|P35|P4|P43|P44,P13|P19|P21|P24|P40|P48|P9
3,2,eye__current,logistic_1,1,0.32668123560553086,P12|P2|P20|P22|P26|P3|P30|P33|P34|P35|P4|P43|P44,P13|P19|P21|P24|P40|P48|P9
3,2,eye__current,logistic_1,4,0.3153861620158049,P12|P2|P20|P22|P26|P3|P30|P33|P34|P35|P4|P43|P44,P13|P19|P21|P24|P40|P48|P9
3,2,eye__current,logistic_1,8,0.3194791869582793,P12|P2|P20|P22|P26|P3|P30|P33|P34|P35|P4|P43|P44,P13|P19|P21|P24|P40|P48|P9
3,2,eye__current,hgb,1,0.33404335108021943,P12|P2|P20|P22|P26|P3|P30|P33|P34|P35|P4|P43|P44,P13|P19|P21|P24|P40|P48|P9
3,2,eye__current,hgb,4,0.3368366891266207,P12|P2|P20|P22|P26|P3|P30|P33|P34|P35|P4|P43|P44,P13|P19|P21|P24|P40|P48|P9
3,2,eye__current,hgb,8,0.3390554645961163,P12|P2|P20|P22|P26|P3|P30|P33|P34|P35|P4|P43|P44,P13|P19|P21|P24|P40|P48|P9
3,2,eye__current,rbf,1,0.3344866829852681,P12|P2|P20|P22|P26|P3|P30|P33|P34|P35|P4|P43|P44,P13|P19|P21|P24|P40|P48|P9
3,2,eye__current,rbf,4,0.33579591959579463,P12|P2|P20|P22|P26|P3|P30|P33|P34|P35|P4|P43|P44,P13|P19|P21|P24|P40|P48|P9
3,2,eye__current,rbf,8,0.3397016510419154,P12|P2|P20|P22|P26|P3|P30|P33|P34|P35|P4|P43|P44,P13|P19|P21|P24|P40|P48|P9
3,2,eye__recording_8,logistic_0.1,1,0.3305962222913516,P12|P2|P20|P22|P26|P3|P30|P33|P34|P35|P4|P43|P44,P13|P19|P21|P24|P40|P48|P9
3,2,eye__recording_8,logistic_0.1,4,0.32887246976566065,P12|P2|P20|P22|P26|P3|P30|P33|P34|P35|P4|P43|P44,P13|P19|P21|P24|P40|P48|P9
3,2,eye__recording_8,logistic_0.1,8,0.33219829685775376,P12|P2|P20|P22|P26|P3|P30|P33|P34|P35|P4|P43|P44,P13|P19|P21|P24|P40|P48|P9
3,2,eye__recording_8,logistic_1,1,0.3291968185949573,P12|P2|P20|P22|P26|P3|P30|P33|P34|P35|P4|P43|P44,P13|P19|P21|P24|P40|P48|P9
3,2,eye__recording_8,logistic_1,4,0.33010039521811585,P12|P2|P20|P22|P26|P3|P30|P33|P34|P35|P4|P43|P44,P13|P19|P21|P24|P40|P48|P9
3,2,eye__recording_8,logistic_1,8,0.3325990098642363,P12|P2|P20|P22|P26|P3|P30|P33|P34|P35|P4|P43|P44,P13|P19|P21|P24|P40|P48|P9
3,2,eye__recording_8,hgb,1,0.33307143419477075,P12|P2|P20|P22|P26|P3|P30|P33|P34|P35|P4|P43|P44,P13|P19|P21|P24|P40|P48|P9
3,2,eye__recording_8,hgb,4,0.33280650252348803,P12|P2|P20|P22|P26|P3|P30|P33|P34|P35|P4|P43|P44,P13|P19|P21|P24|P40|P48|P9
3,2,eye__recording_8,hgb,8,0.34440608956513363,P12|P2|P20|P22|P26|P3|P30|P33|P34|P35|P4|P43|P44,P13|P19|P21|P24|P40|P48|P9
3,2,eye__recording_8,rbf,1,0.3249111362900686,P12|P2|P20|P22|P26|P3|P30|P33|P34|P35|P4|P43|P44,P13|P19|P21|P24|P40|P48|P9
3,2,eye__recording_8,rbf,4,0.33297904739687406,P12|P2|P20|P22|P26|P3|P30|P33|P34|P35|P4|P43|P44,P13|P19|P21|P24|P40|P48|P9
3,2,eye__recording_8,rbf,8,0.34168747129489635,P12|P2|P20|P22|P26|P3|P30|P33|P34|P35|P4|P43|P44,P13|P19|P21|P24|P40|P48|P9
3,2,full__current,logistic_0.1,1,0.32112714319538893,P12|P2|P20|P22|P26|P3|P30|P33|P34|P35|P4|P43|P44,P13|P19|P21|P24|P40|P48|P9
3,2,full__current,logistic_0.1,4,0.3212779657927602,P12|P2|P20|P22|P26|P3|P30|P33|P34|P35|P4|P43|P44,P13|P19|P21|P24|P40|P48|P9
3,2,full__current,logistic_0.1,8,0.33396553019998837,P12|P2|P20|P22|P26|P3|P30|P33|P34|P35|P4|P43|P44,P13|P19|P21|P24|P40|P48|P9
3,2,full__current,logistic_1,1,0.32337348762802,P12|P2|P20|P22|P26|P3|P30|P33|P34|P35|P4|P43|P44,P13|P19|P21|P24|P40|P48|P9
3,2,full__current,logistic_1,4,0.3224395958613684,P12|P2|P20|P22|P26|P3|P30|P33|P34|P35|P4|P43|P44,P13|P19|P21|P24|P40|P48|P9
3,2,full__current,logistic_1,8,0.3342573621737706,P12|P2|P20|P22|P26|P3|P30|P33|P34|P35|P4|P43|P44,P13|P19|P21|P24|P40|P48|P9
3,2,full__current,hgb,1,0.32062245587667443,P12|P2|P20|P22|P26|P3|P30|P33|P34|P35|P4|P43|P44,P13|P19|P21|P24|P40|P48|P9
3,2,full__current,hgb,4,0.33691922384295087,P12|P2|P20|P22|P26|P3|P30|P33|P34|P35|P4|P43|P44,P13|P19|P21|P24|P40|P48|P9
3,2,full__current,hgb,8,0.33772851017145206,P12|P2|P20|P22|P26|P3|P30|P33|P34|P35|P4|P43|P44,P13|P19|P21|P24|P40|P48|P9
3,2,full__current,rbf,1,0.32600896202432683,P12|P2|P20|P22|P26|P3|P30|P33|P34|P35|P4|P43|P44,P13|P19|P21|P24|P40|P48|P9
3,2,full__current,rbf,4,0.33263860685183066,P12|P2|P20|P22|P26|P3|P30|P33|P34|P35|P4|P43|P44,P13|P19|P21|P24|P40|P48|P9
3,2,full__current,rbf,8,0.3384583204247824,P12|P2|P20|P22|P26|P3|P30|P33|P34|P35|P4|P43|P44,P13|P19|P21|P24|P40|P48|P9
3,2,full__recording_8,logistic_0.1,1,0.3312968338823636,P12|P2|P20|P22|P26|P3|P30|P33|P34|P35|P4|P43|P44,P13|P19|P21|P24|P40|P48|P9
3,2,full__recording_8,logistic_0.1,4,0.3351907689225623,P12|P2|P20|P22|P26|P3|P30|P33|P34|P35|P4|P43|P44,P13|P19|P21|P24|P40|P48|P9
3,2,full__recording_8,logistic_0.1,8,0.3389854284028234,P12|P2|P20|P22|P26|P3|P30|P33|P34|P35|P4|P43|P44,P13|P19|P21|P24|P40|P48|P9
3,2,full__recording_8,logistic_1,1,0.33299984544401234,P12|P2|P20|P22|P26|P3|P30|P33|P34|P35|P4|P43|P44,P13|P19|P21|P24|P40|P48|P9
3,2,full__recording_8,logistic_1,4,0.33746893093350316,P12|P2|P20|P22|P26|P3|P30|P33|P34|P35|P4|P43|P44,P13|P19|P21|P24|P40|P48|P9
3,2,full__recording_8,logistic_1,8,0.3396327147298838,P12|P2|P20|P22|P26|P3|P30|P33|P34|P35|P4|P43|P44,P13|P19|P21|P24|P40|P48|P9
3,2,full__recording_8,hgb,1,0.3366639325516165,P12|P2|P20|P22|P26|P3|P30|P33|P34|P35|P4|P43|P44,P13|P19|P21|P24|P40|P48|P9
3,2,full__recording_8,hgb,4,0.3474395403796815,P12|P2|P20|P22|P26|P3|P30|P33|P34|P35|P4|P43|P44,P13|P19|P21|P24|P40|P48|P9
3,2,full__recording_8,hgb,8,0.35499768835966666,P12|P2|P20|P22|P26|P3|P30|P33|P34|P35|P4|P43|P44,P13|P19|P21|P24|P40|P48|P9
3,2,full__recording_8,rbf,1,0.32779864818663057,P12|P2|P20|P22|P26|P3|P30|P33|P34|P35|P4|P43|P44,P13|P19|P21|P24|P40|P48|P9
3,2,full__recording_8,rbf,4,0.3387020476324095,P12|P2|P20|P22|P26|P3|P30|P33|P34|P35|P4|P43|P44,P13|P19|P21|P24|P40|P48|P9
3,2,full__recording_8,rbf,8,0.34309691919782337,P12|P2|P20|P22|P26|P3|P30|P33|P34|P35|P4|P43|P44,P13|P19|P21|P24|P40|P48|P9
3,3,eye__current,logistic_0.1,1,0.32234625610960904,P13|P19|P2|P21|P24|P26|P3|P30|P33|P35|P40|P43|P48|P9,P12|P20|P22|P34|P4|P44
3,3,eye__current,logistic_0.1,4,0.3242642298274621,P13|P19|P2|P21|P24|P26|P3|P30|P33|P35|P40|P43|P48|P9,P12|P20|P22|P34|P4|P44
3,3,eye__current,logistic_0.1,8,0.3239544681588808,P13|P19|P2|P21|P24|P26|P3|P30|P33|P35|P40|P43|P48|P9,P12|P20|P22|P34|P4|P44
3,3,eye__current,logistic_1,1,0.3219188032384519,P13|P19|P2|P21|P24|P26|P3|P30|P33|P35|P40|P43|P48|P9,P12|P20|P22|P34|P4|P44
3,3,eye__current,logistic_1,4,0.32460075701127994,P13|P19|P2|P21|P24|P26|P3|P30|P33|P35|P40|P43|P48|P9,P12|P20|P22|P34|P4|P44
3,3,eye__current,logistic_1,8,0.3212964122598344,P13|P19|P2|P21|P24|P26|P3|P30|P33|P35|P40|P43|P48|P9,P12|P20|P22|P34|P4|P44
3,3,eye__current,hgb,1,0.3146445871211152,P13|P19|P2|P21|P24|P26|P3|P30|P33|P35|P40|P43|P48|P9,P12|P20|P22|P34|P4|P44
3,3,eye__current,hgb,4,0.3285297811661144,P13|P19|P2|P21|P24|P26|P3|P30|P33|P35|P40|P43|P48|P9,P12|P20|P22|P34|P4|P44
3,3,eye__current,hgb,8,0.3293305175649461,P13|P19|P2|P21|P24|P26|P3|P30|P33|P35|P40|P43|P48|P9,P12|P20|P22|P34|P4|P44
3,3,eye__current,rbf,1,0.3431907663283605,P13|P19|P2|P21|P24|P26|P3|P30|P33|P35|P40|P43|P48|P9,P12|P20|P22|P34|P4|P44
3,3,eye__current,rbf,4,0.333235908650994,P13|P19|P2|P21|P24|P26|P3|P30|P33|P35|P40|P43|P48|P9,P12|P20|P22|P34|P4|P44
3,3,eye__current,rbf,8,0.332189990618139,P13|P19|P2|P21|P24|P26|P3|P30|P33|P35|P40|P43|P48|P9,P12|P20|P22|P34|P4|P44
3,3,eye__recording_8,logistic_0.1,1,0.3537148701010293,P13|P19|P2|P21|P24|P26|P3|P30|P33|P35|P40|P43|P48|P9,P12|P20|P22|P34|P4|P44
3,3,eye__recording_8,logistic_0.1,4,0.343344265166914,P13|P19|P2|P21|P24|P26|P3|P30|P33|P35|P40|P43|P48|P9,P12|P20|P22|P34|P4|P44
3,3,eye__recording_8,logistic_0.1,8,0.3480248853207754,P13|P19|P2|P21|P24|P26|P3|P30|P33|P35|P40|P43|P48|P9,P12|P20|P22|P34|P4|P44
3,3,eye__recording_8,logistic_1,1,0.34999070152335365,P13|P19|P2|P21|P24|P26|P3|P30|P33|P35|P40|P43|P48|P9,P12|P20|P22|P34|P4|P44
3,3,eye__recording_8,logistic_1,4,0.344260150326136,P13|P19|P2|P21|P24|P26|P3|P30|P33|P35|P40|P43|P48|P9,P12|P20|P22|P34|P4|P44
3,3,eye__recording_8,logistic_1,8,0.34567814541919867,P13|P19|P2|P21|P24|P26|P3|P30|P33|P35|P40|P43|P48|P9,P12|P20|P22|P34|P4|P44
3,3,eye__recording_8,hgb,1,0.32691256301979416,P13|P19|P2|P21|P24|P26|P3|P30|P33|P35|P40|P43|P48|P9,P12|P20|P22|P34|P4|P44
3,3,eye__recording_8,hgb,4,0.31832009554688584,P13|P19|P2|P21|P24|P26|P3|P30|P33|P35|P40|P43|P48|P9,P12|P20|P22|P34|P4|P44
3,3,eye__recording_8,hgb,8,0.3136598816072058,P13|P19|P2|P21|P24|P26|P3|P30|P33|P35|P40|P43|P48|P9,P12|P20|P22|P34|P4|P44
3,3,eye__recording_8,rbf,1,0.3464295816318049,P13|P19|P2|P21|P24|P26|P3|P30|P33|P35|P40|P43|P48|P9,P12|P20|P22|P34|P4|P44
3,3,eye__recording_8,rbf,4,0.34480481602754737,P13|P19|P2|P21|P24|P26|P3|P30|P33|P35|P40|P43|P48|P9,P12|P20|P22|P34|P4|P44
3,3,eye__recording_8,rbf,8,0.3409259653234186,P13|P19|P2|P21|P24|P26|P3|P30|P33|P35|P40|P43|P48|P9,P12|P20|P22|P34|P4|P44
3,3,full__current,logistic_0.1,1,0.3388264776977985,P13|P19|P2|P21|P24|P26|P3|P30|P33|P35|P40|P43|P48|P9,P12|P20|P22|P34|P4|P44
3,3,full__current,logistic_0.1,4,0.3426062797491008,P13|P19|P2|P21|P24|P26|P3|P30|P33|P35|P40|P43|P48|P9,P12|P20|P22|P34|P4|P44
3,3,full__current,logistic_0.1,8,0.336359739203634,P13|P19|P2|P21|P24|P26|P3|P30|P33|P35|P40|P43|P48|P9,P12|P20|P22|P34|P4|P44
3,3,full__current,logistic_1,1,0.33915775349682126,P13|P19|P2|P21|P24|P26|P3|P30|P33|P35|P40|P43|P48|P9,P12|P20|P22|P34|P4|P44
3,3,full__current,logistic_1,4,0.34196561159751465,P13|P19|P2|P21|P24|P26|P3|P30|P33|P35|P40|P43|P48|P9,P12|P20|P22|P34|P4|P44
3,3,full__current,logistic_1,8,0.33759023071711375,P13|P19|P2|P21|P24|P26|P3|P30|P33|P35|P40|P43|P48|P9,P12|P20|P22|P34|P4|P44
3,3,full__current,hgb,1,0.3444393685876297,P13|P19|P2|P21|P24|P26|P3|P30|P33|P35|P40|P43|P48|P9,P12|P20|P22|P34|P4|P44
3,3,full__current,hgb,4,0.36633983276145443,P13|P19|P2|P21|P24|P26|P3|P30|P33|P35|P40|P43|P48|P9,P12|P20|P22|P34|P4|P44
3,3,full__current,hgb,8,0.37110918960592487,P13|P19|P2|P21|P24|P26|P3|P30|P33|P35|P40|P43|P48|P9,P12|P20|P22|P34|P4|P44
3,3,full__current,rbf,1,0.3371474457110732,P13|P19|P2|P21|P24|P26|P3|P30|P33|P35|P40|P43|P48|P9,P12|P20|P22|P34|P4|P44
3,3,full__current,rbf,4,0.34039535652283054,P13|P19|P2|P21|P24|P26|P3|P30|P33|P35|P40|P43|P48|P9,P12|P20|P22|P34|P4|P44
3,3,full__current,rbf,8,0.344212525768127,P13|P19|P2|P21|P24|P26|P3|P30|P33|P35|P40|P43|P48|P9,P12|P20|P22|P34|P4|P44
3,3,full__recording_8,logistic_0.1,1,0.35955274249307645,P13|P19|P2|P21|P24|P26|P3|P30|P33|P35|P40|P43|P48|P9,P12|P20|P22|P34|P4|P44
3,3,full__recording_8,logistic_0.1,4,0.35466704595035153,P13|P19|P2|P21|P24|P26|P3|P30|P33|P35|P40|P43|P48|P9,P12|P20|P22|P34|P4|P44
3,3,full__recording_8,logistic_0.1,8,0.3496969587130916,P13|P19|P2|P21|P24|P26|P3|P30|P33|P35|P40|P43|P48|P9,P12|P20|P22|P34|P4|P44
3,3,full__recording_8,logistic_1,1,0.35700590379418684,P13|P19|P2|P21|P24|P26|P3|P30|P33|P35|P40|P43|P48|P9,P12|P20|P22|P34|P4|P44
3,3,full__recording_8,logistic_1,4,0.3527545777052088,P13|P19|P2|P21|P24|P26|P3|P30|P33|P35|P40|P43|P48|P9,P12|P20|P22|P34|P4|P44
3,3,full__recording_8,logistic_1,8,0.35043322952974404,P13|P19|P2|P21|P24|P26|P3|P30|P33|P35|P40|P43|P48|P9,P12|P20|P22|P34|P4|P44
3,3,full__recording_8,hgb,1,0.33634591034639194,P13|P19|P2|P21|P24|P26|P3|P30|P33|P35|P40|P43|P48|P9,P12|P20|P22|P34|P4|P44
3,3,full__recording_8,hgb,4,0.3461959218350599,P13|P19|P2|P21|P24|P26|P3|P30|P33|P35|P40|P43|P48|P9,P12|P20|P22|P34|P4|P44
3,3,full__recording_8,hgb,8,0.3439473496467433,P13|P19|P2|P21|P24|P26|P3|P30|P33|P35|P40|P43|P48|P9,P12|P20|P22|P34|P4|P44
3,3,full__recording_8,rbf,1,0.3431196949896442,P13|P19|P2|P21|P24|P26|P3|P30|P33|P35|P40|P43|P48|P9,P12|P20|P22|P34|P4|P44
3,3,full__recording_8,rbf,4,0.3388203875696149,P13|P19|P2|P21|P24|P26|P3|P30|P33|P35|P40|P43|P48|P9,P12|P20|P22|P34|P4|P44
3,3,full__recording_8,rbf,8,0.33789276318644923,P13|P19|P2|P21|P24|P26|P3|P30|P33|P35|P40|P43|P48|P9,P12|P20|P22|P34|P4|P44
4,1,eye__current,logistic_0.1,1,0.33887388626354775,P13|P18|P19|P2|P21|P22|P24|P30|P34|P36|P43|P46|P48,P12|P26|P27|P35|P40|P44|P8
4,1,eye__current,logistic_0.1,4,0.33426910136169674,P13|P18|P19|P2|P21|P22|P24|P30|P34|P36|P43|P46|P48,P12|P26|P27|P35|P40|P44|P8
4,1,eye__current,logistic_0.1,8,0.3336082760727339,P13|P18|P19|P2|P21|P22|P24|P30|P34|P36|P43|P46|P48,P12|P26|P27|P35|P40|P44|P8
4,1,eye__current,logistic_1,1,0.33769544799874024,P13|P18|P19|P2|P21|P22|P24|P30|P34|P36|P43|P46|P48,P12|P26|P27|P35|P40|P44|P8
4,1,eye__current,logistic_1,4,0.3325108322387536,P13|P18|P19|P2|P21|P22|P24|P30|P34|P36|P43|P46|P48,P12|P26|P27|P35|P40|P44|P8
4,1,eye__current,logistic_1,8,0.3290532985125039,P13|P18|P19|P2|P21|P22|P24|P30|P34|P36|P43|P46|P48,P12|P26|P27|P35|P40|P44|P8
4,1,eye__current,hgb,1,0.31839518137325223,P13|P18|P19|P2|P21|P22|P24|P30|P34|P36|P43|P46|P48,P12|P26|P27|P35|P40|P44|P8
4,1,eye__current,hgb,4,0.3110680121553108,P13|P18|P19|P2|P21|P22|P24|P30|P34|P36|P43|P46|P48,P12|P26|P27|P35|P40|P44|P8
4,1,eye__current,hgb,8,0.30620979679513344,P13|P18|P19|P2|P21|P22|P24|P30|P34|P36|P43|P46|P48,P12|P26|P27|P35|P40|P44|P8
4,1,eye__current,rbf,1,0.3432370247502058,P13|P18|P19|P2|P21|P22|P24|P30|P34|P36|P43|P46|P48,P12|P26|P27|P35|P40|P44|P8
4,1,eye__current,rbf,4,0.3341827294394255,P13|P18|P19|P2|P21|P22|P24|P30|P34|P36|P43|P46|P48,P12|P26|P27|P35|P40|P44|P8
4,1,eye__current,rbf,8,0.31841475490430365,P13|P18|P19|P2|P21|P22|P24|P30|P34|P36|P43|P46|P48,P12|P26|P27|P35|P40|P44|P8
4,1,eye__recording_8,logistic_0.1,1,0.34502768862019806,P13|P18|P19|P2|P21|P22|P24|P30|P34|P36|P43|P46|P48,P12|P26|P27|P35|P40|P44|P8
4,1,eye__recording_8,logistic_0.1,4,0.3465869610310862,P13|P18|P19|P2|P21|P22|P24|P30|P34|P36|P43|P46|P48,P12|P26|P27|P35|P40|P44|P8
4,1,eye__recording_8,logistic_0.1,8,0.3424892987369313,P13|P18|P19|P2|P21|P22|P24|P30|P34|P36|P43|P46|P48,P12|P26|P27|P35|P40|P44|P8
4,1,eye__recording_8,logistic_1,1,0.3459778118636353,P13|P18|P19|P2|P21|P22|P24|P30|P34|P36|P43|P46|P48,P12|P26|P27|P35|P40|P44|P8
4,1,eye__recording_8,logistic_1,4,0.3450909195516606,P13|P18|P19|P2|P21|P22|P24|P30|P34|P36|P43|P46|P48,P12|P26|P27|P35|P40|P44|P8
4,1,eye__recording_8,logistic_1,8,0.34161261922647806,P13|P18|P19|P2|P21|P22|P24|P30|P34|P36|P43|P46|P48,P12|P26|P27|P35|P40|P44|P8
4,1,eye__recording_8,hgb,1,0.3312389947459456,P13|P18|P19|P2|P21|P22|P24|P30|P34|P36|P43|P46|P48,P12|P26|P27|P35|P40|P44|P8
4,1,eye__recording_8,hgb,4,0.331322465651938,P13|P18|P19|P2|P21|P22|P24|P30|P34|P36|P43|P46|P48,P12|P26|P27|P35|P40|P44|P8
4,1,eye__recording_8,hgb,8,0.33208135282382123,P13|P18|P19|P2|P21|P22|P24|P30|P34|P36|P43|P46|P48,P12|P26|P27|P35|P40|P44|P8
4,1,eye__recording_8,rbf,1,0.3298771034943212,P13|P18|P19|P2|P21|P22|P24|P30|P34|P36|P43|P46|P48,P12|P26|P27|P35|P40|P44|P8
4,1,eye__recording_8,rbf,4,0.3346536261056946,P13|P18|P19|P2|P21|P22|P24|P30|P34|P36|P43|P46|P48,P12|P26|P27|P35|P40|P44|P8
4,1,eye__recording_8,rbf,8,0.3248715164050984,P13|P18|P19|P2|P21|P22|P24|P30|P34|P36|P43|P46|P48,P12|P26|P27|P35|P40|P44|P8
4,1,full__current,logistic_0.1,1,0.32379877646134425,P13|P18|P19|P2|P21|P22|P24|P30|P34|P36|P43|P46|P48,P12|P26|P27|P35|P40|P44|P8
4,1,full__current,logistic_0.1,4,0.3236412712001111,P13|P18|P19|P2|P21|P22|P24|P30|P34|P36|P43|P46|P48,P12|P26|P27|P35|P40|P44|P8
4,1,full__current,logistic_0.1,8,0.3247373991186621,P13|P18|P19|P2|P21|P22|P24|P30|P34|P36|P43|P46|P48,P12|P26|P27|P35|P40|P44|P8
4,1,full__current,logistic_1,1,0.3234949726004854,P13|P18|P19|P2|P21|P22|P24|P30|P34|P36|P43|P46|P48,P12|P26|P27|P35|P40|P44|P8
4,1,full__current,logistic_1,4,0.32729203543070934,P13|P18|P19|P2|P21|P22|P24|P30|P34|P36|P43|P46|P48,P12|P26|P27|P35|P40|P44|P8
4,1,full__current,logistic_1,8,0.3267669150463423,P13|P18|P19|P2|P21|P22|P24|P30|P34|P36|P43|P46|P48,P12|P26|P27|P35|P40|P44|P8
4,1,full__current,hgb,1,0.33840998742270473,P13|P18|P19|P2|P21|P22|P24|P30|P34|P36|P43|P46|P48,P12|P26|P27|P35|P40|P44|P8
4,1,full__current,hgb,4,0.3443430318425552,P13|P18|P19|P2|P21|P22|P24|P30|P34|P36|P43|P46|P48,P12|P26|P27|P35|P40|P44|P8
4,1,full__current,hgb,8,0.3399217109575786,P13|P18|P19|P2|P21|P22|P24|P30|P34|P36|P43|P46|P48,P12|P26|P27|P35|P40|P44|P8
4,1,full__current,rbf,1,0.32577853492556874,P13|P18|P19|P2|P21|P22|P24|P30|P34|P36|P43|P46|P48,P12|P26|P27|P35|P40|P44|P8
4,1,full__current,rbf,4,0.3273482992400389,P13|P18|P19|P2|P21|P22|P24|P30|P34|P36|P43|P46|P48,P12|P26|P27|P35|P40|P44|P8
4,1,full__current,rbf,8,0.3311082015699003,P13|P18|P19|P2|P21|P22|P24|P30|P34|P36|P43|P46|P48,P12|P26|P27|P35|P40|P44|P8
4,1,full__recording_8,logistic_0.1,1,0.3317108039171436,P13|P18|P19|P2|P21|P22|P24|P30|P34|P36|P43|P46|P48,P12|P26|P27|P35|P40|P44|P8
4,1,full__recording_8,logistic_0.1,4,0.3320590716141467,P13|P18|P19|P2|P21|P22|P24|P30|P34|P36|P43|P46|P48,P12|P26|P27|P35|P40|P44|P8
4,1,full__recording_8,logistic_0.1,8,0.33582087415097117,P13|P18|P19|P2|P21|P22|P24|P30|P34|P36|P43|P46|P48,P12|P26|P27|P35|P40|P44|P8
4,1,full__recording_8,logistic_1,1,0.3336404348974505,P13|P18|P19|P2|P21|P22|P24|P30|P34|P36|P43|P46|P48,P12|P26|P27|P35|P40|P44|P8
4,1,full__recording_8,logistic_1,4,0.3324306112204594,P13|P18|P19|P2|P21|P22|P24|P30|P34|P36|P43|P46|P48,P12|P26|P27|P35|P40|P44|P8
4,1,full__recording_8,logistic_1,8,0.33390209931126336,P13|P18|P19|P2|P21|P22|P24|P30|P34|P36|P43|P46|P48,P12|P26|P27|P35|P40|P44|P8
4,1,full__recording_8,hgb,1,0.340130195781921,P13|P18|P19|P2|P21|P22|P24|P30|P34|P36|P43|P46|P48,P12|P26|P27|P35|P40|P44|P8
4,1,full__recording_8,hgb,4,0.34553517225652464,P13|P18|P19|P2|P21|P22|P24|P30|P34|P36|P43|P46|P48,P12|P26|P27|P35|P40|P44|P8
4,1,full__recording_8,hgb,8,0.34684084265698367,P13|P18|P19|P2|P21|P22|P24|P30|P34|P36|P43|P46|P48,P12|P26|P27|P35|P40|P44|P8
4,1,full__recording_8,rbf,1,0.3225801687925992,P13|P18|P19|P2|P21|P22|P24|P30|P34|P36|P43|P46|P48,P12|P26|P27|P35|P40|P44|P8
4,1,full__recording_8,rbf,4,0.325129352696298,P13|P18|P19|P2|P21|P22|P24|P30|P34|P36|P43|P46|P48,P12|P26|P27|P35|P40|P44|P8
4,1,full__recording_8,rbf,8,0.32540477291538494,P13|P18|P19|P2|P21|P22|P24|P30|P34|P36|P43|P46|P48,P12|P26|P27|P35|P40|P44|P8
4,2,eye__current,logistic_0.1,1,0.3344131850446798,P12|P18|P21|P22|P26|P27|P34|P35|P36|P40|P44|P46|P8,P13|P19|P2|P24|P30|P43|P48
4,2,eye__current,logistic_0.1,4,0.3301464839417311,P12|P18|P21|P22|P26|P27|P34|P35|P36|P40|P44|P46|P8,P13|P19|P2|P24|P30|P43|P48
4,2,eye__current,logistic_0.1,8,0.3317363541618312,P12|P18|P21|P22|P26|P27|P34|P35|P36|P40|P44|P46|P8,P13|P19|P2|P24|P30|P43|P48
4,2,eye__current,logistic_1,1,0.33231542598394664,P12|P18|P21|P22|P26|P27|P34|P35|P36|P40|P44|P46|P8,P13|P19|P2|P24|P30|P43|P48
4,2,eye__current,logistic_1,4,0.3268820359542576,P12|P18|P21|P22|P26|P27|P34|P35|P36|P40|P44|P46|P8,P13|P19|P2|P24|P30|P43|P48
4,2,eye__current,logistic_1,8,0.3340661656364317,P12|P18|P21|P22|P26|P27|P34|P35|P36|P40|P44|P46|P8,P13|P19|P2|P24|P30|P43|P48
4,2,eye__current,hgb,1,0.32997847195308533,P12|P18|P21|P22|P26|P27|P34|P35|P36|P40|P44|P46|P8,P13|P19|P2|P24|P30|P43|P48
4,2,eye__current,hgb,4,0.33126509032578444,P12|P18|P21|P22|P26|P27|P34|P35|P36|P40|P44|P46|P8,P13|P19|P2|P24|P30|P43|P48
4,2,eye__current,hgb,8,0.3324502092293851,P12|P18|P21|P22|P26|P27|P34|P35|P36|P40|P44|P46|P8,P13|P19|P2|P24|P30|P43|P48
4,2,eye__current,rbf,1,0.3594888381785953,P12|P18|P21|P22|P26|P27|P34|P35|P36|P40|P44|P46|P8,P13|P19|P2|P24|P30|P43|P48
4,2,eye__current,rbf,4,0.36549947894638696,P12|P18|P21|P22|P26|P27|P34|P35|P36|P40|P44|P46|P8,P13|P19|P2|P24|P30|P43|P48
4,2,eye__current,rbf,8,0.36377513475569845,P12|P18|P21|P22|P26|P27|P34|P35|P36|P40|P44|P46|P8,P13|P19|P2|P24|P30|P43|P48
4,2,eye__recording_8,logistic_0.1,1,0.328910763570065,P12|P18|P21|P22|P26|P27|P34|P35|P36|P40|P44|P46|P8,P13|P19|P2|P24|P30|P43|P48
4,2,eye__recording_8,logistic_0.1,4,0.33777848114237863,P12|P18|P21|P22|P26|P27|P34|P35|P36|P40|P44|P46|P8,P13|P19|P2|P24|P30|P43|P48
4,2,eye__recording_8,logistic_0.1,8,0.343445212579431,P12|P18|P21|P22|P26|P27|P34|P35|P36|P40|P44|P46|P8,P13|P19|P2|P24|P30|P43|P48
4,2,eye__recording_8,logistic_1,1,0.33171253732605244,P12|P18|P21|P22|P26|P27|P34|P35|P36|P40|P44|P46|P8,P13|P19|P2|P24|P30|P43|P48
4,2,eye__recording_8,logistic_1,4,0.33638394352915596,P12|P18|P21|P22|P26|P27|P34|P35|P36|P40|P44|P46|P8,P13|P19|P2|P24|P30|P43|P48
4,2,eye__recording_8,logistic_1,8,0.3453110208856569,P12|P18|P21|P22|P26|P27|P34|P35|P36|P40|P44|P46|P8,P13|P19|P2|P24|P30|P43|P48
4,2,eye__recording_8,hgb,1,0.32313172686585695,P12|P18|P21|P22|P26|P27|P34|P35|P36|P40|P44|P46|P8,P13|P19|P2|P24|P30|P43|P48
4,2,eye__recording_8,hgb,4,0.32522464868892137,P12|P18|P21|P22|P26|P27|P34|P35|P36|P40|P44|P46|P8,P13|P19|P2|P24|P30|P43|P48
4,2,eye__recording_8,hgb,8,0.3281832542938454,P12|P18|P21|P22|P26|P27|P34|P35|P36|P40|P44|P46|P8,P13|P19|P2|P24|P30|P43|P48
4,2,eye__recording_8,rbf,1,0.3522420540680287,P12|P18|P21|P22|P26|P27|P34|P35|P36|P40|P44|P46|P8,P13|P19|P2|P24|P30|P43|P48
4,2,eye__recording_8,rbf,4,0.36498259464730387,P12|P18|P21|P22|P26|P27|P34|P35|P36|P40|P44|P46|P8,P13|P19|P2|P24|P30|P43|P48
4,2,eye__recording_8,rbf,8,0.36052829219007443,P12|P18|P21|P22|P26|P27|P34|P35|P36|P40|P44|P46|P8,P13|P19|P2|P24|P30|P43|P48
4,2,full__current,logistic_0.1,1,0.320877331169791,P12|P18|P21|P22|P26|P27|P34|P35|P36|P40|P44|P46|P8,P13|P19|P2|P24|P30|P43|P48
4,2,full__current,logistic_0.1,4,0.32946504393943415,P12|P18|P21|P22|P26|P27|P34|P35|P36|P40|P44|P46|P8,P13|P19|P2|P24|P30|P43|P48
4,2,full__current,logistic_0.1,8,0.3265287729150158,P12|P18|P21|P22|P26|P27|P34|P35|P36|P40|P44|P46|P8,P13|P19|P2|P24|P30|P43|P48
4,2,full__current,logistic_1,1,0.3161364577974082,P12|P18|P21|P22|P26|P27|P34|P35|P36|P40|P44|P46|P8,P13|P19|P2|P24|P30|P43|P48
4,2,full__current,logistic_1,4,0.3288109359154233,P12|P18|P21|P22|P26|P27|P34|P35|P36|P40|P44|P46|P8,P13|P19|P2|P24|P30|P43|P48
4,2,full__current,logistic_1,8,0.32632747289940933,P12|P18|P21|P22|P26|P27|P34|P35|P36|P40|P44|P46|P8,P13|P19|P2|P24|P30|P43|P48
4,2,full__current,hgb,1,0.3241568377193639,P12|P18|P21|P22|P26|P27|P34|P35|P36|P40|P44|P46|P8,P13|P19|P2|P24|P30|P43|P48
4,2,full__current,hgb,4,0.3358016565150116,P12|P18|P21|P22|P26|P27|P34|P35|P36|P40|P44|P46|P8,P13|P19|P2|P24|P30|P43|P48
4,2,full__current,hgb,8,0.34090586971447706,P12|P18|P21|P22|P26|P27|P34|P35|P36|P40|P44|P46|P8,P13|P19|P2|P24|P30|P43|P48
4,2,full__current,rbf,1,0.34411787642177954,P12|P18|P21|P22|P26|P27|P34|P35|P36|P40|P44|P46|P8,P13|P19|P2|P24|P30|P43|P48
4,2,full__current,rbf,4,0.3496391871749392,P12|P18|P21|P22|P26|P27|P34|P35|P36|P40|P44|P46|P8,P13|P19|P2|P24|P30|P43|P48
4,2,full__current,rbf,8,0.3465232832309583,P12|P18|P21|P22|P26|P27|P34|P35|P36|P40|P44|P46|P8,P13|P19|P2|P24|P30|P43|P48
4,2,full__recording_8,logistic_0.1,1,0.3155026841431119,P12|P18|P21|P22|P26|P27|P34|P35|P36|P40|P44|P46|P8,P13|P19|P2|P24|P30|P43|P48
4,2,full__recording_8,logistic_0.1,4,0.3181992750015939,P12|P18|P21|P22|P26|P27|P34|P35|P36|P40|P44|P46|P8,P13|P19|P2|P24|P30|P43|P48
4,2,full__recording_8,logistic_0.1,8,0.3292605584524869,P12|P18|P21|P22|P26|P27|P34|P35|P36|P40|P44|P46|P8,P13|P19|P2|P24|P30|P43|P48
4,2,full__recording_8,logistic_1,1,0.3141728643922799,P12|P18|P21|P22|P26|P27|P34|P35|P36|P40|P44|P46|P8,P13|P19|P2|P24|P30|P43|P48
4,2,full__recording_8,logistic_1,4,0.31817419377682843,P12|P18|P21|P22|P26|P27|P34|P35|P36|P40|P44|P46|P8,P13|P19|P2|P24|P30|P43|P48
4,2,full__recording_8,logistic_1,8,0.32699435853874814,P12|P18|P21|P22|P26|P27|P34|P35|P36|P40|P44|P46|P8,P13|P19|P2|P24|P30|P43|P48
4,2,full__recording_8,hgb,1,0.3262330529888589,P12|P18|P21|P22|P26|P27|P34|P35|P36|P40|P44|P46|P8,P13|P19|P2|P24|P30|P43|P48
4,2,full__recording_8,hgb,4,0.33026235780747604,P12|P18|P21|P22|P26|P27|P34|P35|P36|P40|P44|P46|P8,P13|P19|P2|P24|P30|P43|P48
4,2,full__recording_8,hgb,8,0.3435029654508828,P12|P18|P21|P22|P26|P27|P34|P35|P36|P40|P44|P46|P8,P13|P19|P2|P24|P30|P43|P48
4,2,full__recording_8,rbf,1,0.34492528139654216,P12|P18|P21|P22|P26|P27|P34|P35|P36|P40|P44|P46|P8,P13|P19|P2|P24|P30|P43|P48
4,2,full__recording_8,rbf,4,0.35480080629589855,P12|P18|P21|P22|P26|P27|P34|P35|P36|P40|P44|P46|P8,P13|P19|P2|P24|P30|P43|P48
4,2,full__recording_8,rbf,8,0.3567403949704912,P12|P18|P21|P22|P26|P27|P34|P35|P36|P40|P44|P46|P8,P13|P19|P2|P24|P30|P43|P48
4,3,eye__current,logistic_0.1,1,0.311087238052595,P12|P13|P19|P2|P24|P26|P27|P30|P35|P40|P43|P44|P48|P8,P18|P21|P22|P34|P36|P46
4,3,eye__current,logistic_0.1,4,0.29449532790441146,P12|P13|P19|P2|P24|P26|P27|P30|P35|P40|P43|P44|P48|P8,P18|P21|P22|P34|P36|P46
4,3,eye__current,logistic_0.1,8,0.2898064756837599,P12|P13|P19|P2|P24|P26|P27|P30|P35|P40|P43|P44|P48|P8,P18|P21|P22|P34|P36|P46
4,3,eye__current,logistic_1,1,0.30843185239100523,P12|P13|P19|P2|P24|P26|P27|P30|P35|P40|P43|P44|P48|P8,P18|P21|P22|P34|P36|P46
4,3,eye__current,logistic_1,4,0.2970428565351418,P12|P13|P19|P2|P24|P26|P27|P30|P35|P40|P43|P44|P48|P8,P18|P21|P22|P34|P36|P46
4,3,eye__current,logistic_1,8,0.2928364772522883,P12|P13|P19|P2|P24|P26|P27|P30|P35|P40|P43|P44|P48|P8,P18|P21|P22|P34|P36|P46
4,3,eye__current,hgb,1,0.3134983993537215,P12|P13|P19|P2|P24|P26|P27|P30|P35|P40|P43|P44|P48|P8,P18|P21|P22|P34|P36|P46
4,3,eye__current,hgb,4,0.2831621085888718,P12|P13|P19|P2|P24|P26|P27|P30|P35|P40|P43|P44|P48|P8,P18|P21|P22|P34|P36|P46
4,3,eye__current,hgb,8,0.2793610435542377,P12|P13|P19|P2|P24|P26|P27|P30|P35|P40|P43|P44|P48|P8,P18|P21|P22|P34|P36|P46
4,3,eye__current,rbf,1,0.31528341879722177,P12|P13|P19|P2|P24|P26|P27|P30|P35|P40|P43|P44|P48|P8,P18|P21|P22|P34|P36|P46
4,3,eye__current,rbf,4,0.3006599248269945,P12|P13|P19|P2|P24|P26|P27|P30|P35|P40|P43|P44|P48|P8,P18|P21|P22|P34|P36|P46
4,3,eye__current,rbf,8,0.2973345406642994,P12|P13|P19|P2|P24|P26|P27|P30|P35|P40|P43|P44|P48|P8,P18|P21|P22|P34|P36|P46
4,3,eye__recording_8,logistic_0.1,1,0.3151267114679828,P12|P13|P19|P2|P24|P26|P27|P30|P35|P40|P43|P44|P48|P8,P18|P21|P22|P34|P36|P46
4,3,eye__recording_8,logistic_0.1,4,0.30454019505873436,P12|P13|P19|P2|P24|P26|P27|P30|P35|P40|P43|P44|P48|P8,P18|P21|P22|P34|P36|P46
4,3,eye__recording_8,logistic_0.1,8,0.2984797819482771,P12|P13|P19|P2|P24|P26|P27|P30|P35|P40|P43|P44|P48|P8,P18|P21|P22|P34|P36|P46
4,3,eye__recording_8,logistic_1,1,0.3144049182389234,P12|P13|P19|P2|P24|P26|P27|P30|P35|P40|P43|P44|P48|P8,P18|P21|P22|P34|P36|P46
4,3,eye__recording_8,logistic_1,4,0.30767084588988064,P12|P13|P19|P2|P24|P26|P27|P30|P35|P40|P43|P44|P48|P8,P18|P21|P22|P34|P36|P46
4,3,eye__recording_8,logistic_1,8,0.2984667536459135,P12|P13|P19|P2|P24|P26|P27|P30|P35|P40|P43|P44|P48|P8,P18|P21|P22|P34|P36|P46
4,3,eye__recording_8,hgb,1,0.30460842667555604,P12|P13|P19|P2|P24|P26|P27|P30|P35|P40|P43|P44|P48|P8,P18|P21|P22|P34|P36|P46
4,3,eye__recording_8,hgb,4,0.30137044002217067,P12|P13|P19|P2|P24|P26|P27|P30|P35|P40|P43|P44|P48|P8,P18|P21|P22|P34|P36|P46
4,3,eye__recording_8,hgb,8,0.2910943450711793,P12|P13|P19|P2|P24|P26|P27|P30|P35|P40|P43|P44|P48|P8,P18|P21|P22|P34|P36|P46
4,3,eye__recording_8,rbf,1,0.32180344286062673,P12|P13|P19|P2|P24|P26|P27|P30|P35|P40|P43|P44|P48|P8,P18|P21|P22|P34|P36|P46
4,3,eye__recording_8,rbf,4,0.3037375358950627,P12|P13|P19|P2|P24|P26|P27|P30|P35|P40|P43|P44|P48|P8,P18|P21|P22|P34|P36|P46
4,3,eye__recording_8,rbf,8,0.2922811949099974,P12|P13|P19|P2|P24|P26|P27|P30|P35|P40|P43|P44|P48|P8,P18|P21|P22|P34|P36|P46
4,3,full__current,logistic_0.1,1,0.30933414715144253,P12|P13|P19|P2|P24|P26|P27|P30|P35|P40|P43|P44|P48|P8,P18|P21|P22|P34|P36|P46
4,3,full__current,logistic_0.1,4,0.31412662262070634,P12|P13|P19|P2|P24|P26|P27|P30|P35|P40|P43|P44|P48|P8,P18|P21|P22|P34|P36|P46
4,3,full__current,logistic_0.1,8,0.30502339546435336,P12|P13|P19|P2|P24|P26|P27|P30|P35|P40|P43|P44|P48|P8,P18|P21|P22|P34|P36|P46
4,3,full__current,logistic_1,1,0.3103971339024789,P12|P13|P19|P2|P24|P26|P27|P30|P35|P40|P43|P44|P48|P8,P18|P21|P22|P34|P36|P46
4,3,full__current,logistic_1,4,0.31169079651302306,P12|P13|P19|P2|P24|P26|P27|P30|P35|P40|P43|P44|P48|P8,P18|P21|P22|P34|P36|P46
4,3,full__current,logistic_1,8,0.3049210359835171,P12|P13|P19|P2|P24|P26|P27|P30|P35|P40|P43|P44|P48|P8,P18|P21|P22|P34|P36|P46
4,3,full__current,hgb,1,0.3542951078859644,P12|P13|P19|P2|P24|P26|P27|P30|P35|P40|P43|P44|P48|P8,P18|P21|P22|P34|P36|P46
4,3,full__current,hgb,4,0.3383517368550318,P12|P13|P19|P2|P24|P26|P27|P30|P35|P40|P43|P44|P48|P8,P18|P21|P22|P34|P36|P46
4,3,full__current,hgb,8,0.3369806732647102,P12|P13|P19|P2|P24|P26|P27|P30|P35|P40|P43|P44|P48|P8,P18|P21|P22|P34|P36|P46
4,3,full__current,rbf,1,0.32853363839435923,P12|P13|P19|P2|P24|P26|P27|P30|P35|P40|P43|P44|P48|P8,P18|P21|P22|P34|P36|P46
4,3,full__current,rbf,4,0.33688479289250345,P12|P13|P19|P2|P24|P26|P27|P30|P35|P40|P43|P44|P48|P8,P18|P21|P22|P34|P36|P46
4,3,full__current,rbf,8,0.33778516896536503,P12|P13|P19|P2|P24|P26|P27|P30|P35|P40|P43|P44|P48|P8,P18|P21|P22|P34|P36|P46
4,3,full__recording_8,logistic_0.1,1,0.31869836969861004,P12|P13|P19|P2|P24|P26|P27|P30|P35|P40|P43|P44|P48|P8,P18|P21|P22|P34|P36|P46
4,3,full__recording_8,logistic_0.1,4,0.30934331618015687,P12|P13|P19|P2|P24|P26|P27|P30|P35|P40|P43|P44|P48|P8,P18|P21|P22|P34|P36|P46
4,3,full__recording_8,logistic_0.1,8,0.30258930078549545,P12|P13|P19|P2|P24|P26|P27|P30|P35|P40|P43|P44|P48|P8,P18|P21|P22|P34|P36|P46
4,3,full__recording_8,logistic_1,1,0.32175547729843923,P12|P13|P19|P2|P24|P26|P27|P30|P35|P40|P43|P44|P48|P8,P18|P21|P22|P34|P36|P46
4,3,full__recording_8,logistic_1,4,0.31251618655102764,P12|P13|P19|P2|P24|P26|P27|P30|P35|P40|P43|P44|P48|P8,P18|P21|P22|P34|P36|P46
4,3,full__recording_8,logistic_1,8,0.30289385609868846,P12|P13|P19|P2|P24|P26|P27|P30|P35|P40|P43|P44|P48|P8,P18|P21|P22|P34|P36|P46
4,3,full__recording_8,hgb,1,0.33842069993187646,P12|P13|P19|P2|P24|P26|P27|P30|P35|P40|P43|P44|P48|P8,P18|P21|P22|P34|P36|P46
4,3,full__recording_8,hgb,4,0.3196288833937943,P12|P13|P19|P2|P24|P26|P27|P30|P35|P40|P43|P44|P48|P8,P18|P21|P22|P34|P36|P46
4,3,full__recording_8,hgb,8,0.31902598283618794,P12|P13|P19|P2|P24|P26|P27|P30|P35|P40|P43|P44|P48|P8,P18|P21|P22|P34|P36|P46
4,3,full__recording_8,rbf,1,0.3362047571939981,P12|P13|P19|P2|P24|P26|P27|P30|P35|P40|P43|P44|P48|P8,P18|P21|P22|P34|P36|P46
4,3,full__recording_8,rbf,4,0.3266599282349378,P12|P13|P19|P2|P24|P26|P27|P30|P35|P40|P43|P44|P48|P8,P18|P21|P22|P34|P36|P46
4,3,full__recording_8,rbf,8,0.31975457511552696,P12|P13|P19|P2|P24|P26|P27|P30|P35|P40|P43|P44|P48|P8,P18|P21|P22|P34|P36|P46
5,1,eye__current,logistic_0.1,1,0.3512131568801508,P12|P18|P19|P2|P22|P27|P3|P35|P4|P40|P43|P46|P9,P20|P24|P30|P33|P36|P48|P8
5,1,eye__current,logistic_0.1,4,0.3629914778116074,P12|P18|P19|P2|P22|P27|P3|P35|P4|P40|P43|P46|P9,P20|P24|P30|P33|P36|P48|P8
5,1,eye__current,logistic_0.1,8,0.3645065333961051,P12|P18|P19|P2|P22|P27|P3|P35|P4|P40|P43|P46|P9,P20|P24|P30|P33|P36|P48|P8
5,1,eye__current,logistic_1,1,0.3527278347723354,P12|P18|P19|P2|P22|P27|P3|P35|P4|P40|P43|P46|P9,P20|P24|P30|P33|P36|P48|P8
5,1,eye__current,logistic_1,4,0.36088624299348565,P12|P18|P19|P2|P22|P27|P3|P35|P4|P40|P43|P46|P9,P20|P24|P30|P33|P36|P48|P8
5,1,eye__current,logistic_1,8,0.3641195727589133,P12|P18|P19|P2|P22|P27|P3|P35|P4|P40|P43|P46|P9,P20|P24|P30|P33|P36|P48|P8
5,1,eye__current,hgb,1,0.3407374678673811,P12|P18|P19|P2|P22|P27|P3|P35|P4|P40|P43|P46|P9,P20|P24|P30|P33|P36|P48|P8
5,1,eye__current,hgb,4,0.33936795905276673,P12|P18|P19|P2|P22|P27|P3|P35|P4|P40|P43|P46|P9,P20|P24|P30|P33|P36|P48|P8
5,1,eye__current,hgb,8,0.3430690628505988,P12|P18|P19|P2|P22|P27|P3|P35|P4|P40|P43|P46|P9,P20|P24|P30|P33|P36|P48|P8
5,1,eye__current,rbf,1,0.348498314580192,P12|P18|P19|P2|P22|P27|P3|P35|P4|P40|P43|P46|P9,P20|P24|P30|P33|P36|P48|P8
5,1,eye__current,rbf,4,0.3577337648149807,P12|P18|P19|P2|P22|P27|P3|P35|P4|P40|P43|P46|P9,P20|P24|P30|P33|P36|P48|P8
5,1,eye__current,rbf,8,0.3588760633088204,P12|P18|P19|P2|P22|P27|P3|P35|P4|P40|P43|P46|P9,P20|P24|P30|P33|P36|P48|P8
5,1,eye__recording_8,logistic_0.1,1,0.3471799932398088,P12|P18|P19|P2|P22|P27|P3|P35|P4|P40|P43|P46|P9,P20|P24|P30|P33|P36|P48|P8
5,1,eye__recording_8,logistic_0.1,4,0.3428454124369775,P12|P18|P19|P2|P22|P27|P3|P35|P4|P40|P43|P46|P9,P20|P24|P30|P33|P36|P48|P8
5,1,eye__recording_8,logistic_0.1,8,0.33790530634709137,P12|P18|P19|P2|P22|P27|P3|P35|P4|P40|P43|P46|P9,P20|P24|P30|P33|P36|P48|P8
5,1,eye__recording_8,logistic_1,1,0.3462697266102089,P12|P18|P19|P2|P22|P27|P3|P35|P4|P40|P43|P46|P9,P20|P24|P30|P33|P36|P48|P8
5,1,eye__recording_8,logistic_1,4,0.3426021754166796,P12|P18|P19|P2|P22|P27|P3|P35|P4|P40|P43|P46|P9,P20|P24|P30|P33|P36|P48|P8
5,1,eye__recording_8,logistic_1,8,0.3382652198948727,P12|P18|P19|P2|P22|P27|P3|P35|P4|P40|P43|P46|P9,P20|P24|P30|P33|P36|P48|P8
5,1,eye__recording_8,hgb,1,0.341298652198414,P12|P18|P19|P2|P22|P27|P3|P35|P4|P40|P43|P46|P9,P20|P24|P30|P33|P36|P48|P8
5,1,eye__recording_8,hgb,4,0.3391129924077484,P12|P18|P19|P2|P22|P27|P3|P35|P4|P40|P43|P46|P9,P20|P24|P30|P33|P36|P48|P8
5,1,eye__recording_8,hgb,8,0.3337433479598329,P12|P18|P19|P2|P22|P27|P3|P35|P4|P40|P43|P46|P9,P20|P24|P30|P33|P36|P48|P8
5,1,eye__recording_8,rbf,1,0.3613290570157498,P12|P18|P19|P2|P22|P27|P3|P35|P4|P40|P43|P46|P9,P20|P24|P30|P33|P36|P48|P8
5,1,eye__recording_8,rbf,4,0.35450626190182716,P12|P18|P19|P2|P22|P27|P3|P35|P4|P40|P43|P46|P9,P20|P24|P30|P33|P36|P48|P8
5,1,eye__recording_8,rbf,8,0.34175582360957707,P12|P18|P19|P2|P22|P27|P3|P35|P4|P40|P43|P46|P9,P20|P24|P30|P33|P36|P48|P8
5,1,full__current,logistic_0.1,1,0.33391530449866463,P12|P18|P19|P2|P22|P27|P3|P35|P4|P40|P43|P46|P9,P20|P24|P30|P33|P36|P48|P8
5,1,full__current,logistic_0.1,4,0.34101907687394223,P12|P18|P19|P2|P22|P27|P3|P35|P4|P40|P43|P46|P9,P20|P24|P30|P33|P36|P48|P8
5,1,full__current,logistic_0.1,8,0.3362838626369831,P12|P18|P19|P2|P22|P27|P3|P35|P4|P40|P43|P46|P9,P20|P24|P30|P33|P36|P48|P8
5,1,full__current,logistic_1,1,0.33385818338637163,P12|P18|P19|P2|P22|P27|P3|P35|P4|P40|P43|P46|P9,P20|P24|P30|P33|P36|P48|P8
5,1,full__current,logistic_1,4,0.33932681711993745,P12|P18|P19|P2|P22|P27|P3|P35|P4|P40|P43|P46|P9,P20|P24|P30|P33|P36|P48|P8
5,1,full__current,logistic_1,8,0.33720868954336086,P12|P18|P19|P2|P22|P27|P3|P35|P4|P40|P43|P46|P9,P20|P24|P30|P33|P36|P48|P8
5,1,full__current,hgb,1,0.32894973051617243,P12|P18|P19|P2|P22|P27|P3|P35|P4|P40|P43|P46|P9,P20|P24|P30|P33|P36|P48|P8
5,1,full__current,hgb,4,0.3292504678743563,P12|P18|P19|P2|P22|P27|P3|P35|P4|P40|P43|P46|P9,P20|P24|P30|P33|P36|P48|P8
5,1,full__current,hgb,8,0.3253730811168159,P12|P18|P19|P2|P22|P27|P3|P35|P4|P40|P43|P46|P9,P20|P24|P30|P33|P36|P48|P8
5,1,full__current,rbf,1,0.33324594493047555,P12|P18|P19|P2|P22|P27|P3|P35|P4|P40|P43|P46|P9,P20|P24|P30|P33|P36|P48|P8
5,1,full__current,rbf,4,0.33632837753154865,P12|P18|P19|P2|P22|P27|P3|P35|P4|P40|P43|P46|P9,P20|P24|P30|P33|P36|P48|P8
5,1,full__current,rbf,8,0.3362369159298355,P12|P18|P19|P2|P22|P27|P3|P35|P4|P40|P43|P46|P9,P20|P24|P30|P33|P36|P48|P8
5,1,full__recording_8,logistic_0.1,1,0.3356608604383804,P12|P18|P19|P2|P22|P27|P3|P35|P4|P40|P43|P46|P9,P20|P24|P30|P33|P36|P48|P8
5,1,full__recording_8,logistic_0.1,4,0.34020341862397663,P12|P18|P19|P2|P22|P27|P3|P35|P4|P40|P43|P46|P9,P20|P24|P30|P33|P36|P48|P8
5,1,full__recording_8,logistic_0.1,8,0.34073813261185065,P12|P18|P19|P2|P22|P27|P3|P35|P4|P40|P43|P46|P9,P20|P24|P30|P33|P36|P48|P8
5,1,full__recording_8,logistic_1,1,0.3393343586049326,P12|P18|P19|P2|P22|P27|P3|P35|P4|P40|P43|P46|P9,P20|P24|P30|P33|P36|P48|P8
5,1,full__recording_8,logistic_1,4,0.3417951506474807,P12|P18|P19|P2|P22|P27|P3|P35|P4|P40|P43|P46|P9,P20|P24|P30|P33|P36|P48|P8
5,1,full__recording_8,logistic_1,8,0.34231610772601373,P12|P18|P19|P2|P22|P27|P3|P35|P4|P40|P43|P46|P9,P20|P24|P30|P33|P36|P48|P8
5,1,full__recording_8,hgb,1,0.33742045107933755,P12|P18|P19|P2|P22|P27|P3|P35|P4|P40|P43|P46|P9,P20|P24|P30|P33|P36|P48|P8
5,1,full__recording_8,hgb,4,0.33857921139062924,P12|P18|P19|P2|P22|P27|P3|P35|P4|P40|P43|P46|P9,P20|P24|P30|P33|P36|P48|P8
5,1,full__recording_8,hgb,8,0.3328512255747721,P12|P18|P19|P2|P22|P27|P3|P35|P4|P40|P43|P46|P9,P20|P24|P30|P33|P36|P48|P8
5,1,full__recording_8,rbf,1,0.33314537536109384,P12|P18|P19|P2|P22|P27|P3|P35|P4|P40|P43|P46|P9,P20|P24|P30|P33|P36|P48|P8
5,1,full__recording_8,rbf,4,0.3315206753204339,P12|P18|P19|P2|P22|P27|P3|P35|P4|P40|P43|P46|P9,P20|P24|P30|P33|P36|P48|P8
5,1,full__recording_8,rbf,8,0.3278276603849659,P12|P18|P19|P2|P22|P27|P3|P35|P4|P40|P43|P46|P9,P20|P24|P30|P33|P36|P48|P8
5,2,eye__current,logistic_0.1,1,0.33632904462043495,P18|P19|P2|P20|P22|P24|P30|P33|P35|P36|P43|P48|P8,P12|P27|P3|P4|P40|P46|P9
5,2,eye__current,logistic_0.1,4,0.33457039850756515,P18|P19|P2|P20|P22|P24|P30|P33|P35|P36|P43|P48|P8,P12|P27|P3|P4|P40|P46|P9
5,2,eye__current,logistic_0.1,8,0.3425041108731225,P18|P19|P2|P20|P22|P24|P30|P33|P35|P36|P43|P48|P8,P12|P27|P3|P4|P40|P46|P9
5,2,eye__current,logistic_1,1,0.33634500093236125,P18|P19|P2|P20|P22|P24|P30|P33|P35|P36|P43|P48|P8,P12|P27|P3|P4|P40|P46|P9
5,2,eye__current,logistic_1,4,0.3336576893983428,P18|P19|P2|P20|P22|P24|P30|P33|P35|P36|P43|P48|P8,P12|P27|P3|P4|P40|P46|P9
5,2,eye__current,logistic_1,8,0.3404428671928149,P18|P19|P2|P20|P22|P24|P30|P33|P35|P36|P43|P48|P8,P12|P27|P3|P4|P40|P46|P9
5,2,eye__current,hgb,1,0.3448410053334556,P18|P19|P2|P20|P22|P24|P30|P33|P35|P36|P43|P48|P8,P12|P27|P3|P4|P40|P46|P9
5,2,eye__current,hgb,4,0.35951591489149654,P18|P19|P2|P20|P22|P24|P30|P33|P35|P36|P43|P48|P8,P12|P27|P3|P4|P40|P46|P9
5,2,eye__current,hgb,8,0.3563690884615304,P18|P19|P2|P20|P22|P24|P30|P33|P35|P36|P43|P48|P8,P12|P27|P3|P4|P40|P46|P9
5,2,eye__current,rbf,1,0.34748387079410226,P18|P19|P2|P20|P22|P24|P30|P33|P35|P36|P43|P48|P8,P12|P27|P3|P4|P40|P46|P9
5,2,eye__current,rbf,4,0.36140524842507865,P18|P19|P2|P20|P22|P24|P30|P33|P35|P36|P43|P48|P8,P12|P27|P3|P4|P40|P46|P9
5,2,eye__current,rbf,8,0.3608966118602024,P18|P19|P2|P20|P22|P24|P30|P33|P35|P36|P43|P48|P8,P12|P27|P3|P4|P40|P46|P9
5,2,eye__recording_8,logistic_0.1,1,0.33561353072408445,P18|P19|P2|P20|P22|P24|P30|P33|P35|P36|P43|P48|P8,P12|P27|P3|P4|P40|P46|P9
5,2,eye__recording_8,logistic_0.1,4,0.33518114108916625,P18|P19|P2|P20|P22|P24|P30|P33|P35|P36|P43|P48|P8,P12|P27|P3|P4|P40|P46|P9
5,2,eye__recording_8,logistic_0.1,8,0.3326718128476366,P18|P19|P2|P20|P22|P24|P30|P33|P35|P36|P43|P48|P8,P12|P27|P3|P4|P40|P46|P9
5,2,eye__recording_8,logistic_1,1,0.3357126871156616,P18|P19|P2|P20|P22|P24|P30|P33|P35|P36|P43|P48|P8,P12|P27|P3|P4|P40|P46|P9
5,2,eye__recording_8,logistic_1,4,0.3387474864937987,P18|P19|P2|P20|P22|P24|P30|P33|P35|P36|P43|P48|P8,P12|P27|P3|P4|P40|P46|P9
5,2,eye__recording_8,logistic_1,8,0.334391751392018,P18|P19|P2|P20|P22|P24|P30|P33|P35|P36|P43|P48|P8,P12|P27|P3|P4|P40|P46|P9
5,2,eye__recording_8,hgb,1,0.33816671572888124,P18|P19|P2|P20|P22|P24|P30|P33|P35|P36|P43|P48|P8,P12|P27|P3|P4|P40|P46|P9
5,2,eye__recording_8,hgb,4,0.3404232293172689,P18|P19|P2|P20|P22|P24|P30|P33|P35|P36|P43|P48|P8,P12|P27|P3|P4|P40|P46|P9
5,2,eye__recording_8,hgb,8,0.3363818363022464,P18|P19|P2|P20|P22|P24|P30|P33|P35|P36|P43|P48|P8,P12|P27|P3|P4|P40|P46|P9
5,2,eye__recording_8,rbf,1,0.3368671979548847,P18|P19|P2|P20|P22|P24|P30|P33|P35|P36|P43|P48|P8,P12|P27|P3|P4|P40|P46|P9
5,2,eye__recording_8,rbf,4,0.33628584815634827,P18|P19|P2|P20|P22|P24|P30|P33|P35|P36|P43|P48|P8,P12|P27|P3|P4|P40|P46|P9
5,2,eye__recording_8,rbf,8,0.3422399295251649,P18|P19|P2|P20|P22|P24|P30|P33|P35|P36|P43|P48|P8,P12|P27|P3|P4|P40|P46|P9
5,2,full__current,logistic_0.1,1,0.3413847562849154,P18|P19|P2|P20|P22|P24|P30|P33|P35|P36|P43|P48|P8,P12|P27|P3|P4|P40|P46|P9
5,2,full__current,logistic_0.1,4,0.34841639551236236,P18|P19|P2|P20|P22|P24|P30|P33|P35|P36|P43|P48|P8,P12|P27|P3|P4|P40|P46|P9
5,2,full__current,logistic_0.1,8,0.35410140650340877,P18|P19|P2|P20|P22|P24|P30|P33|P35|P36|P43|P48|P8,P12|P27|P3|P4|P40|P46|P9
5,2,full__current,logistic_1,1,0.34034156949391015,P18|P19|P2|P20|P22|P24|P30|P33|P35|P36|P43|P48|P8,P12|P27|P3|P4|P40|P46|P9
5,2,full__current,logistic_1,4,0.35075378294115206,P18|P19|P2|P20|P22|P24|P30|P33|P35|P36|P43|P48|P8,P12|P27|P3|P4|P40|P46|P9
5,2,full__current,logistic_1,8,0.3526787712678212,P18|P19|P2|P20|P22|P24|P30|P33|P35|P36|P43|P48|P8,P12|P27|P3|P4|P40|P46|P9
5,2,full__current,hgb,1,0.32362565850477626,P18|P19|P2|P20|P22|P24|P30|P33|P35|P36|P43|P48|P8,P12|P27|P3|P4|P40|P46|P9
5,2,full__current,hgb,4,0.32719710670942365,P18|P19|P2|P20|P22|P24|P30|P33|P35|P36|P43|P48|P8,P12|P27|P3|P4|P40|P46|P9
5,2,full__current,hgb,8,0.33132642373145454,P18|P19|P2|P20|P22|P24|P30|P33|P35|P36|P43|P48|P8,P12|P27|P3|P4|P40|P46|P9
5,2,full__current,rbf,1,0.337293312454732,P18|P19|P2|P20|P22|P24|P30|P33|P35|P36|P43|P48|P8,P12|P27|P3|P4|P40|P46|P9
5,2,full__current,rbf,4,0.3430546615294955,P18|P19|P2|P20|P22|P24|P30|P33|P35|P36|P43|P48|P8,P12|P27|P3|P4|P40|P46|P9
5,2,full__current,rbf,8,0.3440863211648633,P18|P19|P2|P20|P22|P24|P30|P33|P35|P36|P43|P48|P8,P12|P27|P3|P4|P40|P46|P9
5,2,full__recording_8,logistic_0.1,1,0.3367066142322109,P18|P19|P2|P20|P22|P24|P30|P33|P35|P36|P43|P48|P8,P12|P27|P3|P4|P40|P46|P9
5,2,full__recording_8,logistic_0.1,4,0.3408250462412485,P18|P19|P2|P20|P22|P24|P30|P33|P35|P36|P43|P48|P8,P12|P27|P3|P4|P40|P46|P9
5,2,full__recording_8,logistic_0.1,8,0.3507222398336754,P18|P19|P2|P20|P22|P24|P30|P33|P35|P36|P43|P48|P8,P12|P27|P3|P4|P40|P46|P9
5,2,full__recording_8,logistic_1,1,0.33893319465269267,P18|P19|P2|P20|P22|P24|P30|P33|P35|P36|P43|P48|P8,P12|P27|P3|P4|P40|P46|P9
5,2,full__recording_8,logistic_1,4,0.3432012749673076,P18|P19|P2|P20|P22|P24|P30|P33|P35|P36|P43|P48|P8,P12|P27|P3|P4|P40|P46|P9
5,2,full__recording_8,logistic_1,8,0.351558306519464,P18|P19|P2|P20|P22|P24|P30|P33|P35|P36|P43|P48|P8,P12|P27|P3|P4|P40|P46|P9
5,2,full__recording_8,hgb,1,0.3275612533796499,P18|P19|P2|P20|P22|P24|P30|P33|P35|P36|P43|P48|P8,P12|P27|P3|P4|P40|P46|P9
5,2,full__recording_8,hgb,4,0.3255226133325801,P18|P19|P2|P20|P22|P24|P30|P33|P35|P36|P43|P48|P8,P12|P27|P3|P4|P40|P46|P9
5,2,full__recording_8,hgb,8,0.3243482604140864,P18|P19|P2|P20|P22|P24|P30|P33|P35|P36|P43|P48|P8,P12|P27|P3|P4|P40|P46|P9
5,2,full__recording_8,rbf,1,0.3085421536365886,P18|P19|P2|P20|P22|P24|P30|P33|P35|P36|P43|P48|P8,P12|P27|P3|P4|P40|P46|P9
5,2,full__recording_8,rbf,4,0.3253628388597441,P18|P19|P2|P20|P22|P24|P30|P33|P35|P36|P43|P48|P8,P12|P27|P3|P4|P40|P46|P9
5,2,full__recording_8,rbf,8,0.3315803687993641,P18|P19|P2|P20|P22|P24|P30|P33|P35|P36|P43|P48|P8,P12|P27|P3|P4|P40|P46|P9
5,3,eye__current,logistic_0.1,1,0.339099649229343,P12|P20|P24|P27|P3|P30|P33|P36|P4|P40|P46|P48|P8|P9,P18|P19|P2|P22|P35|P43
5,3,eye__current,logistic_0.1,4,0.3394197068457509,P12|P20|P24|P27|P3|P30|P33|P36|P4|P40|P46|P48|P8|P9,P18|P19|P2|P22|P35|P43
5,3,eye__current,logistic_0.1,8,0.33861006440513397,P12|P20|P24|P27|P3|P30|P33|P36|P4|P40|P46|P48|P8|P9,P18|P19|P2|P22|P35|P43
5,3,eye__current,logistic_1,1,0.33543713885921894,P12|P20|P24|P27|P3|P30|P33|P36|P4|P40|P46|P48|P8|P9,P18|P19|P2|P22|P35|P43
5,3,eye__current,logistic_1,4,0.34029829910461346,P12|P20|P24|P27|P3|P30|P33|P36|P4|P40|P46|P48|P8|P9,P18|P19|P2|P22|P35|P43
5,3,eye__current,logistic_1,8,0.3371038679521392,P12|P20|P24|P27|P3|P30|P33|P36|P4|P40|P46|P48|P8|P9,P18|P19|P2|P22|P35|P43
5,3,eye__current,hgb,1,0.33097920437252176,P12|P20|P24|P27|P3|P30|P33|P36|P4|P40|P46|P48|P8|P9,P18|P19|P2|P22|P35|P43
5,3,eye__current,hgb,4,0.33889856898166654,P12|P20|P24|P27|P3|P30|P33|P36|P4|P40|P46|P48|P8|P9,P18|P19|P2|P22|P35|P43
5,3,eye__current,hgb,8,0.3309132375553462,P12|P20|P24|P27|P3|P30|P33|P36|P4|P40|P46|P48|P8|P9,P18|P19|P2|P22|P35|P43
5,3,eye__current,rbf,1,0.337547047184997,P12|P20|P24|P27|P3|P30|P33|P36|P4|P40|P46|P48|P8|P9,P18|P19|P2|P22|P35|P43
5,3,eye__current,rbf,4,0.3477651118877682,P12|P20|P24|P27|P3|P30|P33|P36|P4|P40|P46|P48|P8|P9,P18|P19|P2|P22|P35|P43
5,3,eye__current,rbf,8,0.34295515153517436,P12|P20|P24|P27|P3|P30|P33|P36|P4|P40|P46|P48|P8|P9,P18|P19|P2|P22|P35|P43
5,3,eye__recording_8,logistic_0.1,1,0.3515265511339752,P12|P20|P24|P27|P3|P30|P33|P36|P4|P40|P46|P48|P8|P9,P18|P19|P2|P22|P35|P43
5,3,eye__recording_8,logistic_0.1,4,0.36014835490192665,P12|P20|P24|P27|P3|P30|P33|P36|P4|P40|P46|P48|P8|P9,P18|P19|P2|P22|P35|P43
5,3,eye__recording_8,logistic_0.1,8,0.36245707986572495,P12|P20|P24|P27|P3|P30|P33|P36|P4|P40|P46|P48|P8|P9,P18|P19|P2|P22|P35|P43
5,3,eye__recording_8,logistic_1,1,0.3510781267953789,P12|P20|P24|P27|P3|P30|P33|P36|P4|P40|P46|P48|P8|P9,P18|P19|P2|P22|P35|P43
5,3,eye__recording_8,logistic_1,4,0.3641617493559309,P12|P20|P24|P27|P3|P30|P33|P36|P4|P40|P46|P48|P8|P9,P18|P19|P2|P22|P35|P43
5,3,eye__recording_8,logistic_1,8,0.35737099405134476,P12|P20|P24|P27|P3|P30|P33|P36|P4|P40|P46|P48|P8|P9,P18|P19|P2|P22|P35|P43
5,3,eye__recording_8,hgb,1,0.3401702416394903,P12|P20|P24|P27|P3|P30|P33|P36|P4|P40|P46|P48|P8|P9,P18|P19|P2|P22|P35|P43
5,3,eye__recording_8,hgb,4,0.3431310573584265,P12|P20|P24|P27|P3|P30|P33|P36|P4|P40|P46|P48|P8|P9,P18|P19|P2|P22|P35|P43
5,3,eye__recording_8,hgb,8,0.33911106783570083,P12|P20|P24|P27|P3|P30|P33|P36|P4|P40|P46|P48|P8|P9,P18|P19|P2|P22|P35|P43
5,3,eye__recording_8,rbf,1,0.3405291246240179,P12|P20|P24|P27|P3|P30|P33|P36|P4|P40|P46|P48|P8|P9,P18|P19|P2|P22|P35|P43
5,3,eye__recording_8,rbf,4,0.35265307948675756,P12|P20|P24|P27|P3|P30|P33|P36|P4|P40|P46|P48|P8|P9,P18|P19|P2|P22|P35|P43
5,3,eye__recording_8,rbf,8,0.36006329121445785,P12|P20|P24|P27|P3|P30|P33|P36|P4|P40|P46|P48|P8|P9,P18|P19|P2|P22|P35|P43
5,3,full__current,logistic_0.1,1,0.33997507635411695,P12|P20|P24|P27|P3|P30|P33|P36|P4|P40|P46|P48|P8|P9,P18|P19|P2|P22|P35|P43
5,3,full__current,logistic_0.1,4,0.33790467947629305,P12|P20|P24|P27|P3|P30|P33|P36|P4|P40|P46|P48|P8|P9,P18|P19|P2|P22|P35|P43
5,3,full__current,logistic_0.1,8,0.33642051915557053,P12|P20|P24|P27|P3|P30|P33|P36|P4|P40|P46|P48|P8|P9,P18|P19|P2|P22|P35|P43
5,3,full__current,logistic_1,1,0.3375992333594194,P12|P20|P24|P27|P3|P30|P33|P36|P4|P40|P46|P48|P8|P9,P18|P19|P2|P22|P35|P43
5,3,full__current,logistic_1,4,0.33804864456760114,P12|P20|P24|P27|P3|P30|P33|P36|P4|P40|P46|P48|P8|P9,P18|P19|P2|P22|P35|P43
5,3,full__current,logistic_1,8,0.33967823570957606,P12|P20|P24|P27|P3|P30|P33|P36|P4|P40|P46|P48|P8|P9,P18|P19|P2|P22|P35|P43
5,3,full__current,hgb,1,0.351201228413292,P12|P20|P24|P27|P3|P30|P33|P36|P4|P40|P46|P48|P8|P9,P18|P19|P2|P22|P35|P43
5,3,full__current,hgb,4,0.35362470551311515,P12|P20|P24|P27|P3|P30|P33|P36|P4|P40|P46|P48|P8|P9,P18|P19|P2|P22|P35|P43
5,3,full__current,hgb,8,0.3482798385975944,P12|P20|P24|P27|P3|P30|P33|P36|P4|P40|P46|P48|P8|P9,P18|P19|P2|P22|P35|P43
5,3,full__current,rbf,1,0.3435326075236498,P12|P20|P24|P27|P3|P30|P33|P36|P4|P40|P46|P48|P8|P9,P18|P19|P2|P22|P35|P43
5,3,full__current,rbf,4,0.35222757327291726,P12|P20|P24|P27|P3|P30|P33|P36|P4|P40|P46|P48|P8|P9,P18|P19|P2|P22|P35|P43
5,3,full__current,rbf,8,0.3517479196974402,P12|P20|P24|P27|P3|P30|P33|P36|P4|P40|P46|P48|P8|P9,P18|P19|P2|P22|P35|P43
5,3,full__recording_8,logistic_0.1,1,0.33674470704324105,P12|P20|P24|P27|P3|P30|P33|P36|P4|P40|P46|P48|P8|P9,P18|P19|P2|P22|P35|P43
5,3,full__recording_8,logistic_0.1,4,0.3460681339585396,P12|P20|P24|P27|P3|P30|P33|P36|P4|P40|P46|P48|P8|P9,P18|P19|P2|P22|P35|P43
5,3,full__recording_8,logistic_0.1,8,0.3573754577905242,P12|P20|P24|P27|P3|P30|P33|P36|P4|P40|P46|P48|P8|P9,P18|P19|P2|P22|P35|P43
5,3,full__recording_8,logistic_1,1,0.3353278530139809,P12|P20|P24|P27|P3|P30|P33|P36|P4|P40|P46|P48|P8|P9,P18|P19|P2|P22|P35|P43
5,3,full__recording_8,logistic_1,4,0.34614623738998657,P12|P20|P24|P27|P3|P30|P33|P36|P4|P40|P46|P48|P8|P9,P18|P19|P2|P22|P35|P43
5,3,full__recording_8,logistic_1,8,0.3565409860398228,P12|P20|P24|P27|P3|P30|P33|P36|P4|P40|P46|P48|P8|P9,P18|P19|P2|P22|P35|P43
5,3,full__recording_8,hgb,1,0.356404241751807,P12|P20|P24|P27|P3|P30|P33|P36|P4|P40|P46|P48|P8|P9,P18|P19|P2|P22|P35|P43
5,3,full__recording_8,hgb,4,0.3638594279964078,P12|P20|P24|P27|P3|P30|P33|P36|P4|P40|P46|P48|P8|P9,P18|P19|P2|P22|P35|P43
5,3,full__recording_8,hgb,8,0.363480660742087,P12|P20|P24|P27|P3|P30|P33|P36|P4|P40|P46|P48|P8|P9,P18|P19|P2|P22|P35|P43
5,3,full__recording_8,rbf,1,0.341797595681403,P12|P20|P24|P27|P3|P30|P33|P36|P4|P40|P46|P48|P8|P9,P18|P19|P2|P22|P35|P43
5,3,full__recording_8,rbf,4,0.3539804869829333,P12|P20|P24|P27|P3|P30|P33|P36|P4|P40|P46|P48|P8|P9,P18|P19|P2|P22|P35|P43
5,3,full__recording_8,rbf,8,0.3576481425193374,P12|P20|P24|P27|P3|P30|P33|P36|P4|P40|P46|P48|P8|P9,P18|P19|P2|P22|P35|P43
